run_id,exp_id,model,accuracy,duration,when
0,0,rf,0.512,83.2,2025-01-01 00:00:00
1,1,xgb,0.568,31.6,2025-01-01 00:01:00
2,2,rf,0.789,10.5,2025-01-01 00:02:00
3,3,rf,0.607,152.1,2025-01-01 00:03:00
4,4,rf,0.775,215.1,2025-01-01 00:04:00
5,5,logreg,0.608,177.2,2025-01-01 00:05:00
6,6,rf,0.872,48.7,2025-01-01 00:06:00
7,7,logreg,0.667,47.5,2025-01-01 00:07:00
8,8,svm,0.55,114.6,2025-01-01 00:08:00
9,9,svm,0.915,181.5,2025-01-01 00:09:00
10,10,rf,,161.3,2025-01-01 00:10:00
11,11,logreg,0.539,88.7,2025-01-01 00:11:00
12,12,svm,0.783,211.7,2025-01-01 00:12:00
13,13,rf,0.824,232.1,2025-01-01 00:13:00
14,14,rf,0.919,260.1,2025-01-01 00:14:00
15,15,logreg,0.636,191.1,2025-01-01 00:15:00
16,16,svm,0.58,107.2,2025-01-01 00:16:00
17,17,svm,0.844,205.4,2025-01-01 00:17:00
18,18,rf,0.798,52.2,2025-01-01 00:18:00
19,19,xgb,0.58,114.5,2025-01-01 00:19:00
20,20,xgb,0.835,253.0,2025-01-01 00:20:00
21,21,rf,0.612,10.6,2025-01-01 00:21:00
22,22,svm,0.697,20.8,2025-01-01 00:22:00
23,23,svm,0.604,150.3,2025-01-01 00:23:00
24,24,logreg,0.57,42.7,2025-01-01 00:24:00
25,25,svm,0.866,129.1,2025-01-01 00:25:00
26,26,logreg,0.677,299.2,2025-01-01 00:26:00
27,27,xgb,0.75,28.2,2025-01-01 00:27:00
28,28,rf,0.922,46.7,2025-01-01 00:28:00
29,29,xgb,0.888,127.2,2025-01-01 00:29:00
30,30,rf,0.689,179.2,2025-01-01 00:30:00
31,31,logreg,0.759,291.4,2025-01-01 00:31:00
32,32,rf,0.833,35.3,2025-01-01 00:32:00
33,33,svm,0.877,102.7,2025-01-01 00:33:00
34,34,svm,0.713,136.7,2025-01-01 00:34:00
35,35,svm,0.976,228.8,2025-01-01 00:35:00
36,36,rf,0.927,90.2,2025-01-01 00:36:00
37,37,xgb,0.575,229.0,2025-01-01 00:37:00
38,38,rf,0.793,147.1,2025-01-01 00:38:00
39,39,rf,0.955,263.7,2025-01-01 00:39:00
40,40,svm,0.617,73.0,2025-01-01 00:40:00
41,41,rf,0.542,146.3,2025-01-01 00:41:00
42,42,rf,0.979,160.3,2025-01-01 00:42:00
43,43,xgb,0.563,143.1,2025-01-01 00:43:00
44,44,xgb,0.63,261.9,2025-01-01 00:44:00
45,45,logreg,0.973,278.7,2025-01-01 00:45:00
46,46,xgb,0.849,120.3,2025-01-01 00:46:00
47,47,svm,0.715,155.8,2025-01-01 00:47:00
48,48,rf,0.621,20.1,2025-01-01 00:48:00
49,49,rf,0.788,69.8,2025-01-01 00:49:00
50,50,xgb,0.504,212.6,2025-01-01 00:50:00
51,51,rf,0.612,271.7,2025-01-01 00:51:00
52,52,svm,0.535,72.2,2025-01-01 00:52:00
53,53,logreg,0.605,40.6,2025-01-01 00:53:00
54,54,logreg,0.619,142.4,2025-01-01 00:54:00
55,55,logreg,0.593,30.0,2025-01-01 00:55:00
56,56,logreg,0.674,123.9,2025-01-01 00:56:00
57,57,rf,0.83,295.3,2025-01-01 00:57:00
58,58,rf,0.53,218.7,2025-01-01 00:58:00
59,59,rf,0.622,57.9,2025-01-01 00:59:00
60,60,logreg,0.569,55.9,2025-01-01 01:00:00
61,61,logreg,0.622,277.1,2025-01-01 01:01:00
62,62,logreg,0.896,256.9,2025-01-01 01:02:00
63,63,rf,0.525,299.8,2025-01-01 01:03:00
64,64,rf,0.975,278.0,2025-01-01 01:04:00
65,65,xgb,0.581,146.2,2025-01-01 01:05:00
66,66,xgb,0.924,270.8,2025-01-01 01:06:00
67,67,xgb,0.686,295.6,2025-01-01 01:07:00
68,68,svm,0.954,235.8,2025-01-01 01:08:00
69,69,svm,0.707,287.2,2025-01-01 01:09:00
70,70,logreg,0.576,89.7,2025-01-01 01:10:00
71,71,rf,0.784,163.1,2025-01-01 01:11:00
72,72,svm,0.528,175.7,2025-01-01 01:12:00
73,73,xgb,0.528,152.8,2025-01-01 01:13:00
74,74,xgb,0.534,21.3,2025-01-01 01:14:00
75,75,xgb,0.698,282.5,2025-01-01 01:15:00
76,76,xgb,0.784,12.9,2025-01-01 01:16:00
77,77,rf,0.705,175.5,2025-01-01 01:17:00
78,78,svm,0.958,62.1,2025-01-01 01:18:00
79,79,svm,0.617,119.3,2025-01-01 01:19:00
80,80,svm,0.724,278.8,2025-01-01 01:20:00
81,81,rf,0.505,186.7,2025-01-01 01:21:00
82,82,rf,0.536,64.7,2025-01-01 01:22:00
83,83,svm,0.565,105.4,2025-01-01 01:23:00
84,84,rf,0.931,111.5,2025-01-01 01:24:00
85,85,xgb,0.715,163.4,2025-01-01 01:25:00
86,86,svm,0.8,296.2,2025-01-01 01:26:00
87,87,rf,0.827,166.8,2025-01-01 01:27:00
88,88,rf,0.96,41.2,2025-01-01 01:28:00
89,89,rf,0.936,223.0,2025-01-01 01:29:00
90,90,xgb,0.633,181.8,2025-01-01 01:30:00
91,91,svm,0.6,190.6,2025-01-01 01:31:00
92,92,svm,0.748,76.1,2025-01-01 01:32:00
93,93,rf,0.545,127.6,2025-01-01 01:33:00
94,94,svm,0.522,100.7,2025-01-01 01:34:00
95,95,xgb,0.812,79.3,2025-01-01 01:35:00
96,96,logreg,0.77,128.9,2025-01-01 01:36:00
97,97,rf,0.555,283.6,2025-01-01 01:37:00
98,98,xgb,0.767,250.5,2025-01-01 01:38:00
99,99,xgb,0.711,13.5,2025-01-01 01:39:00
100,100,svm,0.941,239.0,2025-01-07 06:00:00
101,101,rf,0.94,63.8,2025-01-01 01:41:00
102,102,xgb,0.827,106.7,2025-01-01 01:42:00
103,103,logreg,0.977,225.1,2025-01-01 01:43:00
104,104,xgb,0.924,292.9,2025-01-01 01:44:00
105,105,xgb,0.932,8.4,2025-01-01 01:45:00
106,106,svm,0.883,124.1,2025-01-01 01:46:00
107,107,xgb,0.631,236.4,2025-01-01 01:47:00
108,108,rf,0.687,12.6,2025-01-01 01:48:00
109,109,logreg,0.609,245.2,2025-01-01 01:49:00
110,110,logreg,0.671,246.3,2025-01-01 01:50:00
111,111,xgb,0.609,198.3,2025-01-01 01:51:00
112,112,logreg,0.661,259.4,2025-01-01 01:52:00
113,113,svm,0.672,153.3,2025-01-01 01:53:00
114,114,svm,0.96,35.5,2025-01-01 01:54:00
115,115,svm,0.587,288.8,2025-01-01 01:55:00
116,116,svm,0.519,179.4,2025-01-01 01:56:00
117,117,svm,0.857,94.8,2025-01-01 01:57:00
118,118,rf,0.689,173.4,2025-01-01 01:58:00
119,119,svm,0.522,131.4,2025-01-01 01:59:00
120,120,xgb,0.678,21.9,2025-01-01 02:00:00
121,121,svm,0.805,199.4,2025-01-01 02:01:00
122,122,rf,0.853,90.8,2025-01-01 02:02:00
123,123,svm,0.827,98.5,2025-01-01 02:03:00
124,124,svm,0.772,58.4,2025-01-01 02:04:00
125,125,logreg,0.832,270.9,2025-01-01 02:05:00
126,126,svm,0.699,250.3,2025-01-01 02:06:00
127,127,svm,0.641,129.5,2025-01-01 02:07:00
128,128,svm,0.728,133.2,2025-01-01 02:08:00
129,129,xgb,0.75,238.3,2025-01-01 02:09:00
130,130,xgb,0.823,85.9,2025-01-01 02:10:00
131,131,svm,0.546,285.6,2025-01-01 02:11:00
132,132,xgb,0.83,68.2,2025-01-01 02:12:00
133,133,xgb,0.572,14.8,2025-01-01 02:13:00
134,134,logreg,0.8,230.8,2025-01-01 02:14:00
135,135,logreg,0.703,189.3,2025-01-01 02:15:00
136,136,xgb,0.852,115.8,2025-01-01 02:16:00
137,137,logreg,0.62,197.2,2025-01-01 02:17:00
138,138,rf,0.937,258.3,2025-01-01 02:18:00
139,139,rf,0.881,66.4,2025-01-01 02:19:00
140,140,logreg,0.525,75.5,2025-01-01 02:20:00
141,141,rf,0.724,240.6,2025-01-01 02:21:00
142,142,svm,0.966,267.5,2025-01-01 02:22:00
143,143,logreg,0.907,164.8,2025-01-01 02:23:00
144,144,xgb,0.864,142.9,2025-01-01 02:24:00
145,145,svm,0.868,252.1,2025-01-01 02:25:00
146,146,svm,0.875,156.9,2025-01-01 02:26:00
147,147,xgb,0.635,24.2,2025-01-01 02:27:00
148,148,svm,0.615,101.4,2025-01-01 02:28:00
149,149,rf,0.568,70.1,2025-01-01 02:29:00
150,150,xgb,0.846,20.2,2025-01-01 02:30:00
151,151,logreg,0.662,140.3,2025-01-01 02:31:00
152,152,rf,0.601,126.6,2025-01-01 02:32:00
153,153,rf,0.92,229.9,2025-01-01 02:33:00
154,154,logreg,0.734,282.9,2025-01-01 02:34:00
155,155,svm,0.869,256.2,2025-01-01 02:35:00
156,156,logreg,0.764,220.7,2025-01-01 02:36:00
157,157,xgb,0.739,82.6,2025-01-01 02:37:00
158,158,logreg,0.514,101.5,2025-01-01 02:38:00
159,159,logreg,0.855,252.3,2025-01-01 02:39:00
160,160,xgb,0.981,160.7,2025-01-01 02:40:00
161,161,logreg,0.79,199.2,2025-01-01 02:41:00
162,162,rf,0.815,41.6,2025-01-01 02:42:00
163,163,logreg,0.589,78.8,2025-01-01 02:43:00
164,164,svm,0.604,98.7,2025-01-01 02:44:00
165,165,logreg,0.636,285.4,2025-01-01 02:45:00
166,166,logreg,0.624,25.5,2025-01-01 02:46:00
167,167,rf,0.867,16.6,2025-01-01 02:47:00
168,168,svm,0.61,21.5,2025-01-01 02:48:00
169,169,rf,0.87,284.9,2025-01-01 02:49:00
170,170,xgb,0.911,186.8,2025-01-01 02:50:00
171,171,xgb,0.562,201.2,2025-01-01 02:51:00
172,172,xgb,0.728,77.6,2025-01-01 02:52:00
173,173,svm,0.582,182.6,2025-01-01 02:53:00
174,174,rf,0.881,50.0,2025-01-01 02:54:00
175,175,svm,0.553,8.7,2025-01-01 02:55:00
176,176,svm,0.782,272.5,2025-01-01 02:56:00
177,177,logreg,0.694,214.8,2025-01-01 02:57:00
178,178,rf,0.79,249.3,2025-01-01 02:58:00
179,179,xgb,0.55,232.0,2025-01-01 02:59:00
180,180,rf,0.89,170.2,2025-01-01 03:00:00
181,181,rf,0.67,129.1,2025-01-01 03:01:00
182,182,svm,0.534,194.6,2025-01-01 03:02:00
183,183,rf,0.916,246.9,2025-01-01 03:03:00
184,184,rf,0.712,109.3,2025-01-01 03:04:00
185,185,logreg,0.847,131.2,2025-01-01 03:05:00
186,186,svm,0.802,276.0,2025-01-01 03:06:00
187,187,logreg,0.728,247.9,2025-01-01 03:07:00
188,188,svm,0.658,74.4,2025-01-01 03:08:00
189,189,rf,0.637,135.8,2025-01-01 03:09:00
190,190,logreg,0.779,200.8,2025-01-01 03:10:00
191,191,svm,0.514,255.4,2025-01-01 03:11:00
192,192,xgb,0.739,107.1,2025-01-01 03:12:00
193,193,svm,0.667,264.2,2025-01-01 03:13:00
194,194,svm,0.772,155.5,2025-01-01 03:14:00
195,195,xgb,0.542,216.3,2025-01-01 03:15:00
196,196,logreg,0.772,72.9,2025-01-01 03:16:00
197,197,logreg,0.816,147.8,2025-01-01 03:17:00
198,198,rf,0.546,67.3,2025-01-01 03:18:00
199,199,xgb,0.65,174.9,2025-01-01 03:19:00
200,0,logreg,0.771,103.8,2025-01-01 03:20:00
201,1,svm,0.672,136.7,2025-01-01 03:21:00
202,2,svm,0.623,37.1,2025-01-01 03:22:00
203,3,xgb,0.655,223.1,2025-01-01 03:23:00
204,4,xgb,0.594,221.8,2025-01-01 03:24:00
205,5,svm,0.855,293.0,2025-01-01 03:25:00
206,6,svm,0.98,250.0,2025-01-01 03:26:00
207,7,svm,0.611,54.7,2025-01-01 03:27:00
208,8,rf,0.847,38.8,2025-01-01 03:28:00
209,9,rf,0.977,166.5,2025-01-01 03:29:00
210,10,xgb,0.813,226.1,2025-01-01 03:30:00
211,11,rf,0.928,172.6,2025-01-01 03:31:00
212,12,logreg,0.735,102.9,2025-01-01 03:32:00
213,13,rf,0.624,258.7,2025-01-01 03:33:00
214,14,rf,0.903,120.8,2025-01-01 03:34:00
215,15,rf,0.783,206.2,2025-01-01 03:35:00
216,16,xgb,0.573,169.3,2025-01-01 03:36:00
217,17,svm,0.542,75.2,2025-01-01 03:37:00
218,18,logreg,0.797,237.4,2025-01-01 03:38:00
219,19,xgb,0.88,114.7,2025-01-01 03:39:00
220,20,logreg,0.646,177.0,2025-01-01 03:40:00
221,21,logreg,0.65,186.7,2025-01-01 03:41:00
222,22,rf,0.964,63.1,2025-01-01 03:42:00
223,23,xgb,0.63,25.3,2025-01-01 03:43:00
224,24,xgb,0.585,23.4,2025-01-01 03:44:00
225,25,rf,0.7,207.1,2025-01-01 03:45:00
226,26,logreg,0.643,70.2,2025-01-01 03:46:00
227,27,svm,0.844,136.8,2025-01-01 03:47:00
228,28,xgb,0.953,236.6,2025-01-01 03:48:00
229,29,xgb,0.708,163.8,2025-01-01 03:49:00
230,30,xgb,0.945,248.2,2025-01-01 03:50:00
231,31,rf,0.529,238.0,2025-01-01 03:51:00
232,32,svm,0.715,141.1,2025-01-01 03:52:00
233,33,svm,0.843,282.9,2025-01-01 03:53:00
234,34,logreg,0.715,179.8,2025-01-01 03:54:00
235,35,logreg,0.86,181.5,2025-01-01 03:55:00
236,36,rf,0.545,288.6,2025-01-01 03:56:00
237,37,rf,0.99,202.0,2025-01-01 03:57:00
238,38,svm,0.782,229.2,2025-01-01 03:58:00
239,39,xgb,0.731,195.8,2025-01-01 03:59:00
240,40,svm,0.589,176.0,2025-01-01 04:00:00
241,41,logreg,0.975,141.5,2025-01-01 04:01:00
242,42,logreg,0.663,201.4,2025-01-01 04:02:00
243,43,xgb,0.662,208.4,2025-01-01 04:03:00
244,44,svm,0.825,120.7,2025-01-01 04:04:00
245,45,rf,0.723,95.0,2025-01-01 04:05:00
246,46,svm,0.557,232.0,2025-01-01 04:06:00
247,47,rf,0.822,163.2,2025-01-01 04:07:00
248,48,logreg,0.527,156.0,2025-01-01 04:08:00
249,49,logreg,0.806,228.2,2025-01-01 04:09:00
250,50,xgb,0.631,40.2,2025-01-01 04:10:00
251,51,svm,0.715,209.8,2025-01-01 04:11:00
252,52,rf,0.514,189.4,2025-01-01 04:12:00
253,53,xgb,0.848,93.9,2025-01-01 04:13:00
254,54,rf,0.771,28.9,2025-01-01 04:14:00
255,55,rf,0.726,36.1,2025-01-01 04:15:00
256,56,xgb,0.744,215.3,2025-01-01 04:16:00
257,57,svm,0.704,145.3,2025-01-01 04:17:00
258,58,logreg,0.619,165.8,2025-01-01 04:18:00
259,59,logreg,0.593,180.2,2025-01-01 04:19:00
260,60,xgb,0.923,83.6,2025-01-01 04:20:00
261,61,logreg,0.667,236.5,2025-01-01 04:21:00
262,62,svm,0.902,85.6,2025-01-01 04:22:00
263,63,svm,0.91,174.4,2025-01-01 04:23:00
264,64,logreg,0.924,134.5,2025-01-01 04:24:00
265,65,logreg,0.669,166.0,2025-01-01 04:25:00
266,66,logreg,0.723,97.2,2025-01-01 04:26:00
267,67,xgb,0.981,72.4,2025-01-01 04:27:00
268,68,logreg,0.614,232.9,2025-01-01 04:28:00
269,69,rf,0.656,142.4,2025-01-01 04:29:00
270,70,logreg,0.689,199.4,2025-01-01 04:30:00
271,71,xgb,0.743,12.1,2025-01-01 04:31:00
272,72,svm,0.926,262.4,2025-01-01 04:32:00
273,73,logreg,0.549,273.2,2025-01-01 04:33:00
274,74,rf,0.854,123.6,2025-01-01 04:34:00
275,75,xgb,0.537,234.7,2025-01-01 04:35:00
276,76,svm,0.666,208.1,2025-01-01 04:36:00
277,77,rf,0.917,255.9,2025-01-01 04:37:00
278,78,logreg,0.968,188.4,2025-01-01 04:38:00
279,79,logreg,0.927,11.7,2025-01-01 04:39:00
280,80,rf,0.615,205.6,2025-01-01 04:40:00
281,81,svm,0.989,224.3,2025-01-01 04:41:00
282,82,logreg,0.979,228.4,2025-01-01 04:42:00
283,83,rf,0.717,208.5,2025-01-01 04:43:00
284,84,rf,0.523,239.0,2025-01-01 04:44:00
285,85,svm,0.676,129.8,2025-01-01 04:45:00
286,86,xgb,0.76,170.2,2025-01-01 04:46:00
287,87,xgb,0.583,24.6,2025-01-01 04:47:00
288,88,logreg,0.804,73.0,2025-01-01 04:48:00
289,89,xgb,0.614,191.7,2025-01-01 04:49:00
290,90,logreg,0.625,3.8,2025-01-01 04:50:00
291,91,logreg,0.942,203.6,2025-01-01 04:51:00
292,92,xgb,0.536,283.6,2025-01-01 04:52:00
293,93,svm,0.813,127.9,2025-01-01 04:53:00
294,94,svm,0.724,91.3,2025-01-01 04:54:00
295,95,logreg,0.918,32.9,2025-01-01 04:55:00
296,96,logreg,0.78,172.9,2025-01-01 04:56:00
297,97,svm,0.511,249.2,2025-01-01 04:57:00
298,98,logreg,0.634,170.2,2025-01-01 04:58:00
299,99,rf,0.946,223.8,2025-01-01 04:59:00
300,100,svm,0.88,69.8,2025-01-01 05:00:00
301,101,svm,0.607,57.8,2025-01-01 05:01:00
302,102,svm,0.832,216.6,2025-01-01 05:02:00
303,103,xgb,0.808,271.1,2025-01-01 05:03:00
304,104,rf,0.651,132.8,2025-01-01 05:04:00
305,105,svm,0.859,27.9,2025-01-01 05:05:00
306,106,svm,0.66,125.2,2025-01-01 05:06:00
307,107,xgb,0.565,162.3,2025-01-01 05:07:00
308,108,svm,0.76,274.1,2025-01-01 05:08:00
309,109,xgb,0.626,247.6,2025-01-01 05:09:00
310,110,logreg,0.974,89.2,2025-01-01 05:10:00
311,111,svm,0.894,141.0,2025-01-01 05:11:00
312,112,rf,0.569,290.0,2025-01-01 05:12:00
313,113,logreg,0.974,241.6,2025-01-01 05:13:00
314,114,svm,0.544,119.0,2025-01-01 05:14:00
315,115,svm,0.763,137.0,2025-01-01 05:15:00
316,116,svm,0.786,246.9,2025-01-01 05:16:00
317,117,svm,0.553,70.9,2025-01-01 05:17:00
318,118,rf,0.804,283.0,2025-01-01 05:18:00
319,119,svm,0.948,67.2,2025-01-01 05:19:00
320,120,rf,0.811,139.8,2025-01-01 05:20:00
321,121,svm,0.818,35.9,2025-01-01 05:21:00
322,122,rf,0.964,92.0,2025-01-01 05:22:00
323,123,logreg,0.557,71.2,2025-01-01 05:23:00
324,124,xgb,0.69,111.9,2025-01-01 05:24:00
325,125,logreg,0.788,218.3,2025-01-01 05:25:00
326,126,logreg,0.821,250.3,2025-01-01 05:26:00
327,127,logreg,0.96,84.6,2025-01-01 05:27:00
328,128,svm,0.606,134.0,2025-01-01 05:28:00
329,129,xgb,0.919,30.7,2025-01-01 05:29:00
330,130,svm,0.767,293.4,2025-01-01 05:30:00
331,131,svm,0.53,83.5,2025-01-01 05:31:00
332,132,rf,0.965,247.4,2025-01-01 05:32:00
333,133,rf,0.825,192.9,2025-01-01 05:33:00
334,134,rf,0.525,100.7,2025-01-01 05:34:00
335,135,xgb,0.886,62.4,2025-01-01 05:35:00
336,136,xgb,0.787,244.1,2025-01-01 05:36:00
337,137,xgb,0.661,45.1,2025-01-01 05:37:00
338,138,rf,0.636,295.2,2025-01-01 05:38:00
339,139,xgb,0.765,239.8,2025-01-01 05:39:00
340,140,rf,0.824,8.7,2025-01-01 05:40:00
341,141,rf,0.676,236.7,2025-01-01 05:41:00
342,142,svm,0.508,80.3,2025-01-01 05:42:00
343,143,xgb,0.863,158.3,2025-01-01 05:43:00
344,144,rf,0.733,233.6,2025-01-01 05:44:00
345,145,rf,0.721,67.2,2025-01-01 05:45:00
346,146,rf,0.856,272.7,2025-01-01 05:46:00
347,147,svm,0.724,289.2,2025-01-01 05:47:00
348,148,rf,0.989,254.3,2025-01-01 05:48:00
349,149,logreg,0.836,147.6,2025-01-01 05:49:00
350,150,logreg,0.536,25.2,2025-01-01 05:50:00
351,151,xgb,0.532,83.2,2025-01-01 05:51:00
352,152,svm,0.687,179.6,2025-01-01 05:52:00
353,153,svm,0.722,182.0,2025-01-01 05:53:00
354,154,rf,0.889,35.2,2025-01-01 05:54:00
355,155,xgb,0.711,266.5,2025-01-01 05:55:00
356,156,logreg,0.666,136.6,2025-01-01 05:56:00
357,157,logreg,0.858,94.5,2025-01-01 05:57:00
358,158,svm,0.826,112.9,2025-01-01 05:58:00
359,159,xgb,0.837,142.8,2025-01-01 05:59:00
360,160,rf,0.908,28.9,2025-01-01 06:00:00
361,161,rf,0.865,112.4,2025-01-01 06:01:00
362,162,xgb,0.773,176.4,2025-01-01 06:02:00
363,163,svm,0.828,123.8,2025-01-01 06:03:00
364,164,logreg,0.925,216.6,2025-01-01 06:04:00
365,165,svm,0.794,106.1,2025-01-01 06:05:00
366,166,xgb,0.576,145.2,2025-01-01 06:06:00
367,167,rf,0.672,167.3,2025-01-01 06:07:00
368,168,rf,0.874,172.7,2025-01-01 06:08:00
369,169,logreg,0.914,292.4,2025-01-01 06:09:00
370,170,rf,0.798,197.7,2025-01-01 06:10:00
371,171,svm,0.514,82.7,2025-01-01 06:11:00
372,172,svm,0.952,106.0,2025-01-01 06:12:00
373,173,xgb,0.926,170.3,2025-01-01 06:13:00
374,174,logreg,0.534,222.5,2025-01-01 06:14:00
375,175,rf,0.545,159.6,2025-01-01 06:15:00
376,176,logreg,0.706,102.9,2025-01-01 06:16:00
377,177,svm,0.653,98.0,2025-01-01 06:17:00
378,178,rf,0.933,47.5,2025-01-01 06:18:00
379,179,rf,0.83,82.4,2025-01-01 06:19:00
380,180,logreg,0.738,133.2,2025-01-01 06:20:00
381,181,svm,0.606,154.2,2025-01-01 06:21:00
382,182,svm,0.711,85.7,2025-01-01 06:22:00
383,183,logreg,0.758,93.2,2025-01-01 06:23:00
384,184,xgb,0.694,180.2,2025-01-01 06:24:00
385,185,rf,0.6,283.7,2025-01-01 06:25:00
386,186,xgb,0.874,87.5,2025-01-01 06:26:00
387,187,rf,0.504,224.4,2025-01-01 06:27:00
388,188,xgb,0.563,160.2,2025-01-01 06:28:00
389,189,xgb,0.745,250.2,2025-01-01 06:29:00
390,190,svm,0.535,258.7,2025-01-01 06:30:00
391,191,rf,0.714,138.5,2025-01-01 06:31:00
392,192,rf,0.922,173.2,2025-01-01 06:32:00
393,193,logreg,0.848,125.9,2025-01-01 06:33:00
394,194,rf,0.698,289.9,2025-01-01 06:34:00
395,195,xgb,0.893,185.8,2025-01-01 06:35:00
396,196,svm,0.543,253.5,2025-01-01 06:36:00
397,197,xgb,0.713,120.7,2025-01-01 06:37:00
398,198,rf,0.694,93.8,2025-01-01 06:38:00
399,199,svm,0.609,234.0,2025-01-01 06:39:00
400,0,rf,0.75,35.1,2025-01-01 06:40:00
401,1,xgb,0.944,105.5,2025-01-01 06:41:00
402,2,xgb,0.616,44.8,2025-01-01 06:42:00
403,3,xgb,0.585,46.7,2025-01-01 06:43:00
404,4,rf,0.587,232.1,2025-01-01 06:44:00
405,5,logreg,0.727,169.6,2025-01-01 06:45:00
406,6,logreg,0.834,264.7,2025-01-01 06:46:00
407,7,svm,0.923,188.5,2025-01-01 06:47:00
408,8,xgb,0.715,141.2,2025-01-01 06:48:00
409,9,svm,0.89,177.8,2025-01-01 06:49:00
410,10,svm,0.749,93.8,2025-01-01 06:50:00
411,11,logreg,0.518,111.3,2025-01-01 06:51:00
412,12,svm,0.538,259.4,2025-01-01 06:52:00
413,13,rf,0.801,152.6,2025-01-01 06:53:00
414,14,logreg,0.784,286.3,2025-01-01 06:54:00
415,15,rf,0.72,243.1,2025-01-01 06:55:00
416,16,xgb,0.658,143.2,2025-01-01 06:56:00
417,17,xgb,0.969,135.7,2025-01-01 06:57:00
418,18,svm,0.981,26.2,2025-01-01 06:58:00
419,19,xgb,0.519,212.6,2025-01-01 06:59:00
420,20,logreg,0.757,183.3,2025-01-01 07:00:00
421,21,svm,0.683,85.6,2025-01-01 07:01:00
422,22,logreg,0.879,204.0,2025-01-01 07:02:00
423,23,rf,0.887,194.5,2025-01-01 07:03:00
424,24,rf,0.662,167.8,2025-01-01 07:04:00
425,25,logreg,0.639,217.4,2025-01-01 07:05:00
426,26,xgb,0.663,175.2,2025-01-01 07:06:00
427,27,xgb,0.949,93.8,2025-01-01 07:07:00
428,28,logreg,0.563,212.9,2025-01-01 07:08:00
429,29,rf,0.652,113.6,2025-01-01 07:09:00
430,30,svm,0.898,201.4,2025-01-01 07:10:00
431,31,rf,0.817,127.6,2025-01-01 07:11:00
432,32,svm,0.509,93.4,2025-01-01 07:12:00
433,33,xgb,0.667,230.1,2025-01-01 07:13:00
434,34,xgb,0.611,42.1,2025-01-01 07:14:00
435,35,rf,0.645,236.6,2025-01-01 07:15:00
436,36,rf,0.824,263.0,2025-01-01 07:16:00
437,37,xgb,0.793,47.1,2025-01-01 07:17:00
438,38,xgb,0.907,231.6,2025-01-01 07:18:00
439,39,xgb,0.853,14.1,2025-01-01 07:19:00
440,40,svm,0.831,72.0,2025-01-01 07:20:00
441,41,logreg,0.799,226.0,2025-01-01 07:21:00
442,42,logreg,0.615,72.5,2025-01-01 07:22:00
443,43,logreg,0.943,59.0,2025-01-01 07:23:00
444,44,logreg,0.726,85.2,2025-01-01 07:24:00
445,45,logreg,0.746,126.2,2025-01-01 07:25:00
446,46,xgb,0.9,240.6,2025-01-01 07:26:00
447,47,xgb,0.928,16.6,2025-01-01 07:27:00
448,48,logreg,0.928,166.8,2025-01-01 07:28:00
449,49,rf,0.849,155.3,2025-01-01 07:29:00
450,50,rf,0.64,229.2,2025-01-01 07:30:00
451,51,svm,0.72,154.5,2025-01-01 07:31:00
452,52,logreg,0.545,273.2,2025-01-01 07:32:00
453,53,logreg,0.933,279.2,2025-01-01 07:33:00
454,54,logreg,0.526,151.1,2025-01-01 07:34:00
455,55,xgb,0.689,25.4,2025-01-01 07:35:00
456,56,xgb,0.514,279.3,2025-01-01 07:36:00
457,57,svm,0.888,42.1,2025-01-01 07:37:00
458,58,svm,0.95,142.3,2025-01-01 07:38:00
459,59,xgb,0.872,141.3,2025-01-01 07:39:00
460,60,rf,0.944,6.7,2025-01-01 07:40:00
461,61,xgb,0.909,165.1,2025-01-01 07:41:00
462,62,logreg,0.554,87.1,2025-01-01 07:42:00
463,63,svm,0.56,72.3,2025-01-01 07:43:00
464,64,logreg,0.531,251.2,2025-01-01 07:44:00
465,65,logreg,0.792,5.9,2025-01-01 07:45:00
466,66,xgb,0.852,88.1,2025-01-01 07:46:00
467,67,rf,0.801,72.9,2025-01-01 07:47:00
468,68,logreg,0.592,200.8,2025-01-01 07:48:00
469,69,svm,0.533,158.3,2025-01-01 07:49:00
470,70,rf,0.691,141.6,2025-01-01 07:50:00
471,71,logreg,0.981,76.8,2025-01-01 07:51:00
472,72,rf,0.675,21.2,2025-01-01 07:52:00
473,73,xgb,0.859,188.8,2025-01-01 07:53:00
474,74,svm,0.565,106.3,2025-01-01 07:54:00
475,75,svm,0.899,53.4,2025-01-01 07:55:00
476,76,logreg,0.981,144.1,2025-01-01 07:56:00
477,77,xgb,0.898,19.9,2025-01-01 07:57:00
478,78,logreg,0.518,61.3,2025-01-01 07:58:00
479,79,xgb,0.934,95.4,2025-01-01 07:59:00
480,80,svm,0.753,296.7,2025-01-01 08:00:00
481,81,logreg,0.624,226.2,2025-01-01 08:01:00
482,82,xgb,0.64,258.8,2025-01-01 08:02:00
483,83,rf,0.924,100.2,2025-01-01 08:03:00
484,84,rf,0.892,131.6,2025-01-01 08:04:00
485,85,logreg,0.864,268.5,2025-01-01 08:05:00
486,86,logreg,0.666,56.9,2025-01-01 08:06:00
487,87,logreg,0.68,239.4,2025-01-01 08:07:00
488,88,svm,0.893,218.4,2025-01-01 08:08:00
489,89,rf,0.711,298.5,2025-01-01 08:09:00
490,90,xgb,0.767,97.0,2025-01-01 08:10:00
491,91,rf,0.661,89.4,2025-01-01 08:11:00
492,92,logreg,0.795,128.4,2025-01-01 08:12:00
493,93,logreg,0.672,13.7,2025-01-01 08:13:00
494,94,svm,0.801,131.0,2025-01-01 08:14:00
495,95,rf,0.537,191.6,2025-01-01 08:15:00
496,96,svm,0.751,225.2,2025-01-01 08:16:00
497,97,xgb,0.967,43.7,2025-01-01 08:17:00
498,98,logreg,0.517,21.1,2025-01-01 08:18:00
499,99,svm,0.677,284.9,2025-01-01 08:19:00
500,100,rf,,204.0,2025-01-01 08:20:00
501,101,svm,0.682,229.2,2025-01-01 08:21:00
502,102,xgb,0.759,120.0,2025-01-01 08:22:00
503,103,svm,0.622,34.9,2025-01-01 08:23:00
504,104,xgb,0.745,116.7,2025-01-01 08:24:00
505,105,rf,0.628,78.8,2025-01-01 08:25:00
506,106,logreg,0.605,184.0,2025-01-01 08:26:00
507,107,logreg,0.598,41.6,2025-01-01 08:27:00
508,108,rf,0.722,269.7,2025-01-01 08:28:00
509,109,logreg,0.989,243.3,2025-01-01 08:29:00
510,110,svm,0.827,213.2,2025-01-01 08:30:00
511,111,svm,0.937,255.6,2025-01-01 08:31:00
512,112,xgb,0.889,153.1,2025-01-01 08:32:00
513,113,rf,0.983,237.8,2025-01-01 08:33:00
514,114,xgb,0.887,8.9,2025-01-01 08:34:00
515,115,svm,0.729,294.9,2025-01-01 08:35:00
516,116,xgb,0.8,26.8,2025-01-01 08:36:00
517,117,svm,0.695,215.4,2025-01-01 08:37:00
518,118,logreg,0.758,231.0,2025-01-01 08:38:00
519,119,rf,0.561,95.8,2025-01-01 08:39:00
520,120,rf,0.72,204.4,2025-01-01 08:40:00
521,121,svm,0.563,248.9,2025-01-01 08:41:00
522,122,xgb,0.876,39.6,2025-01-01 08:42:00
523,123,rf,0.907,155.9,2025-01-01 08:43:00
524,124,svm,0.581,97.5,2025-01-01 08:44:00
525,125,xgb,0.67,282.3,2025-01-01 08:45:00
526,126,svm,0.915,75.9,2025-01-01 08:46:00
527,127,svm,0.561,91.5,2025-01-01 08:47:00
528,128,rf,0.746,51.4,2025-01-01 08:48:00
529,129,xgb,0.584,187.7,2025-01-01 08:49:00
530,130,svm,0.913,169.5,2025-01-01 08:50:00
531,131,rf,0.54,284.6,2025-01-01 08:51:00
532,132,svm,0.819,230.3,2025-01-01 08:52:00
533,133,logreg,0.803,10.1,2025-01-01 08:53:00
534,134,svm,0.815,91.3,2025-01-01 08:54:00
535,135,xgb,0.894,205.8,2025-01-01 08:55:00
536,136,svm,0.722,206.9,2025-01-01 08:56:00
537,137,xgb,0.715,145.8,2025-01-01 08:57:00
538,138,xgb,0.667,44.0,2025-01-01 08:58:00
539,139,svm,0.86,258.4,2025-01-01 08:59:00
540,140,logreg,0.564,111.8,2025-01-01 09:00:00
541,141,rf,0.656,140.5,2025-01-01 09:01:00
542,142,svm,0.72,43.1,2025-01-01 09:02:00
543,143,rf,0.642,115.9,2025-01-01 09:03:00
544,144,logreg,0.622,259.7,2025-01-01 09:04:00
545,145,xgb,0.899,280.2,2025-01-01 09:05:00
546,146,svm,0.593,48.6,2025-01-01 09:06:00
547,147,logreg,0.744,93.3,2025-01-01 09:07:00
548,148,rf,0.544,118.6,2025-01-01 09:08:00
549,149,logreg,0.974,65.3,2025-01-01 09:09:00
550,150,svm,0.524,85.1,2025-01-01 09:10:00
551,151,logreg,0.64,3.4,2025-01-01 09:11:00
552,152,rf,0.711,264.9,2025-01-01 09:12:00
553,153,svm,0.874,110.4,2025-01-01 09:13:00
554,154,logreg,0.525,169.0,2025-01-01 09:14:00
555,155,svm,0.771,23.0,2025-01-01 09:15:00
556,156,logreg,0.875,84.6,2025-01-01 09:16:00
557,157,rf,0.563,29.9,2025-01-01 09:17:00
558,158,svm,0.889,102.4,2025-01-01 09:18:00
559,159,svm,0.87,60.5,2025-01-01 09:19:00
560,160,logreg,0.745,14.5,2025-01-01 09:20:00
561,161,xgb,0.85,241.4,2025-01-01 09:21:00
562,162,logreg,0.573,268.0,2025-01-01 09:22:00
563,163,xgb,0.661,184.3,2025-01-01 09:23:00
564,164,xgb,0.693,185.3,2025-01-01 09:24:00
565,165,svm,0.791,152.7,2025-01-01 09:25:00
566,166,logreg,0.847,90.6,2025-01-01 09:26:00
567,167,rf,0.68,202.5,2025-01-01 09:27:00
568,168,logreg,0.786,239.2,2025-01-01 09:28:00
569,169,rf,0.792,80.4,2025-01-01 09:29:00
570,170,xgb,0.853,175.5,2025-01-01 09:30:00
571,171,xgb,0.757,216.6,2025-01-01 09:31:00
572,172,logreg,0.572,204.5,2025-01-01 09:32:00
573,173,rf,0.781,210.5,2025-01-01 09:33:00
574,174,xgb,0.509,94.8,2025-01-01 09:34:00
575,175,xgb,0.702,62.0,2025-01-01 09:35:00
576,176,logreg,0.928,221.0,2025-01-01 09:36:00
577,177,rf,0.846,156.1,2025-01-01 09:37:00
578,178,svm,0.989,144.0,2025-01-01 09:38:00
579,179,logreg,0.654,52.8,2025-01-01 09:39:00
580,180,svm,0.768,203.1,2025-01-01 09:40:00
581,181,svm,0.799,58.5,2025-01-01 09:41:00
582,182,xgb,0.637,90.3,2025-01-01 09:42:00
583,183,svm,0.878,211.8,2025-01-01 09:43:00
584,184,logreg,0.655,105.3,2025-01-01 09:44:00
585,185,svm,0.641,172.5,2025-01-01 09:45:00
586,186,logreg,0.939,119.0,2025-01-01 09:46:00
587,187,svm,0.968,241.6,2025-01-01 09:47:00
588,188,svm,0.521,286.6,2025-01-01 09:48:00
589,189,rf,0.67,133.3,2025-01-01 09:49:00
590,190,svm,0.866,65.0,2025-01-01 09:50:00
591,191,svm,0.957,209.2,2025-01-01 09:51:00
592,192,xgb,0.554,222.5,2025-01-01 09:52:00
593,193,xgb,0.619,201.3,2025-01-01 09:53:00
594,194,xgb,0.813,16.7,2025-01-01 09:54:00
595,195,logreg,0.662,142.2,2025-01-01 09:55:00
596,196,xgb,0.503,165.6,2025-01-01 09:56:00
597,197,xgb,0.699,280.6,2025-01-01 09:57:00
598,198,logreg,0.734,60.6,2025-01-01 09:58:00
599,199,svm,0.657,194.1,2025-01-01 09:59:00
600,0,rf,0.82,70.4,2025-01-01 10:00:00
601,1,rf,0.947,53.3,2025-01-01 10:01:00
602,2,xgb,0.958,11.9,2025-01-01 10:02:00
603,3,logreg,0.886,56.7,2025-01-01 10:03:00
604,4,svm,0.93,3.8,2025-01-01 10:04:00
605,5,rf,0.955,101.2,2025-01-01 10:05:00
606,6,logreg,0.985,163.4,2025-01-01 10:06:00
607,7,logreg,0.936,41.1,2025-01-01 10:07:00
608,8,logreg,0.634,242.8,2025-01-01 10:08:00
609,9,svm,0.58,138.2,2025-01-01 10:09:00
610,10,svm,0.852,5.2,2025-01-01 10:10:00
611,11,svm,0.887,170.8,2025-01-01 10:11:00
612,12,xgb,0.586,257.0,2025-01-01 10:12:00
613,13,logreg,0.905,155.1,2025-01-01 10:13:00
614,14,rf,0.696,29.5,2025-01-01 10:14:00
615,15,xgb,0.734,280.8,2025-01-01 10:15:00
616,16,rf,0.628,71.4,2025-01-01 10:16:00
617,17,svm,0.967,91.3,2025-01-01 10:17:00
618,18,rf,0.628,108.5,2025-01-01 10:18:00
619,19,xgb,0.53,36.3,2025-01-01 10:19:00
620,20,svm,0.578,206.1,2025-01-01 10:20:00
621,21,svm,0.838,192.0,2025-01-01 10:21:00
622,22,svm,0.68,67.0,2025-01-01 10:22:00
623,23,xgb,0.734,137.0,2025-01-01 10:23:00
624,24,svm,0.704,165.2,2025-01-01 10:24:00
625,25,logreg,0.871,240.8,2025-01-01 10:25:00
626,26,xgb,0.873,204.4,2025-01-01 10:26:00
627,27,rf,0.757,158.9,2025-01-01 10:27:00
628,28,svm,0.538,169.7,2025-01-01 10:28:00
629,29,rf,0.906,271.0,2025-01-01 10:29:00
630,30,xgb,0.781,45.8,2025-01-01 10:30:00
631,31,svm,0.919,133.1,2025-01-01 10:31:00
632,32,xgb,0.851,147.2,2025-01-01 10:32:00
633,33,logreg,0.896,136.6,2025-01-01 10:33:00
634,34,logreg,0.724,18.3,2025-01-01 10:34:00
635,35,logreg,0.83,93.1,2025-01-01 10:35:00
636,36,rf,0.694,245.1,2025-01-01 10:36:00
637,37,xgb,0.783,14.5,2025-01-01 10:37:00
638,38,svm,0.843,162.8,2025-01-01 10:38:00
639,39,rf,0.958,21.6,2025-01-01 10:39:00
640,40,logreg,0.516,123.3,2025-01-01 10:40:00
641,41,xgb,0.875,293.5,2025-01-01 10:41:00
642,42,logreg,0.683,267.5,2025-01-01 10:42:00
643,43,logreg,0.926,272.1,2025-01-01 10:43:00
644,44,logreg,0.539,289.3,2025-01-01 10:44:00
645,45,xgb,0.82,105.0,2025-01-01 10:45:00
646,46,xgb,0.986,118.5,2025-01-01 10:46:00
647,47,xgb,0.857,67.6,2025-01-01 10:47:00
648,48,rf,0.871,293.6,2025-01-01 10:48:00
649,49,logreg,0.83,163.8,2025-01-01 10:49:00
650,50,logreg,0.903,75.0,2025-01-01 10:50:00
651,51,svm,0.576,57.4,2025-01-01 10:51:00
652,52,rf,0.516,198.4,2025-01-01 10:52:00
653,53,rf,0.618,21.1,2025-01-01 10:53:00
654,54,rf,0.719,201.9,2025-01-01 10:54:00
655,55,rf,0.62,14.2,2025-01-01 10:55:00
656,56,logreg,0.615,66.0,2025-01-01 10:56:00
657,57,rf,0.569,298.1,2025-01-01 10:57:00
658,58,xgb,0.9,219.7,2025-01-01 10:58:00
659,59,svm,0.783,232.0,2025-01-01 10:59:00
660,60,svm,0.616,263.0,2025-01-01 11:00:00
661,61,xgb,0.703,83.3,2025-01-01 11:01:00
662,62,xgb,0.807,128.7,2025-01-01 11:02:00
663,63,logreg,0.523,104.0,2025-01-01 11:03:00
664,64,logreg,0.885,96.3,2025-01-01 11:04:00
665,65,logreg,0.7,90.7,2025-01-01 11:05:00
666,66,xgb,0.87,142.6,2025-01-01 11:06:00
667,67,xgb,0.647,212.6,2025-01-01 11:07:00
668,68,logreg,0.948,169.2,2025-01-01 11:08:00
669,69,logreg,0.773,41.1,2025-01-01 11:09:00
670,70,xgb,0.625,99.7,2025-01-01 11:10:00
671,71,rf,0.952,254.3,2025-01-01 11:11:00
672,72,rf,0.762,249.0,2025-01-01 11:12:00
673,73,rf,0.632,202.4,2025-01-01 11:13:00
674,74,rf,0.928,57.3,2025-01-01 11:14:00
675,75,xgb,0.735,261.0,2025-01-01 11:15:00
676,76,svm,0.649,272.8,2025-01-01 11:16:00
677,77,xgb,0.959,288.7,2025-01-01 11:17:00
678,78,rf,0.866,226.5,2025-01-01 11:18:00
679,79,xgb,0.841,211.4,2025-01-01 11:19:00
680,80,logreg,0.948,166.1,2025-01-01 11:20:00
681,81,svm,0.687,160.6,2025-01-01 11:21:00
682,82,svm,0.651,108.5,2025-01-01 11:22:00
683,83,logreg,0.728,241.0,2025-01-01 11:23:00
684,84,logreg,0.873,96.7,2025-01-01 11:24:00
685,85,xgb,0.682,124.8,2025-01-01 11:25:00
686,86,xgb,0.863,5.8,2025-01-01 11:26:00
687,87,logreg,0.645,59.7,2025-01-01 11:27:00
688,88,xgb,0.686,250.2,2025-01-01 11:28:00
689,89,logreg,0.77,283.1,2025-01-01 11:29:00
690,90,svm,0.626,246.7,2025-01-01 11:30:00
691,91,logreg,0.726,220.1,2025-01-01 11:31:00
692,92,svm,0.583,216.4,2025-01-01 11:32:00
693,93,logreg,0.59,266.9,2025-01-01 11:33:00
694,94,rf,0.757,251.9,2025-01-01 11:34:00
695,95,rf,0.963,200.8,2025-01-01 11:35:00
696,96,rf,0.702,252.9,2025-01-01 11:36:00
697,97,xgb,0.533,46.2,2025-01-01 11:37:00
698,98,xgb,0.748,112.6,2025-01-01 11:38:00
699,99,logreg,0.823,5.7,2025-01-01 11:39:00
700,100,logreg,0.506,159.3,2025-01-01 11:40:00
701,101,svm,0.763,86.7,2025-01-01 11:41:00
702,102,logreg,0.895,273.0,2025-01-01 11:42:00
703,103,rf,0.95,157.8,2025-01-01 11:43:00
704,104,xgb,0.594,158.4,2025-01-01 11:44:00
705,105,svm,0.631,119.7,2025-01-01 11:45:00
706,106,svm,0.97,138.2,2025-01-01 11:46:00
707,107,xgb,0.985,68.5,2025-01-01 11:47:00
708,108,rf,0.82,257.6,2025-01-01 11:48:00
709,109,rf,0.546,114.4,2025-01-01 11:49:00
710,110,logreg,0.527,3.8,2025-01-01 11:50:00
711,111,xgb,0.541,253.8,2025-01-01 11:51:00
712,112,svm,0.777,257.5,2025-01-01 11:52:00
713,113,rf,0.938,275.8,2025-01-01 11:53:00
714,114,xgb,0.604,260.6,2025-01-01 11:54:00
715,115,logreg,0.633,277.3,2025-01-01 11:55:00
716,116,svm,0.941,169.5,2025-01-01 11:56:00
717,117,rf,0.588,255.3,2025-01-01 11:57:00
718,118,rf,0.971,176.5,2025-01-01 11:58:00
719,119,logreg,0.955,90.5,2025-01-01 11:59:00
720,120,xgb,0.778,255.0,2025-01-01 12:00:00
721,121,svm,0.688,222.2,2025-01-01 12:01:00
722,122,rf,0.745,292.3,2025-01-01 12:02:00
723,123,rf,0.548,70.4,2025-01-01 12:03:00
724,124,rf,0.667,230.9,2025-01-01 12:04:00
725,125,logreg,0.975,98.6,2025-01-01 12:05:00
726,126,svm,0.884,135.7,2025-01-01 12:06:00
727,127,xgb,0.674,282.4,2025-01-01 12:07:00
728,128,logreg,0.591,176.2,2025-01-01 12:08:00
729,129,logreg,0.542,186.0,2025-01-01 12:09:00
730,130,xgb,0.849,25.5,2025-01-01 12:10:00
731,131,xgb,0.686,235.4,2025-01-01 12:11:00
732,132,xgb,0.862,95.7,2025-01-01 12:12:00
733,133,rf,0.545,282.9,2025-01-01 12:13:00
734,134,logreg,0.676,81.7,2025-01-01 12:14:00
735,135,xgb,0.543,129.9,2025-01-01 12:15:00
736,136,logreg,0.551,27.8,2025-01-01 12:16:00
737,137,rf,0.792,235.5,2025-01-01 12:17:00
738,138,logreg,0.506,124.7,2025-01-01 12:18:00
739,139,rf,0.855,168.3,2025-01-01 12:19:00
740,140,xgb,0.78,51.7,2025-01-01 12:20:00
741,141,logreg,0.583,81.4,2025-01-01 12:21:00
742,142,svm,0.742,19.9,2025-01-01 12:22:00
743,143,logreg,0.635,90.6,2025-01-01 12:23:00
744,144,rf,0.677,283.3,2025-01-01 12:24:00
745,145,logreg,0.791,59.5,2025-01-01 12:25:00
746,146,rf,0.566,3.0,2025-01-01 12:26:00
747,147,logreg,0.663,186.4,2025-01-01 12:27:00
748,148,svm,0.716,129.8,2025-01-01 12:28:00
749,149,xgb,0.647,181.4,2025-01-01 12:29:00
750,150,xgb,0.735,54.1,2025-01-01 12:30:00
751,151,logreg,0.975,88.1,2025-01-01 12:31:00
752,152,logreg,0.974,234.8,2025-01-01 12:32:00
753,153,svm,0.684,245.1,2025-01-01 12:33:00
754,154,logreg,0.679,279.7,2025-01-01 12:34:00
755,155,xgb,0.79,164.1,2025-01-01 12:35:00
756,156,rf,0.967,139.0,2025-01-01 12:36:00
757,157,xgb,0.715,88.1,2025-01-01 12:37:00
758,158,rf,0.901,238.9,2025-01-01 12:38:00
759,159,logreg,0.83,42.6,2025-01-01 12:39:00
760,160,svm,0.619,197.9,2025-01-01 12:40:00
761,161,logreg,0.887,23.1,2025-01-01 12:41:00
762,162,logreg,0.785,160.8,2025-01-01 12:42:00
763,163,logreg,0.766,237.4,2025-01-01 12:43:00
764,164,svm,0.844,243.9,2025-01-01 12:44:00
765,165,rf,0.554,75.2,2025-01-01 12:45:00
766,166,svm,0.582,184.2,2025-01-01 12:46:00
767,167,logreg,0.974,100.1,2025-01-01 12:47:00
768,168,logreg,0.552,30.5,2025-01-01 12:48:00
769,169,xgb,0.75,156.1,2025-01-01 12:49:00
770,170,xgb,0.718,117.9,2025-01-01 12:50:00
771,171,xgb,0.669,8.3,2025-01-01 12:51:00
772,172,rf,0.645,276.2,2025-01-01 12:52:00
773,173,rf,0.557,282.3,2025-01-01 12:53:00
774,174,xgb,0.671,103.6,2025-01-01 12:54:00
775,175,xgb,0.755,105.1,2025-01-01 12:55:00
776,176,rf,0.715,209.3,2025-01-01 12:56:00
777,177,svm,0.533,14.4,2025-01-01 12:57:00
778,178,rf,0.511,103.6,2025-01-01 12:58:00
779,179,rf,0.832,50.1,2025-01-01 12:59:00
780,180,xgb,0.753,166.0,2025-01-01 13:00:00
781,181,svm,0.774,287.6,2025-01-01 13:01:00
782,182,xgb,0.891,189.3,2025-01-01 13:02:00
783,183,xgb,0.814,130.2,2025-01-01 13:03:00
784,184,rf,0.861,265.0,2025-01-01 13:04:00
785,185,logreg,0.79,117.3,2025-01-01 13:05:00
786,186,xgb,0.601,225.9,2025-01-01 13:06:00
787,187,rf,0.783,240.1,2025-01-01 13:07:00
788,188,xgb,0.679,59.9,2025-01-01 13:08:00
789,189,rf,0.629,258.9,2025-01-01 13:09:00
790,190,svm,0.793,183.8,2025-01-01 13:10:00
791,191,rf,0.67,253.8,2025-01-01 13:11:00
792,192,xgb,0.899,212.1,2025-01-01 13:12:00
793,193,svm,0.95,177.5,2025-01-01 13:13:00
794,194,xgb,0.653,72.3,2025-01-01 13:14:00
795,195,rf,0.59,208.3,2025-01-01 13:15:00
796,196,logreg,0.705,42.2,2025-01-01 13:16:00
797,197,logreg,0.707,146.5,2025-01-01 13:17:00
798,198,xgb,0.772,147.4,2025-01-01 13:18:00
799,199,xgb,0.592,252.8,2025-01-01 13:19:00
800,0,rf,0.924,285.6,2025-01-01 13:20:00
801,1,logreg,0.567,244.7,2025-01-01 13:21:00
802,2,logreg,0.7,148.0,2025-01-01 13:22:00
803,3,logreg,0.739,25.7,2025-01-01 13:23:00
804,4,rf,0.89,66.9,2025-01-01 13:24:00
805,5,rf,0.635,161.7,2025-01-01 13:25:00
806,6,xgb,0.883,170.1,2025-01-01 13:26:00
807,7,logreg,0.769,34.9,2025-01-01 13:27:00
808,8,rf,0.631,163.4,2025-01-01 13:28:00
809,9,svm,0.766,227.3,2025-01-01 13:29:00
810,10,logreg,0.768,296.9,2025-01-01 13:30:00
811,11,rf,0.861,196.4,2025-01-01 13:31:00
812,12,xgb,0.646,299.8,2025-01-01 13:32:00
813,13,logreg,0.629,258.8,2025-01-01 13:33:00
814,14,rf,0.715,298.2,2025-01-01 13:34:00
815,15,xgb,0.603,221.5,2025-01-01 13:35:00
816,16,svm,0.922,183.5,2025-01-01 13:36:00
817,17,logreg,0.581,42.6,2025-01-01 13:37:00
818,18,xgb,0.899,241.8,2025-01-01 13:38:00
819,19,svm,0.761,179.5,2025-01-01 13:39:00
820,20,xgb,0.659,211.5,2025-01-01 13:40:00
821,21,svm,0.781,285.8,2025-01-01 13:41:00
822,22,rf,0.566,225.3,2025-01-01 13:42:00
823,23,logreg,0.95,297.8,2025-01-01 13:43:00
824,24,xgb,0.844,40.7,2025-01-01 13:44:00
825,25,xgb,0.849,248.7,2025-01-01 13:45:00
826,26,logreg,0.74,173.7,2025-01-01 13:46:00
827,27,svm,0.808,113.2,2025-01-01 13:47:00
828,28,rf,0.81,264.2,2025-01-01 13:48:00
829,29,rf,0.697,225.2,2025-01-01 13:49:00
830,30,svm,0.723,146.9,2025-01-01 13:50:00
831,31,rf,0.926,254.3,2025-01-01 13:51:00
832,32,rf,0.858,138.1,2025-01-01 13:52:00
833,33,svm,0.917,238.9,2025-01-01 13:53:00
834,34,logreg,0.607,129.5,2025-01-01 13:54:00
835,35,xgb,0.742,97.5,2025-01-01 13:55:00
836,36,svm,0.666,173.8,2025-01-01 13:56:00
837,37,logreg,0.886,268.4,2025-01-01 13:57:00
838,38,rf,0.523,188.2,2025-01-01 13:58:00
839,39,logreg,0.508,278.9,2025-01-01 13:59:00
840,40,xgb,0.716,1.2,2025-01-01 14:00:00
841,41,logreg,0.599,206.9,2025-01-01 14:01:00
842,42,xgb,0.932,91.3,2025-01-01 14:02:00
843,43,svm,0.546,108.8,2025-01-01 14:03:00
844,44,rf,0.682,271.2,2025-01-01 14:04:00
845,45,xgb,0.525,188.1,2025-01-01 14:05:00
846,46,xgb,0.71,28.3,2025-01-01 14:06:00
847,47,rf,0.501,143.6,2025-01-01 14:07:00
848,48,xgb,0.791,156.3,2025-01-01 14:08:00
849,49,logreg,0.505,209.0,2025-01-01 14:09:00
850,50,rf,0.984,127.3,2025-01-01 14:10:00
851,51,xgb,0.734,69.5,2025-01-01 14:11:00
852,52,rf,0.858,31.6,2025-01-01 14:12:00
853,53,svm,0.68,90.5,2025-01-01 14:13:00
854,54,logreg,0.879,226.2,2025-01-01 14:14:00
855,55,xgb,0.814,203.5,2025-01-01 14:15:00
856,56,rf,0.76,3.5,2025-01-01 14:16:00
857,57,xgb,0.716,217.0,2025-01-01 14:17:00
858,58,xgb,0.951,185.2,2025-01-01 14:18:00
859,59,logreg,0.921,26.9,2025-01-01 14:19:00
860,60,rf,0.569,37.8,2025-01-01 14:20:00
861,61,logreg,0.672,129.4,2025-01-01 14:21:00
862,62,xgb,0.621,193.7,2025-01-01 14:22:00
863,63,xgb,0.771,180.4,2025-01-01 14:23:00
864,64,svm,0.882,207.5,2025-01-01 14:24:00
865,65,svm,0.601,182.5,2025-01-01 14:25:00
866,66,xgb,0.866,89.4,2025-01-01 14:26:00
867,67,rf,0.884,238.3,2025-01-01 14:27:00
868,68,xgb,0.742,34.7,2025-01-01 14:28:00
869,69,logreg,0.813,22.2,2025-01-01 14:29:00
870,70,rf,0.984,280.2,2025-01-01 14:30:00
871,71,xgb,0.69,251.9,2025-01-01 14:31:00
872,72,logreg,0.679,205.2,2025-01-01 14:32:00
873,73,logreg,0.968,231.3,2025-01-01 14:33:00
874,74,rf,0.788,5.1,2025-01-01 14:34:00
875,75,xgb,0.52,19.1,2025-01-01 14:35:00
876,76,logreg,0.748,188.9,2025-01-01 14:36:00
877,77,logreg,0.708,121.3,2025-01-01 14:37:00
878,78,xgb,0.636,93.7,2025-01-01 14:38:00
879,79,xgb,0.977,47.5,2025-01-01 14:39:00
880,80,svm,0.691,190.7,2025-01-01 14:40:00
881,81,rf,0.652,131.8,2025-01-01 14:41:00
882,82,xgb,0.528,26.8,2025-01-01 14:42:00
883,83,logreg,0.557,184.1,2025-01-01 14:43:00
884,84,rf,0.652,222.8,2025-01-01 14:44:00
885,85,xgb,0.559,212.7,2025-01-01 14:45:00
886,86,rf,0.58,286.0,2025-01-01 14:46:00
887,87,svm,0.582,39.0,2025-01-01 14:47:00
888,88,svm,0.859,36.3,2025-01-01 14:48:00
889,89,rf,0.664,129.4,2025-01-01 14:49:00
890,90,rf,0.629,292.5,2025-01-01 14:50:00
891,91,rf,0.743,153.7,2025-01-01 14:51:00
892,92,rf,0.745,170.5,2025-01-01 14:52:00
893,93,svm,0.577,232.2,2025-01-01 14:53:00
894,94,rf,0.612,153.1,2025-01-01 14:54:00
895,95,rf,0.921,4.7,2025-01-01 14:55:00
896,96,rf,0.731,115.5,2025-01-01 14:56:00
897,97,xgb,0.588,288.1,2025-01-01 14:57:00
898,98,rf,0.771,274.3,2025-01-01 14:58:00
899,99,logreg,0.61,75.2,2025-01-01 14:59:00
900,100,svm,0.633,24.3,2025-01-01 15:00:00
901,101,svm,0.559,202.3,2025-01-01 15:01:00
902,102,rf,0.588,241.5,2025-01-01 15:02:00
903,103,rf,0.967,21.6,2025-01-01 15:03:00
904,104,logreg,0.924,232.3,2025-01-01 15:04:00
905,105,svm,0.66,166.4,2025-01-01 15:05:00
906,106,rf,0.681,88.2,2025-01-01 15:06:00
907,107,svm,0.862,73.5,2025-01-01 15:07:00
908,108,svm,0.79,148.5,2025-01-01 15:08:00
909,109,xgb,0.859,164.4,2025-01-01 15:09:00
910,110,xgb,0.574,279.8,2025-01-01 15:10:00
911,111,rf,0.614,104.6,2025-01-01 15:11:00
912,112,rf,0.966,1.4,2025-01-01 15:12:00
913,113,logreg,0.916,218.4,2025-01-01 15:13:00
914,114,rf,0.601,295.0,2025-01-01 15:14:00
915,115,logreg,0.741,18.9,2025-01-01 15:15:00
916,116,xgb,0.849,28.8,2025-01-01 15:16:00
917,117,xgb,0.94,156.4,2025-01-01 15:17:00
918,118,svm,0.725,224.6,2025-01-01 15:18:00
919,119,rf,0.748,191.5,2025-01-01 15:19:00
920,120,logreg,0.537,170.8,2025-01-01 15:20:00
921,121,logreg,0.825,40.1,2025-01-01 15:21:00
922,122,svm,0.628,95.2,2025-01-01 15:22:00
923,123,logreg,0.843,220.9,2025-01-01 15:23:00
924,124,svm,0.722,70.8,2025-01-01 15:24:00
925,125,xgb,0.567,231.3,2025-01-01 15:25:00
926,126,rf,0.576,50.1,2025-01-01 15:26:00
927,127,logreg,0.654,37.1,2025-01-01 15:27:00
928,128,svm,0.973,63.1,2025-01-01 15:28:00
929,129,svm,0.727,255.9,2025-01-01 15:29:00
930,130,rf,0.577,206.1,2025-01-01 15:30:00
931,131,rf,0.605,257.1,2025-01-01 15:31:00
932,132,xgb,0.545,75.2,2025-01-01 15:32:00
933,133,svm,0.694,15.6,2025-01-01 15:33:00
934,134,svm,0.627,297.2,2025-01-01 15:34:00
935,135,rf,0.967,256.5,2025-01-01 15:35:00
936,136,xgb,0.546,31.5,2025-01-01 15:36:00
937,137,xgb,0.56,19.4,2025-01-01 15:37:00
938,138,xgb,0.564,247.3,2025-01-01 15:38:00
939,139,svm,0.836,281.3,2025-01-01 15:39:00
940,140,rf,0.785,78.4,2025-01-01 15:40:00
941,141,rf,0.511,20.3,2025-01-01 15:41:00
942,142,logreg,0.897,28.5,2025-01-01 15:42:00
943,143,svm,0.56,282.7,2025-01-01 15:43:00
944,144,rf,0.582,172.6,2025-01-01 15:44:00
945,145,logreg,0.743,115.4,2025-01-01 15:45:00
946,146,logreg,0.585,65.2,2025-01-01 15:46:00
947,147,xgb,0.635,134.4,2025-01-01 15:47:00
948,148,xgb,0.517,186.1,2025-01-01 15:48:00
949,149,xgb,0.817,150.2,2025-01-01 15:49:00
950,150,logreg,0.53,84.7,2025-01-01 15:50:00
951,151,xgb,0.705,193.2,2025-01-01 15:51:00
952,152,xgb,0.809,240.8,2025-01-01 15:52:00
953,153,rf,0.985,234.8,2025-01-01 15:53:00
954,154,svm,0.735,234.6,2025-01-01 15:54:00
955,155,svm,0.947,151.2,2025-01-01 15:55:00
956,156,logreg,0.633,8.8,2025-01-01 15:56:00
957,157,xgb,0.514,243.4,2025-01-01 15:57:00
958,158,svm,0.529,297.5,2025-01-01 15:58:00
959,159,svm,0.876,299.9,2025-01-01 15:59:00
960,160,xgb,0.549,197.4,2025-01-01 16:00:00
961,161,svm,0.762,237.6,2025-01-01 16:01:00
962,162,rf,0.874,284.4,2025-01-01 16:02:00
963,163,logreg,0.674,251.9,2025-01-01 16:03:00
964,164,xgb,0.586,178.2,2025-01-01 16:04:00
965,165,svm,0.948,9.4,2025-01-01 16:05:00
966,166,svm,0.964,169.5,2025-01-01 16:06:00
967,167,xgb,0.91,243.3,2025-01-01 16:07:00
968,168,logreg,0.766,53.5,2025-01-01 16:08:00
969,169,rf,0.544,70.6,2025-01-01 16:09:00
970,170,xgb,0.51,143.9,2025-01-01 16:10:00
971,171,svm,0.95,61.2,2025-01-01 16:11:00
972,172,xgb,0.667,54.1,2025-01-01 16:12:00
973,173,svm,0.529,45.2,2025-01-01 16:13:00
974,174,xgb,0.879,254.1,2025-01-01 16:14:00
975,175,svm,0.971,112.7,2025-01-01 16:15:00
976,176,logreg,0.787,101.6,2025-01-01 16:16:00
977,177,svm,0.567,48.1,2025-01-01 16:17:00
978,178,logreg,0.888,288.2,2025-01-01 16:18:00
979,179,svm,0.585,290.7,2025-01-01 16:19:00
980,180,svm,0.609,177.1,2025-01-01 16:20:00
981,181,xgb,0.685,220.5,2025-01-01 16:21:00
982,182,svm,0.562,218.9,2025-01-01 16:22:00
983,183,logreg,0.917,231.5,2025-01-01 16:23:00
984,184,rf,0.589,96.1,2025-01-01 16:24:00
985,185,xgb,0.813,32.1,2025-01-01 16:25:00
986,186,logreg,0.569,223.9,2025-01-01 16:26:00
987,187,xgb,0.67,96.5,2025-01-01 16:27:00
988,188,rf,0.903,201.3,2025-01-01 16:28:00
989,189,svm,0.719,80.3,2025-01-01 16:29:00
990,190,xgb,0.84,105.8,2025-01-01 16:30:00
991,191,rf,0.853,15.4,2025-01-01 16:31:00
992,192,logreg,0.859,290.8,2025-01-01 16:32:00
993,193,logreg,0.742,114.2,2025-01-01 16:33:00
994,194,logreg,0.55,144.4,2025-01-01 16:34:00
995,195,xgb,0.58,23.0,2025-01-01 16:35:00
996,196,rf,0.645,96.3,2025-01-01 16:36:00
997,197,rf,0.536,51.9,2025-01-01 16:37:00
998,198,logreg,0.579,23.4,2025-01-01 16:38:00
999,199,rf,0.666,295.6,2025-01-01 16:39:00
1000,0,logreg,0.845,130.0,2025-01-01 16:40:00
1001,1,xgb,0.798,130.8,2025-01-01 16:41:00
1002,2,rf,0.55,62.5,2025-01-01 16:42:00
1003,3,xgb,0.701,166.7,2025-01-01 16:43:00
1004,4,svm,0.824,89.9,2025-01-01 16:44:00
1005,5,rf,0.524,172.0,2025-01-01 16:45:00
1006,6,logreg,0.575,108.9,2025-01-01 16:46:00
1007,7,logreg,0.543,247.3,2025-01-01 16:47:00
1008,8,logreg,0.598,8.7,2025-01-01 16:48:00
1009,9,xgb,0.813,293.1,2025-01-01 16:49:00
1010,10,logreg,0.913,93.2,2025-01-01 16:50:00
1011,11,logreg,0.731,268.6,2025-01-01 16:51:00
1012,12,svm,0.545,163.7,2025-01-01 16:52:00
1013,13,xgb,0.682,115.1,2025-01-01 16:53:00
1014,14,xgb,0.718,79.7,2025-01-01 16:54:00
1015,15,logreg,0.629,251.3,2025-01-01 16:55:00
1016,16,rf,0.574,209.2,2025-01-01 16:56:00
1017,17,rf,0.542,103.8,2025-01-01 16:57:00
1018,18,logreg,0.976,177.3,2025-01-01 16:58:00
1019,19,rf,0.912,245.7,2025-01-01 16:59:00
1020,20,logreg,0.973,206.4,2025-01-01 17:00:00
1021,21,logreg,0.781,71.5,2025-01-01 17:01:00
1022,22,svm,0.539,270.9,2025-01-01 17:02:00
1023,23,rf,0.746,270.2,2025-01-01 17:03:00
1024,24,xgb,0.559,227.4,2025-01-01 17:04:00
1025,25,xgb,0.965,51.0,2025-01-01 17:05:00
1026,26,xgb,0.896,38.7,2025-01-01 17:06:00
1027,27,logreg,0.538,205.3,2025-01-01 17:07:00
1028,28,xgb,0.989,188.5,2025-01-01 17:08:00
1029,29,svm,0.657,218.4,2025-01-01 17:09:00
1030,30,rf,0.543,167.4,2025-01-01 17:10:00
1031,31,svm,0.92,156.4,2025-01-01 17:11:00
1032,32,rf,0.885,187.3,2025-01-01 17:12:00
1033,33,logreg,0.555,45.7,2025-01-01 17:13:00
1034,34,rf,0.953,169.2,2025-01-01 17:14:00
1035,35,rf,0.885,260.4,2025-01-01 17:15:00
1036,36,svm,0.93,80.0,2025-01-01 17:16:00
1037,37,logreg,0.78,142.4,2025-01-01 17:17:00
1038,38,xgb,0.635,44.0,2025-01-01 17:18:00
1039,39,logreg,0.519,267.0,2025-01-01 17:19:00
1040,40,svm,0.838,15.7,2025-01-01 17:20:00
1041,41,logreg,0.951,269.2,2025-01-01 17:21:00
1042,42,rf,0.666,238.3,2025-01-01 17:22:00
1043,43,svm,0.637,148.0,2025-01-01 17:23:00
1044,44,rf,0.977,69.2,2025-01-01 17:24:00
1045,45,svm,0.977,133.5,2025-01-01 17:25:00
1046,46,svm,0.632,125.6,2025-01-01 17:26:00
1047,47,rf,0.592,64.2,2025-01-01 17:27:00
1048,48,logreg,0.863,228.1,2025-01-01 17:28:00
1049,49,svm,0.902,155.1,2025-01-01 17:29:00
1050,50,xgb,0.532,213.2,2025-01-01 17:30:00
1051,51,logreg,0.566,255.5,2025-01-01 17:31:00
1052,52,rf,0.585,262.7,2025-01-01 17:32:00
1053,53,xgb,0.91,75.6,2025-01-01 17:33:00
1054,54,logreg,0.525,108.8,2025-01-01 17:34:00
1055,55,xgb,0.634,247.2,2025-01-01 17:35:00
1056,56,logreg,0.811,38.0,2025-01-01 17:36:00
1057,57,rf,0.619,147.1,2025-01-01 17:37:00
1058,58,logreg,0.587,261.3,2025-01-01 17:38:00
1059,59,svm,0.669,251.5,2025-01-01 17:39:00
1060,60,svm,0.867,207.0,2025-01-01 17:40:00
1061,61,svm,0.513,15.8,2025-01-01 17:41:00
1062,62,xgb,0.92,194.6,2025-01-01 17:42:00
1063,63,xgb,0.632,123.4,2025-01-01 17:43:00
1064,64,rf,0.924,290.2,2025-01-01 17:44:00
1065,65,rf,0.732,40.6,2025-01-01 17:45:00
1066,66,xgb,0.795,3.5,2025-01-01 17:46:00
1067,67,svm,0.798,283.0,2025-01-01 17:47:00
1068,68,svm,0.708,113.6,2025-01-01 17:48:00
1069,69,svm,0.725,66.2,2025-01-01 17:49:00
1070,70,svm,0.832,247.5,2025-01-01 17:50:00
1071,71,logreg,0.786,3.2,2025-01-01 17:51:00
1072,72,svm,0.775,178.5,2025-01-01 17:52:00
1073,73,svm,0.646,33.3,2025-01-01 17:53:00
1074,74,rf,0.665,83.7,2025-01-01 17:54:00
1075,75,svm,0.922,79.1,2025-01-01 17:55:00
1076,76,svm,0.592,155.7,2025-01-01 17:56:00
1077,77,xgb,0.941,241.8,2025-01-01 17:57:00
1078,78,logreg,0.824,204.5,2025-01-01 17:58:00
1079,79,rf,0.821,299.2,2025-01-01 17:59:00
1080,80,svm,0.944,122.0,2025-01-01 18:00:00
1081,81,rf,0.786,298.4,2025-01-01 18:01:00
1082,82,xgb,0.668,214.3,2025-01-01 18:02:00
1083,83,logreg,0.944,201.9,2025-01-01 18:03:00
1084,84,svm,0.914,252.4,2025-01-01 18:04:00
1085,85,xgb,0.644,141.8,2025-01-01 18:05:00
1086,86,svm,0.855,168.2,2025-01-01 18:06:00
1087,87,xgb,0.964,270.0,2025-01-01 18:07:00
1088,88,rf,0.609,67.8,2025-01-01 18:08:00
1089,89,svm,0.706,266.2,2025-01-01 18:09:00
1090,90,svm,0.628,88.9,2025-01-01 18:10:00
1091,91,rf,0.731,260.1,2025-01-01 18:11:00
1092,92,rf,0.731,59.2,2025-01-01 18:12:00
1093,93,rf,0.925,115.1,2025-01-01 18:13:00
1094,94,svm,0.702,261.4,2025-01-01 18:14:00
1095,95,xgb,0.567,60.9,2025-01-01 18:15:00
1096,96,logreg,0.984,268.0,2025-01-01 18:16:00
1097,97,logreg,0.57,258.9,2025-01-01 18:17:00
1098,98,xgb,0.882,146.8,2025-01-01 18:18:00
1099,99,xgb,0.654,18.3,2025-01-01 18:19:00
1100,100,logreg,0.634,228.6,2025-01-01 18:20:00
1101,101,xgb,0.782,48.4,2025-01-01 18:21:00
1102,102,rf,0.563,130.7,2025-01-01 18:22:00
1103,103,logreg,0.698,289.6,2025-01-01 18:23:00
1104,104,logreg,0.502,160.6,2025-01-01 18:24:00
1105,105,svm,0.966,267.7,2025-01-01 18:25:00
1106,106,xgb,0.509,2.2,2025-01-01 18:26:00
1107,107,xgb,0.611,263.2,2025-01-01 18:27:00
1108,108,svm,0.563,115.7,2025-01-01 18:28:00
1109,109,svm,0.582,247.3,2025-01-01 18:29:00
1110,110,svm,0.965,137.3,2025-01-01 18:30:00
1111,111,svm,0.712,206.3,2025-01-01 18:31:00
1112,112,xgb,0.668,270.5,2025-01-01 18:32:00
1113,113,svm,0.868,50.3,2025-01-01 18:33:00
1114,114,logreg,0.509,68.1,2025-01-01 18:34:00
1115,115,xgb,0.603,7.6,2025-01-01 18:35:00
1116,116,xgb,0.56,213.6,2025-01-01 18:36:00
1117,117,rf,0.684,192.5,2025-01-01 18:37:00
1118,118,rf,0.791,15.3,2025-01-01 18:38:00
1119,119,rf,0.82,6.9,2025-01-01 18:39:00
1120,120,rf,0.704,114.7,2025-01-01 18:40:00
1121,121,svm,0.732,46.8,2025-01-01 18:41:00
1122,122,rf,0.648,198.8,2025-01-01 18:42:00
1123,123,svm,0.805,210.5,2025-01-01 18:43:00
1124,124,logreg,0.907,32.4,2025-01-01 18:44:00
1125,125,rf,0.639,235.6,2025-01-01 18:45:00
1126,126,logreg,0.597,60.7,2025-01-01 18:46:00
1127,127,svm,0.907,292.0,2025-01-01 18:47:00
1128,128,svm,0.845,89.3,2025-01-01 18:48:00
1129,129,rf,0.769,273.2,2025-01-01 18:49:00
1130,130,logreg,0.662,1.8,2025-01-01 18:50:00
1131,131,rf,0.944,250.7,2025-01-01 18:51:00
1132,132,logreg,0.573,27.9,2025-01-01 18:52:00
1133,133,rf,0.855,31.3,2025-01-01 18:53:00
1134,134,svm,0.816,137.6,2025-01-01 18:54:00
1135,135,svm,0.629,16.0,2025-01-01 18:55:00
1136,136,xgb,0.928,255.8,2025-01-01 18:56:00
1137,137,svm,0.893,94.5,2025-01-01 18:57:00
1138,138,rf,0.547,227.7,2025-01-01 18:58:00
1139,139,rf,0.505,42.4,2025-01-01 18:59:00
1140,140,xgb,0.661,268.5,2025-01-01 19:00:00
1141,141,svm,0.93,28.8,2025-01-01 19:01:00
1142,142,svm,0.59,120.8,2025-01-01 19:02:00
1143,143,logreg,0.633,116.3,2025-01-01 19:03:00
1144,144,logreg,0.892,195.0,2025-01-01 19:04:00
1145,145,xgb,0.555,209.2,2025-01-01 19:05:00
1146,146,rf,0.981,253.5,2025-01-01 19:06:00
1147,147,rf,0.704,177.6,2025-01-01 19:07:00
1148,148,logreg,0.589,114.5,2025-01-01 19:08:00
1149,149,svm,0.8,258.9,2025-01-01 19:09:00
1150,150,xgb,0.737,146.9,2025-01-01 19:10:00
1151,151,logreg,0.716,19.9,2025-01-01 19:11:00
1152,152,svm,0.506,260.6,2025-01-01 19:12:00
1153,153,xgb,0.979,201.3,2025-01-01 19:13:00
1154,154,svm,0.754,206.8,2025-01-01 19:14:00
1155,155,rf,0.712,218.3,2025-01-01 19:15:00
1156,156,logreg,0.669,203.2,2025-01-01 19:16:00
1157,157,logreg,0.573,248.1,2025-01-01 19:17:00
1158,158,rf,0.506,280.4,2025-01-01 19:18:00
1159,159,logreg,0.917,261.0,2025-01-01 19:19:00
1160,160,rf,0.868,96.9,2025-01-01 19:20:00
1161,161,svm,0.975,16.1,2025-01-01 19:21:00
1162,162,xgb,0.77,114.2,2025-01-01 19:22:00
1163,163,xgb,0.539,133.8,2025-01-01 19:23:00
1164,164,logreg,0.543,150.0,2025-01-01 19:24:00
1165,165,svm,0.558,149.7,2025-01-01 19:25:00
1166,166,rf,0.55,124.3,2025-01-01 19:26:00
1167,167,rf,0.905,237.7,2025-01-01 19:27:00
1168,168,svm,0.936,169.1,2025-01-01 19:28:00
1169,169,logreg,0.966,109.6,2025-01-01 19:29:00
1170,170,rf,0.9,253.5,2025-01-01 19:30:00
1171,171,svm,0.774,186.3,2025-01-01 19:31:00
1172,172,logreg,0.851,109.6,2025-01-01 19:32:00
1173,173,logreg,0.556,228.0,2025-01-01 19:33:00
1174,174,xgb,0.501,107.2,2025-01-01 19:34:00
1175,175,svm,0.768,112.8,2025-01-01 19:35:00
1176,176,rf,0.522,50.1,2025-01-01 19:36:00
1177,177,xgb,0.903,223.0,2025-01-01 19:37:00
1178,178,logreg,0.552,183.6,2025-01-01 19:38:00
1179,179,xgb,0.559,255.8,2025-01-01 19:39:00
1180,180,xgb,0.724,234.6,2025-01-01 19:40:00
1181,181,svm,0.553,124.9,2025-01-01 19:41:00
1182,182,rf,0.878,135.7,2025-01-01 19:42:00
1183,183,xgb,0.972,2.3,2025-01-01 19:43:00
1184,184,rf,0.771,130.4,2025-01-01 19:44:00
1185,185,logreg,0.953,234.5,2025-01-01 19:45:00
1186,186,xgb,0.839,52.9,2025-01-01 19:46:00
1187,187,xgb,0.551,197.6,2025-01-01 19:47:00
1188,188,svm,0.747,116.0,2025-01-01 19:48:00
1189,189,xgb,0.634,289.1,2025-01-01 19:49:00
1190,190,svm,0.722,40.9,2025-01-01 19:50:00
1191,191,logreg,0.795,266.0,2025-01-01 19:51:00
1192,192,svm,0.913,164.8,2025-01-01 19:52:00
1193,193,svm,0.849,280.7,2025-01-01 19:53:00
1194,194,xgb,0.598,187.6,2025-01-01 19:54:00
1195,195,svm,0.836,276.4,2025-01-01 19:55:00
1196,196,xgb,0.981,195.4,2025-01-01 19:56:00
1197,197,xgb,0.747,208.6,2025-01-01 19:57:00
1198,198,svm,0.848,228.5,2025-01-01 19:58:00
1199,199,logreg,0.786,282.9,2025-01-01 19:59:00
1200,0,logreg,0.83,268.3,2025-01-01 20:00:00
1201,1,svm,0.93,127.3,2025-01-01 20:01:00
1202,2,rf,0.756,8.6,2025-01-01 20:02:00
1203,3,xgb,0.526,17.9,2025-01-01 20:03:00
1204,4,svm,0.868,49.1,2025-01-01 20:04:00
1205,5,svm,0.835,44.8,2025-01-01 20:05:00
1206,6,rf,0.838,89.2,2025-01-01 20:06:00
1207,7,rf,0.676,136.3,2025-01-01 20:07:00
1208,8,xgb,0.864,168.8,2025-01-01 20:08:00
1209,9,xgb,0.75,239.3,2025-01-01 20:09:00
1210,10,svm,0.84,15.0,2025-01-01 20:10:00
1211,11,logreg,0.69,287.1,2025-01-01 20:11:00
1212,12,svm,0.973,17.1,2025-01-01 20:12:00
1213,13,svm,0.6,260.8,2025-01-01 20:13:00
1214,14,logreg,0.907,273.5,2025-01-01 20:14:00
1215,15,svm,0.87,164.4,2025-01-01 20:15:00
1216,16,xgb,0.88,289.3,2025-01-01 20:16:00
1217,17,svm,0.72,295.1,2025-01-01 20:17:00
1218,18,rf,0.592,53.0,2025-01-01 20:18:00
1219,19,rf,0.685,129.1,2025-01-01 20:19:00
1220,20,svm,0.564,175.6,2025-01-01 20:20:00
1221,21,svm,0.503,140.4,2025-01-01 20:21:00
1222,22,xgb,0.52,278.7,2025-01-01 20:22:00
1223,23,rf,0.879,188.0,2025-01-01 20:23:00
1224,24,svm,0.74,172.2,2025-01-01 20:24:00
1225,25,svm,0.536,212.6,2025-01-01 20:25:00
1226,26,xgb,0.969,156.7,2025-01-01 20:26:00
1227,27,xgb,0.704,161.6,2025-01-01 20:27:00
1228,28,rf,0.671,265.1,2025-01-01 20:28:00
1229,29,svm,0.662,88.8,2025-01-01 20:29:00
1230,30,logreg,0.988,247.3,2025-01-01 20:30:00
1231,31,rf,0.556,104.5,2025-01-01 20:31:00
1232,32,xgb,0.943,184.5,2025-01-01 20:32:00
1233,33,xgb,0.97,205.1,2025-01-01 20:33:00
1234,34,svm,0.687,239.1,2025-01-01 20:34:00
1235,35,rf,0.689,162.5,2025-01-01 20:35:00
1236,36,svm,0.512,155.5,2025-01-01 20:36:00
1237,37,svm,0.752,153.1,2025-01-01 20:37:00
1238,38,logreg,0.521,269.6,2025-01-01 20:38:00
1239,39,xgb,0.657,25.6,2025-01-01 20:39:00
1240,40,rf,0.582,286.9,2025-01-01 20:40:00
1241,41,rf,0.807,64.0,2025-01-01 20:41:00
1242,42,xgb,0.924,127.8,2025-01-01 20:42:00
1243,43,rf,0.601,248.8,2025-01-01 20:43:00
1244,44,logreg,0.817,282.0,2025-01-01 20:44:00
1245,45,xgb,0.512,215.3,2025-01-01 20:45:00
1246,46,rf,0.543,17.2,2025-01-01 20:46:00
1247,47,svm,0.773,172.9,2025-01-01 20:47:00
1248,48,xgb,0.946,122.9,2025-01-01 20:48:00
1249,49,logreg,0.809,130.5,2025-01-01 20:49:00
1250,50,rf,0.691,36.4,2025-01-01 20:50:00
1251,51,rf,0.814,185.9,2025-01-01 20:51:00
1252,52,rf,0.843,22.7,2025-01-01 20:52:00
1253,53,rf,0.642,206.1,2025-01-01 20:53:00
1254,54,rf,0.638,278.1,2025-01-01 20:54:00
1255,55,logreg,0.694,198.6,2025-01-01 20:55:00
1256,56,logreg,0.577,66.7,2025-01-01 20:56:00
1257,57,logreg,0.89,255.0,2025-01-01 20:57:00
1258,58,svm,0.97,44.1,2025-01-01 20:58:00
1259,59,svm,0.969,4.3,2025-01-01 20:59:00
1260,60,xgb,0.56,2.5,2025-01-01 21:00:00
1261,61,logreg,0.763,284.1,2025-01-01 21:01:00
1262,62,svm,0.603,222.7,2025-01-01 21:02:00
1263,63,svm,0.604,271.8,2025-01-01 21:03:00
1264,64,xgb,0.579,67.0,2025-01-01 21:04:00
1265,65,svm,0.595,55.2,2025-01-01 21:05:00
1266,66,rf,0.917,279.8,2025-01-01 21:06:00
1267,67,logreg,0.816,22.9,2025-01-01 21:07:00
1268,68,rf,0.623,60.0,2025-01-01 21:08:00
1269,69,logreg,0.966,107.8,2025-01-01 21:09:00
1270,70,xgb,0.549,186.2,2025-01-01 21:10:00
1271,71,xgb,0.656,135.7,2025-01-01 21:11:00
1272,72,svm,0.84,46.6,2025-01-01 21:12:00
1273,73,svm,0.896,287.6,2025-01-01 21:13:00
1274,74,xgb,0.502,74.6,2025-01-01 21:14:00
1275,75,xgb,0.849,192.6,2025-01-01 21:15:00
1276,76,svm,0.912,41.2,2025-01-01 21:16:00
1277,77,svm,0.93,139.4,2025-01-01 21:17:00
1278,78,svm,0.88,146.6,2025-01-01 21:18:00
1279,79,rf,0.586,182.4,2025-01-01 21:19:00
1280,80,svm,0.921,42.9,2025-01-01 21:20:00
1281,81,xgb,0.629,266.0,2025-01-01 21:21:00
1282,82,rf,0.856,267.7,2025-01-01 21:22:00
1283,83,rf,0.898,174.1,2025-01-01 21:23:00
1284,84,xgb,0.944,165.9,2025-01-01 21:24:00
1285,85,logreg,0.82,45.4,2025-01-01 21:25:00
1286,86,logreg,0.609,231.9,2025-01-01 21:26:00
1287,87,svm,0.566,150.8,2025-01-01 21:27:00
1288,88,rf,0.694,151.1,2025-01-01 21:28:00
1289,89,xgb,0.916,242.2,2025-01-01 21:29:00
1290,90,xgb,0.871,43.0,2025-01-01 21:30:00
1291,91,xgb,0.588,284.7,2025-01-01 21:31:00
1292,92,xgb,0.861,145.6,2025-01-01 21:32:00
1293,93,svm,0.52,228.7,2025-01-01 21:33:00
1294,94,xgb,0.531,111.5,2025-01-01 21:34:00
1295,95,rf,0.828,155.8,2025-01-01 21:35:00
1296,96,svm,0.69,275.5,2025-01-01 21:36:00
1297,97,rf,0.52,194.9,2025-01-01 21:37:00
1298,98,rf,0.845,156.9,2025-01-01 21:38:00
1299,99,svm,0.909,79.7,2025-01-01 21:39:00
1300,100,xgb,0.685,114.2,2025-01-01 21:40:00
1301,101,rf,0.753,113.5,2025-01-01 21:41:00
1302,102,xgb,0.753,106.5,2025-01-01 21:42:00
1303,103,svm,0.739,145.2,2025-01-01 21:43:00
1304,104,rf,0.746,42.6,2025-01-01 21:44:00
1305,105,xgb,0.613,154.8,2025-01-01 21:45:00
1306,106,svm,0.604,56.9,2025-01-01 21:46:00
1307,107,svm,0.795,245.3,2025-01-01 21:47:00
1308,108,xgb,0.703,99.7,2025-01-01 21:48:00
1309,109,rf,0.736,144.2,2025-01-01 21:49:00
1310,110,xgb,0.789,194.5,2025-01-01 21:50:00
1311,111,logreg,0.511,13.9,2025-01-01 21:51:00
1312,112,xgb,0.566,154.3,2025-01-01 21:52:00
1313,113,xgb,0.527,78.2,2025-01-01 21:53:00
1314,114,xgb,0.753,122.2,2025-01-01 21:54:00
1315,115,rf,0.93,218.7,2025-01-01 21:55:00
1316,116,svm,0.964,65.8,2025-01-01 21:56:00
1317,117,logreg,0.925,52.0,2025-01-01 21:57:00
1318,118,logreg,0.794,238.6,2025-01-01 21:58:00
1319,119,xgb,0.805,153.7,2025-01-01 21:59:00
1320,120,xgb,0.855,103.5,2025-01-01 22:00:00
1321,121,logreg,0.792,21.6,2025-01-01 22:01:00
1322,122,logreg,0.689,33.5,2025-01-01 22:02:00
1323,123,xgb,0.756,272.9,2025-01-01 22:03:00
1324,124,logreg,0.905,182.0,2025-01-01 22:04:00
1325,125,xgb,0.733,184.8,2025-01-01 22:05:00
1326,126,rf,0.93,159.9,2025-01-01 22:06:00
1327,127,rf,0.546,198.2,2025-01-01 22:07:00
1328,128,rf,0.94,232.7,2025-01-01 22:08:00
1329,129,logreg,0.756,111.7,2025-01-01 22:09:00
1330,130,rf,0.842,129.3,2025-01-01 22:10:00
1331,131,logreg,0.887,115.0,2025-01-01 22:11:00
1332,132,rf,0.708,77.1,2025-01-01 22:12:00
1333,133,xgb,0.946,26.1,2025-01-01 22:13:00
1334,134,logreg,0.626,2.6,2025-01-01 22:14:00
1335,135,rf,0.783,36.2,2025-01-01 22:15:00
1336,136,rf,0.684,62.4,2025-01-01 22:16:00
1337,137,svm,0.7,32.9,2025-01-01 22:17:00
1338,138,logreg,0.819,76.8,2025-01-01 22:18:00
1339,139,logreg,0.777,184.0,2025-01-01 22:19:00
1340,140,logreg,0.87,124.6,2025-01-01 22:20:00
1341,141,logreg,0.588,168.2,2025-01-01 22:21:00
1342,142,logreg,0.624,92.7,2025-01-01 22:22:00
1343,143,svm,0.879,120.0,2025-01-01 22:23:00
1344,144,xgb,0.919,198.1,2025-01-01 22:24:00
1345,145,xgb,0.719,210.1,2025-01-01 22:25:00
1346,146,xgb,0.549,153.0,2025-01-01 22:26:00
1347,147,svm,0.892,184.6,2025-01-01 22:27:00
1348,148,rf,0.579,289.4,2025-01-01 22:28:00
1349,149,rf,0.894,247.2,2025-01-01 22:29:00
1350,150,logreg,0.954,131.2,2025-01-01 22:30:00
1351,151,rf,0.629,111.9,2025-01-01 22:31:00
1352,152,rf,0.855,279.3,2025-01-01 22:32:00
1353,153,logreg,0.801,156.8,2025-01-01 22:33:00
1354,154,rf,0.963,246.2,2025-01-01 22:34:00
1355,155,logreg,0.715,61.3,2025-01-01 22:35:00
1356,156,svm,0.595,235.4,2025-01-01 22:36:00
1357,157,xgb,0.801,202.5,2025-01-01 22:37:00
1358,158,svm,0.617,1.1,2025-01-01 22:38:00
1359,159,xgb,0.543,83.5,2025-01-01 22:39:00
1360,160,logreg,0.673,119.1,2025-01-01 22:40:00
1361,161,xgb,0.754,221.3,2025-01-01 22:41:00
1362,162,rf,0.95,165.3,2025-01-01 22:42:00
1363,163,svm,0.67,244.8,2025-01-01 22:43:00
1364,164,xgb,0.797,59.2,2025-01-01 22:44:00
1365,165,logreg,0.782,79.1,2025-01-01 22:45:00
1366,166,logreg,0.748,168.0,2025-01-01 22:46:00
1367,167,svm,0.667,36.0,2025-01-01 22:47:00
1368,168,svm,0.929,244.1,2025-01-01 22:48:00
1369,169,svm,0.84,289.9,2025-01-01 22:49:00
1370,170,logreg,0.877,227.5,2025-01-01 22:50:00
1371,171,logreg,0.834,269.1,2025-01-01 22:51:00
1372,172,rf,0.736,78.1,2025-01-01 22:52:00
1373,173,logreg,0.81,298.3,2025-01-01 22:53:00
1374,174,xgb,0.892,124.3,2025-01-01 22:54:00
1375,175,svm,0.753,3.9,2025-01-01 22:55:00
1376,176,svm,0.622,28.8,2025-01-01 22:56:00
1377,177,svm,0.537,279.5,2025-01-01 22:57:00
1378,178,logreg,0.654,66.4,2025-01-01 22:58:00
1379,179,svm,0.59,224.1,2025-01-01 22:59:00
1380,180,xgb,0.745,60.7,2025-01-01 23:00:00
1381,181,xgb,0.928,62.8,2025-01-01 23:01:00
1382,182,xgb,0.909,251.1,2025-01-01 23:02:00
1383,183,svm,0.576,32.9,2025-01-01 23:03:00
1384,184,rf,0.831,199.4,2025-01-01 23:04:00
1385,185,rf,0.874,162.9,2025-01-01 23:05:00
1386,186,rf,0.916,112.0,2025-01-01 23:06:00
1387,187,svm,0.741,295.6,2025-01-01 23:07:00
1388,188,svm,0.74,295.3,2025-01-01 23:08:00
1389,189,svm,0.695,225.3,2025-01-01 23:09:00
1390,190,xgb,0.527,240.0,2025-01-01 23:10:00
1391,191,logreg,0.96,10.7,2025-01-01 23:11:00
1392,192,svm,0.693,206.2,2025-01-01 23:12:00
1393,193,xgb,0.724,37.0,2025-01-01 23:13:00
1394,194,logreg,0.655,3.5,2025-01-01 23:14:00
1395,195,xgb,0.686,31.1,2025-01-01 23:15:00
1396,196,svm,0.8,78.7,2025-01-01 23:16:00
1397,197,svm,0.616,141.9,2025-01-01 23:17:00
1398,198,svm,0.679,150.1,2025-01-01 23:18:00
1399,199,xgb,0.705,225.9,2025-01-01 23:19:00
1400,0,svm,0.919,84.6,2025-01-01 23:20:00
1401,1,xgb,0.78,293.8,2025-01-01 23:21:00
1402,2,xgb,0.899,216.5,2025-01-01 23:22:00
1403,3,xgb,0.772,257.0,2025-01-01 23:23:00
1404,4,xgb,0.571,287.8,2025-01-01 23:24:00
1405,5,xgb,0.732,3.9,2025-01-01 23:25:00
1406,6,logreg,0.745,298.7,2025-01-01 23:26:00
1407,7,svm,0.885,90.7,2025-01-01 23:27:00
1408,8,rf,0.695,207.5,2025-01-01 23:28:00
1409,9,rf,0.606,77.0,2025-01-01 23:29:00
1410,10,rf,0.72,101.1,2025-01-01 23:30:00
1411,11,svm,0.677,167.7,2025-01-01 23:31:00
1412,12,svm,0.669,124.1,2025-01-01 23:32:00
1413,13,svm,0.925,289.0,2025-01-01 23:33:00
1414,14,xgb,0.783,195.3,2025-01-01 23:34:00
1415,15,xgb,0.98,86.1,2025-01-01 23:35:00
1416,16,svm,0.83,146.8,2025-01-01 23:36:00
1417,17,logreg,0.936,114.9,2025-01-01 23:37:00
1418,18,svm,0.727,287.0,2025-01-01 23:38:00
1419,19,xgb,0.814,278.6,2025-01-01 23:39:00
1420,20,logreg,0.809,171.9,2025-01-01 23:40:00
1421,21,rf,0.539,103.7,2025-01-01 23:41:00
1422,22,svm,0.655,88.1,2025-01-01 23:42:00
1423,23,svm,0.797,119.2,2025-01-01 23:43:00
1424,24,logreg,0.883,281.7,2025-01-01 23:44:00
1425,25,logreg,0.703,56.0,2025-01-01 23:45:00
1426,26,rf,0.561,71.2,2025-01-01 23:46:00
1427,27,svm,0.961,210.5,2025-01-01 23:47:00
1428,28,rf,0.603,119.7,2025-01-01 23:48:00
1429,29,rf,0.531,263.7,2025-01-01 23:49:00
1430,30,rf,0.513,119.7,2025-01-01 23:50:00
1431,31,rf,0.551,185.8,2025-01-01 23:51:00
1432,32,rf,0.821,265.8,2025-01-01 23:52:00
1433,33,svm,0.612,221.5,2025-01-01 23:53:00
1434,34,logreg,0.807,40.3,2025-01-01 23:54:00
1435,35,xgb,0.514,199.4,2025-01-01 23:55:00
1436,36,svm,0.923,140.7,2025-01-01 23:56:00
1437,37,svm,0.769,41.4,2025-01-01 23:57:00
1438,38,xgb,0.79,137.5,2025-01-01 23:58:00
1439,39,logreg,0.756,192.2,2025-01-01 23:59:00
1440,40,svm,0.945,145.0,2025-01-02 00:00:00
1441,41,xgb,0.894,133.1,2025-01-02 00:01:00
1442,42,svm,0.702,47.6,2025-01-02 00:02:00
1443,43,rf,0.5,244.8,2025-01-02 00:03:00
1444,44,xgb,0.669,141.3,2025-01-02 00:04:00
1445,45,rf,0.837,148.1,2025-01-02 00:05:00
1446,46,logreg,0.647,230.0,2025-01-02 00:06:00
1447,47,svm,0.793,239.2,2025-01-02 00:07:00
1448,48,svm,0.592,264.8,2025-01-02 00:08:00
1449,49,logreg,0.693,49.8,2025-01-02 00:09:00
1450,50,logreg,0.906,67.0,2025-01-02 00:10:00
1451,51,rf,0.707,72.6,2025-01-02 00:11:00
1452,52,svm,0.639,223.1,2025-01-02 00:12:00
1453,53,svm,0.702,256.2,2025-01-02 00:13:00
1454,54,xgb,0.567,34.0,2025-01-02 00:14:00
1455,55,logreg,0.803,82.4,2025-01-02 00:15:00
1456,56,logreg,0.592,6.8,2025-01-02 00:16:00
1457,57,rf,0.975,7.6,2025-01-02 00:17:00
1458,58,rf,0.638,38.4,2025-01-02 00:18:00
1459,59,logreg,0.856,70.6,2025-01-02 00:19:00
1460,60,xgb,0.507,65.9,2025-01-02 00:20:00
1461,61,logreg,0.653,240.0,2025-01-02 00:21:00
1462,62,svm,0.727,237.6,2025-01-02 00:22:00
1463,63,svm,0.539,225.4,2025-01-02 00:23:00
1464,64,xgb,0.527,232.9,2025-01-02 00:24:00
1465,65,rf,0.766,55.3,2025-01-02 00:25:00
1466,66,svm,0.9,248.6,2025-01-02 00:26:00
1467,67,rf,0.978,214.7,2025-01-02 00:27:00
1468,68,logreg,0.878,133.4,2025-01-02 00:28:00
1469,69,rf,0.598,220.9,2025-01-02 00:29:00
1470,70,rf,0.755,294.7,2025-01-02 00:30:00
1471,71,logreg,0.691,288.4,2025-01-02 00:31:00
1472,72,svm,0.578,218.7,2025-01-02 00:32:00
1473,73,rf,0.624,191.9,2025-01-02 00:33:00
1474,74,xgb,0.677,16.6,2025-01-02 00:34:00
1475,75,xgb,0.977,71.6,2025-01-02 00:35:00
1476,76,logreg,0.659,51.0,2025-01-02 00:36:00
1477,77,svm,0.787,119.3,2025-01-02 00:37:00
1478,78,xgb,0.504,13.6,2025-01-02 00:38:00
1479,79,logreg,0.837,47.3,2025-01-02 00:39:00
1480,80,rf,0.622,150.5,2025-01-02 00:40:00
1481,81,svm,0.956,299.1,2025-01-02 00:41:00
1482,82,rf,0.529,193.7,2025-01-02 00:42:00
1483,83,rf,0.562,70.6,2025-01-02 00:43:00
1484,84,svm,0.895,132.2,2025-01-02 00:44:00
1485,85,xgb,0.51,114.0,2025-01-02 00:45:00
1486,86,xgb,0.623,12.8,2025-01-02 00:46:00
1487,87,logreg,0.774,163.3,2025-01-02 00:47:00
1488,88,logreg,0.593,56.8,2025-01-02 00:48:00
1489,89,svm,0.659,141.1,2025-01-02 00:49:00
1490,90,xgb,0.534,47.4,2025-01-02 00:50:00
1491,91,svm,0.902,162.9,2025-01-02 00:51:00
1492,92,logreg,0.5,191.8,2025-01-02 00:52:00
1493,93,logreg,0.859,265.0,2025-01-02 00:53:00
1494,94,svm,0.88,72.4,2025-01-02 00:54:00
1495,95,rf,0.823,162.1,2025-01-02 00:55:00
1496,96,logreg,0.593,205.3,2025-01-02 00:56:00
1497,97,xgb,0.8,97.5,2025-01-02 00:57:00
1498,98,svm,0.554,157.4,2025-01-02 00:58:00
1499,99,rf,0.521,281.4,2025-01-02 00:59:00
1500,100,xgb,0.928,61.4,2025-01-02 01:00:00
1501,101,logreg,0.594,10.5,2025-01-02 01:01:00
1502,102,logreg,0.822,158.2,2025-01-02 01:02:00
1503,103,svm,0.524,67.0,2025-01-02 01:03:00
1504,104,rf,0.506,276.4,2025-01-02 01:04:00
1505,105,logreg,0.955,249.8,2025-01-02 01:05:00
1506,106,logreg,0.892,19.1,2025-01-02 01:06:00
1507,107,logreg,0.903,238.5,2025-01-02 01:07:00
1508,108,rf,0.904,80.5,2025-01-02 01:08:00
1509,109,rf,0.86,250.5,2025-01-02 01:09:00
1510,110,rf,0.963,288.2,2025-01-02 01:10:00
1511,111,rf,0.55,70.1,2025-01-02 01:11:00
1512,112,logreg,0.593,158.3,2025-01-02 01:12:00
1513,113,xgb,0.779,284.3,2025-01-02 01:13:00
1514,114,logreg,0.866,230.1,2025-01-02 01:14:00
1515,115,svm,0.831,211.1,2025-01-02 01:15:00
1516,116,logreg,0.933,50.9,2025-01-02 01:16:00
1517,117,xgb,0.769,151.9,2025-01-02 01:17:00
1518,118,xgb,0.762,180.4,2025-01-02 01:18:00
1519,119,svm,0.942,165.5,2025-01-02 01:19:00
1520,120,svm,0.914,124.3,2025-01-02 01:20:00
1521,121,logreg,0.905,97.7,2025-01-02 01:21:00
1522,122,xgb,0.776,65.0,2025-01-02 01:22:00
1523,123,svm,0.676,136.3,2025-01-02 01:23:00
1524,124,logreg,0.5,11.4,2025-01-02 01:24:00
1525,125,svm,0.792,155.8,2025-01-02 01:25:00
1526,126,svm,0.503,295.3,2025-01-02 01:26:00
1527,127,xgb,0.919,7.5,2025-01-02 01:27:00
1528,128,svm,0.95,153.9,2025-01-02 01:28:00
1529,129,xgb,0.546,138.7,2025-01-02 01:29:00
1530,130,xgb,0.568,110.8,2025-01-02 01:30:00
1531,131,xgb,0.614,243.5,2025-01-02 01:31:00
1532,132,rf,0.78,171.2,2025-01-02 01:32:00
1533,133,xgb,0.86,217.4,2025-01-02 01:33:00
1534,134,logreg,0.585,247.9,2025-01-02 01:34:00
1535,135,rf,0.792,90.8,2025-01-02 01:35:00
1536,136,logreg,0.538,17.7,2025-01-02 01:36:00
1537,137,svm,0.67,245.3,2025-01-02 01:37:00
1538,138,logreg,0.956,37.0,2025-01-02 01:38:00
1539,139,xgb,0.866,255.0,2025-01-02 01:39:00
1540,140,rf,0.811,190.0,2025-01-02 01:40:00
1541,141,rf,0.649,13.3,2025-01-02 01:41:00
1542,142,xgb,0.66,209.6,2025-01-02 01:42:00
1543,143,xgb,0.525,219.7,2025-01-02 01:43:00
1544,144,logreg,0.976,226.1,2025-01-02 01:44:00
1545,145,rf,0.609,87.6,2025-01-02 01:45:00
1546,146,logreg,0.573,101.5,2025-01-02 01:46:00
1547,147,logreg,0.78,15.7,2025-01-02 01:47:00
1548,148,logreg,0.629,120.2,2025-01-02 01:48:00
1549,149,logreg,0.879,40.0,2025-01-02 01:49:00
1550,150,xgb,0.736,60.2,2025-01-02 01:50:00
1551,151,logreg,0.82,59.6,2025-01-02 01:51:00
1552,152,xgb,0.619,80.6,2025-01-02 01:52:00
1553,153,logreg,0.658,277.3,2025-01-02 01:53:00
1554,154,rf,0.555,124.7,2025-01-02 01:54:00
1555,155,svm,0.671,96.9,2025-01-02 01:55:00
1556,156,rf,0.877,51.6,2025-01-02 01:56:00
1557,157,svm,0.802,297.1,2025-01-02 01:57:00
1558,158,logreg,0.805,132.7,2025-01-02 01:58:00
1559,159,xgb,0.598,112.8,2025-01-02 01:59:00
1560,160,rf,0.555,17.3,2025-01-02 02:00:00
1561,161,xgb,0.926,246.2,2025-01-02 02:01:00
1562,162,rf,0.668,241.5,2025-01-02 02:02:00
1563,163,svm,0.721,7.8,2025-01-02 02:03:00
1564,164,xgb,0.863,64.4,2025-01-02 02:04:00
1565,165,svm,0.769,187.3,2025-01-02 02:05:00
1566,166,xgb,0.841,200.8,2025-01-02 02:06:00
1567,167,logreg,0.786,199.4,2025-01-02 02:07:00
1568,168,rf,0.625,19.0,2025-01-02 02:08:00
1569,169,xgb,0.887,185.8,2025-01-02 02:09:00
1570,170,rf,0.728,283.6,2025-01-02 02:10:00
1571,171,rf,0.69,82.1,2025-01-02 02:11:00
1572,172,svm,0.923,6.7,2025-01-02 02:12:00
1573,173,logreg,0.613,114.8,2025-01-02 02:13:00
1574,174,rf,0.943,145.9,2025-01-02 02:14:00
1575,175,rf,0.591,150.7,2025-01-02 02:15:00
1576,176,logreg,0.775,214.0,2025-01-02 02:16:00
1577,177,rf,0.621,159.3,2025-01-02 02:17:00
1578,178,svm,0.74,223.6,2025-01-02 02:18:00
1579,179,rf,0.67,106.2,2025-01-02 02:19:00
1580,180,svm,0.616,293.5,2025-01-02 02:20:00
1581,181,svm,0.898,188.1,2025-01-02 02:21:00
1582,182,logreg,0.936,244.6,2025-01-02 02:22:00
1583,183,rf,0.963,284.8,2025-01-02 02:23:00
1584,184,xgb,0.574,269.3,2025-01-02 02:24:00
1585,185,xgb,0.543,115.3,2025-01-02 02:25:00
1586,186,xgb,0.704,172.3,2025-01-02 02:26:00
1587,187,logreg,0.976,273.0,2025-01-02 02:27:00
1588,188,svm,0.72,40.4,2025-01-02 02:28:00
1589,189,xgb,0.785,205.5,2025-01-02 02:29:00
1590,190,xgb,0.923,93.4,2025-01-02 02:30:00
1591,191,xgb,0.711,272.8,2025-01-02 02:31:00
1592,192,xgb,0.822,169.9,2025-01-02 02:32:00
1593,193,xgb,0.656,167.6,2025-01-02 02:33:00
1594,194,rf,0.59,252.0,2025-01-02 02:34:00
1595,195,xgb,0.856,229.9,2025-01-02 02:35:00
1596,196,logreg,0.971,91.7,2025-01-02 02:36:00
1597,197,svm,0.574,57.2,2025-01-02 02:37:00
1598,198,xgb,0.591,229.0,2025-01-02 02:38:00
1599,199,svm,0.797,184.1,2025-01-02 02:39:00
1600,0,xgb,0.613,8.8,2025-01-02 02:40:00
1601,1,rf,0.837,143.5,2025-01-02 02:41:00
1602,2,logreg,0.849,112.8,2025-01-02 02:42:00
1603,3,logreg,0.741,42.1,2025-01-02 02:43:00
1604,4,xgb,0.611,123.2,2025-01-02 02:44:00
1605,5,rf,0.953,285.1,2025-01-02 02:45:00
1606,6,xgb,0.864,296.5,2025-01-02 02:46:00
1607,7,xgb,0.532,278.2,2025-01-02 02:47:00
1608,8,logreg,0.925,147.5,2025-01-02 02:48:00
1609,9,svm,0.925,266.4,2025-01-02 02:49:00
1610,10,logreg,0.698,13.5,2025-01-02 02:50:00
1611,11,logreg,0.853,118.9,2025-01-02 02:51:00
1612,12,rf,0.755,136.0,2025-01-02 02:52:00
1613,13,rf,0.93,74.5,2025-01-02 02:53:00
1614,14,logreg,0.982,12.7,2025-01-02 02:54:00
1615,15,logreg,0.753,189.6,2025-01-02 02:55:00
1616,16,rf,0.593,132.4,2025-01-02 02:56:00
1617,17,svm,0.879,86.5,2025-01-02 02:57:00
1618,18,xgb,0.707,184.3,2025-01-02 02:58:00
1619,19,rf,0.838,271.2,2025-01-02 02:59:00
1620,20,logreg,0.907,136.1,2025-01-02 03:00:00
1621,21,rf,0.588,176.0,2025-01-02 03:01:00
1622,22,xgb,0.693,97.7,2025-01-02 03:02:00
1623,23,rf,0.588,177.5,2025-01-02 03:03:00
1624,24,xgb,0.932,28.0,2025-01-02 03:04:00
1625,25,svm,0.839,272.2,2025-01-02 03:05:00
1626,26,xgb,0.852,37.9,2025-01-02 03:06:00
1627,27,rf,0.846,190.6,2025-01-02 03:07:00
1628,28,rf,0.757,115.8,2025-01-02 03:08:00
1629,29,xgb,0.686,114.8,2025-01-02 03:09:00
1630,30,xgb,0.947,170.1,2025-01-02 03:10:00
1631,31,xgb,0.579,44.2,2025-01-02 03:11:00
1632,32,rf,0.706,93.5,2025-01-02 03:12:00
1633,33,logreg,0.642,55.0,2025-01-02 03:13:00
1634,34,xgb,0.971,2.1,2025-01-02 03:14:00
1635,35,svm,0.506,149.8,2025-01-02 03:15:00
1636,36,logreg,0.766,2.7,2025-01-02 03:16:00
1637,37,logreg,0.617,177.1,2025-01-02 03:17:00
1638,38,logreg,0.722,133.1,2025-01-02 03:18:00
1639,39,rf,0.62,164.7,2025-01-02 03:19:00
1640,40,xgb,0.524,45.3,2025-01-02 03:20:00
1641,41,svm,0.518,256.3,2025-01-02 03:21:00
1642,42,svm,0.662,27.2,2025-01-02 03:22:00
1643,43,rf,0.704,54.3,2025-01-02 03:23:00
1644,44,svm,0.799,207.8,2025-01-02 03:24:00
1645,45,xgb,0.973,225.1,2025-01-02 03:25:00
1646,46,svm,0.956,28.8,2025-01-02 03:26:00
1647,47,svm,0.658,269.4,2025-01-02 03:27:00
1648,48,rf,0.872,253.1,2025-01-02 03:28:00
1649,49,rf,0.643,41.2,2025-01-02 03:29:00
1650,50,svm,0.661,124.7,2025-01-02 03:30:00
1651,51,xgb,0.841,184.0,2025-01-02 03:31:00
1652,52,rf,0.78,293.8,2025-01-02 03:32:00
1653,53,rf,0.737,206.9,2025-01-02 03:33:00
1654,54,svm,0.709,254.5,2025-01-02 03:34:00
1655,55,svm,0.757,298.5,2025-01-02 03:35:00
1656,56,svm,0.954,184.7,2025-01-02 03:36:00
1657,57,logreg,0.755,189.9,2025-01-02 03:37:00
1658,58,logreg,0.896,265.2,2025-01-02 03:38:00
1659,59,xgb,0.847,293.8,2025-01-02 03:39:00
1660,60,rf,0.558,140.0,2025-01-02 03:40:00
1661,61,rf,0.861,63.0,2025-01-02 03:41:00
1662,62,logreg,0.703,100.8,2025-01-02 03:42:00
1663,63,xgb,0.506,61.2,2025-01-02 03:43:00
1664,64,svm,0.625,21.3,2025-01-02 03:44:00
1665,65,svm,0.748,97.9,2025-01-02 03:45:00
1666,66,rf,0.556,100.7,2025-01-02 03:46:00
1667,67,logreg,0.855,185.2,2025-01-02 03:47:00
1668,68,rf,0.908,59.0,2025-01-02 03:48:00
1669,69,svm,0.952,144.3,2025-01-02 03:49:00
1670,70,logreg,0.891,194.1,2025-01-02 03:50:00
1671,71,logreg,0.576,138.7,2025-01-02 03:51:00
1672,72,svm,0.727,244.4,2025-01-02 03:52:00
1673,73,rf,0.909,90.5,2025-01-02 03:53:00
1674,74,svm,0.772,6.6,2025-01-02 03:54:00
1675,75,svm,0.892,266.5,2025-01-02 03:55:00
1676,76,svm,0.532,45.6,2025-01-02 03:56:00
1677,77,rf,0.666,113.2,2025-01-02 03:57:00
1678,78,xgb,0.78,117.5,2025-01-02 03:58:00
1679,79,rf,0.924,225.7,2025-01-02 03:59:00
1680,80,svm,0.848,82.2,2025-01-02 04:00:00
1681,81,rf,0.744,72.1,2025-01-02 04:01:00
1682,82,logreg,0.906,91.5,2025-01-02 04:02:00
1683,83,svm,0.586,112.9,2025-01-02 04:03:00
1684,84,rf,0.881,274.1,2025-01-02 04:04:00
1685,85,logreg,0.748,239.9,2025-01-02 04:05:00
1686,86,xgb,0.593,277.2,2025-01-02 04:06:00
1687,87,svm,0.88,43.8,2025-01-02 04:07:00
1688,88,rf,0.903,281.5,2025-01-02 04:08:00
1689,89,xgb,0.601,11.9,2025-01-02 04:09:00
1690,90,logreg,0.85,157.2,2025-01-02 04:10:00
1691,91,rf,0.652,14.2,2025-01-02 04:11:00
1692,92,rf,0.663,266.9,2025-01-02 04:12:00
1693,93,rf,0.755,198.0,2025-01-02 04:13:00
1694,94,svm,0.511,227.8,2025-01-02 04:14:00
1695,95,xgb,0.657,58.6,2025-01-02 04:15:00
1696,96,svm,0.761,232.1,2025-01-02 04:16:00
1697,97,rf,0.634,48.1,2025-01-02 04:17:00
1698,98,rf,0.507,187.3,2025-01-02 04:18:00
1699,99,rf,0.601,105.7,2025-01-02 04:19:00
1700,100,svm,0.633,283.0,2025-01-02 04:20:00
1701,101,svm,0.781,52.2,2025-01-02 04:21:00
1702,102,svm,0.8,102.3,2025-01-02 04:22:00
1703,103,logreg,0.525,9.7,2025-01-02 04:23:00
1704,104,rf,0.552,17.1,2025-01-02 04:24:00
1705,105,logreg,0.692,211.7,2025-01-02 04:25:00
1706,106,logreg,0.802,94.4,2025-01-02 04:26:00
1707,107,xgb,0.849,201.6,2025-01-02 04:27:00
1708,108,rf,0.977,227.0,2025-01-02 04:28:00
1709,109,logreg,0.778,28.8,2025-01-02 04:29:00
1710,110,logreg,0.548,93.8,2025-01-02 04:30:00
1711,111,logreg,0.731,284.3,2025-01-02 04:31:00
1712,112,xgb,0.922,185.5,2025-01-02 04:32:00
1713,113,svm,0.692,210.2,2025-01-02 04:33:00
1714,114,svm,0.887,264.8,2025-01-02 04:34:00
1715,115,logreg,0.739,20.5,2025-01-02 04:35:00
1716,116,rf,0.672,138.9,2025-01-02 04:36:00
1717,117,xgb,0.638,105.2,2025-01-02 04:37:00
1718,118,xgb,0.749,122.3,2025-01-02 04:38:00
1719,119,rf,0.66,195.2,2025-01-02 04:39:00
1720,120,svm,0.761,120.8,2025-01-02 04:40:00
1721,121,logreg,0.617,73.9,2025-01-02 04:41:00
1722,122,xgb,0.977,115.8,2025-01-02 04:42:00
1723,123,svm,0.602,208.5,2025-01-02 04:43:00
1724,124,logreg,0.884,131.2,2025-01-02 04:44:00
1725,125,svm,0.767,71.6,2025-01-02 04:45:00
1726,126,rf,0.862,213.9,2025-01-02 04:46:00
1727,127,logreg,0.556,179.2,2025-01-02 04:47:00
1728,128,svm,0.772,246.8,2025-01-02 04:48:00
1729,129,xgb,0.651,122.3,2025-01-02 04:49:00
1730,130,rf,0.836,179.3,2025-01-02 04:50:00
1731,131,logreg,0.66,193.9,2025-01-02 04:51:00
1732,132,rf,0.544,245.3,2025-01-02 04:52:00
1733,133,rf,0.871,198.6,2025-01-02 04:53:00
1734,134,logreg,0.76,117.6,2025-01-02 04:54:00
1735,135,logreg,0.596,204.8,2025-01-02 04:55:00
1736,136,svm,0.647,238.5,2025-01-02 04:56:00
1737,137,svm,0.95,281.1,2025-01-02 04:57:00
1738,138,svm,0.985,175.2,2025-01-02 04:58:00
1739,139,logreg,0.915,255.9,2025-01-02 04:59:00
1740,140,rf,0.681,165.1,2025-01-02 05:00:00
1741,141,rf,0.5,168.4,2025-01-02 05:01:00
1742,142,svm,0.554,85.4,2025-01-02 05:02:00
1743,143,rf,0.615,211.0,2025-01-02 05:03:00
1744,144,logreg,0.806,213.8,2025-01-02 05:04:00
1745,145,logreg,0.687,164.0,2025-01-02 05:05:00
1746,146,xgb,0.733,57.3,2025-01-02 05:06:00
1747,147,logreg,0.913,108.7,2025-01-02 05:07:00
1748,148,logreg,0.576,299.2,2025-01-02 05:08:00
1749,149,xgb,0.566,22.5,2025-01-02 05:09:00
1750,150,rf,0.571,265.6,2025-01-02 05:10:00
1751,151,logreg,0.978,41.6,2025-01-02 05:11:00
1752,152,xgb,0.815,125.3,2025-01-02 05:12:00
1753,153,logreg,0.938,208.9,2025-01-02 05:13:00
1754,154,logreg,0.805,136.9,2025-01-02 05:14:00
1755,155,logreg,0.771,135.6,2025-01-02 05:15:00
1756,156,svm,0.611,128.0,2025-01-02 05:16:00
1757,157,rf,0.783,254.2,2025-01-02 05:17:00
1758,158,xgb,0.849,81.5,2025-01-02 05:18:00
1759,159,svm,0.516,12.3,2025-01-02 05:19:00
1760,160,logreg,0.845,34.8,2025-01-02 05:20:00
1761,161,logreg,0.971,24.9,2025-01-02 05:21:00
1762,162,svm,0.728,24.4,2025-01-02 05:22:00
1763,163,rf,0.62,189.6,2025-01-02 05:23:00
1764,164,rf,0.835,162.2,2025-01-02 05:24:00
1765,165,svm,0.8,271.2,2025-01-02 05:25:00
1766,166,rf,0.73,154.3,2025-01-02 05:26:00
1767,167,logreg,0.781,100.1,2025-01-02 05:27:00
1768,168,svm,0.971,239.7,2025-01-02 05:28:00
1769,169,svm,0.582,208.8,2025-01-02 05:29:00
1770,170,svm,0.856,169.5,2025-01-02 05:30:00
1771,171,rf,0.808,173.9,2025-01-02 05:31:00
1772,172,rf,0.822,88.2,2025-01-02 05:32:00
1773,173,rf,0.641,25.7,2025-01-02 05:33:00
1774,174,rf,0.917,84.1,2025-01-02 05:34:00
1775,175,xgb,0.802,83.3,2025-01-02 05:35:00
1776,176,svm,0.507,34.4,2025-01-02 05:36:00
1777,177,xgb,0.946,222.0,2025-01-02 05:37:00
1778,178,logreg,0.681,53.4,2025-01-02 05:38:00
1779,179,xgb,0.738,240.0,2025-01-02 05:39:00
1780,180,rf,0.668,26.2,2025-01-02 05:40:00
1781,181,xgb,0.792,246.7,2025-01-02 05:41:00
1782,182,logreg,0.869,124.5,2025-01-02 05:42:00
1783,183,logreg,0.617,132.6,2025-01-02 05:43:00
1784,184,xgb,0.603,220.6,2025-01-02 05:44:00
1785,185,svm,0.527,80.1,2025-01-02 05:45:00
1786,186,rf,0.526,139.7,2025-01-02 05:46:00
1787,187,logreg,0.648,224.1,2025-01-02 05:47:00
1788,188,xgb,0.686,212.0,2025-01-02 05:48:00
1789,189,logreg,0.629,159.6,2025-01-02 05:49:00
1790,190,logreg,0.506,278.2,2025-01-02 05:50:00
1791,191,logreg,0.687,95.4,2025-01-02 05:51:00
1792,192,rf,0.548,159.9,2025-01-02 05:52:00
1793,193,svm,0.969,130.1,2025-01-02 05:53:00
1794,194,svm,0.664,80.9,2025-01-02 05:54:00
1795,195,rf,0.625,175.7,2025-01-02 05:55:00
1796,196,logreg,0.879,225.0,2025-01-02 05:56:00
1797,197,xgb,0.755,203.6,2025-01-02 05:57:00
1798,198,xgb,0.654,4.2,2025-01-02 05:58:00
1799,199,rf,0.908,4.6,2025-01-02 05:59:00
1800,0,rf,0.757,206.0,2025-01-02 06:00:00
1801,1,svm,0.608,85.7,2025-01-02 06:01:00
1802,2,xgb,0.517,186.2,2025-01-02 06:02:00
1803,3,rf,0.96,197.3,2025-01-02 06:03:00
1804,4,xgb,0.966,191.8,2025-01-02 06:04:00
1805,5,rf,0.542,181.8,2025-01-02 06:05:00
1806,6,logreg,0.822,270.1,2025-01-02 06:06:00
1807,7,xgb,0.939,209.0,2025-01-02 06:07:00
1808,8,svm,0.644,198.5,2025-01-02 06:08:00
1809,9,rf,0.813,276.9,2025-01-02 06:09:00
1810,10,svm,0.877,208.0,2025-01-02 06:10:00
1811,11,svm,0.626,234.4,2025-01-02 06:11:00
1812,12,svm,0.881,115.5,2025-01-02 06:12:00
1813,13,svm,0.988,78.2,2025-01-02 06:13:00
1814,14,svm,0.587,21.8,2025-01-02 06:14:00
1815,15,xgb,0.799,54.4,2025-01-02 06:15:00
1816,16,logreg,0.553,162.6,2025-01-02 06:16:00
1817,17,logreg,0.607,193.4,2025-01-02 06:17:00
1818,18,logreg,0.851,31.9,2025-01-02 06:18:00
1819,19,rf,0.535,218.5,2025-01-02 06:19:00
1820,20,logreg,0.509,149.8,2025-01-02 06:20:00
1821,21,rf,0.957,199.7,2025-01-02 06:21:00
1822,22,svm,0.574,99.6,2025-01-02 06:22:00
1823,23,logreg,0.782,155.1,2025-01-02 06:23:00
1824,24,logreg,0.734,121.8,2025-01-02 06:24:00
1825,25,rf,0.765,2.0,2025-01-02 06:25:00
1826,26,logreg,0.559,161.1,2025-01-02 06:26:00
1827,27,svm,0.663,91.5,2025-01-02 06:27:00
1828,28,rf,0.81,287.7,2025-01-02 06:28:00
1829,29,rf,0.679,256.1,2025-01-02 06:29:00
1830,30,svm,0.539,138.4,2025-01-02 06:30:00
1831,31,svm,0.817,53.8,2025-01-02 06:31:00
1832,32,rf,0.974,198.6,2025-01-02 06:32:00
1833,33,svm,0.841,269.0,2025-01-02 06:33:00
1834,34,svm,0.738,265.7,2025-01-02 06:34:00
1835,35,logreg,0.86,42.8,2025-01-02 06:35:00
1836,36,xgb,0.512,298.9,2025-01-02 06:36:00
1837,37,xgb,0.74,19.8,2025-01-02 06:37:00
1838,38,svm,0.745,289.5,2025-01-02 06:38:00
1839,39,logreg,0.974,5.9,2025-01-02 06:39:00
1840,40,svm,0.527,236.5,2025-01-02 06:40:00
1841,41,rf,0.699,64.3,2025-01-02 06:41:00
1842,42,logreg,0.961,261.2,2025-01-02 06:42:00
1843,43,xgb,0.863,70.7,2025-01-02 06:43:00
1844,44,rf,0.518,43.3,2025-01-02 06:44:00
1845,45,rf,0.731,275.5,2025-01-02 06:45:00
1846,46,rf,0.619,195.0,2025-01-02 06:46:00
1847,47,rf,0.584,15.9,2025-01-02 06:47:00
1848,48,svm,0.902,30.1,2025-01-02 06:48:00
1849,49,xgb,0.909,20.1,2025-01-02 06:49:00
1850,50,rf,0.556,178.9,2025-01-02 06:50:00
1851,51,xgb,0.531,61.6,2025-01-02 06:51:00
1852,52,svm,0.898,294.7,2025-01-02 06:52:00
1853,53,logreg,0.659,292.8,2025-01-02 06:53:00
1854,54,xgb,0.658,289.4,2025-01-02 06:54:00
1855,55,xgb,0.874,178.3,2025-01-02 06:55:00
1856,56,svm,0.531,82.9,2025-01-02 06:56:00
1857,57,logreg,0.582,111.6,2025-01-02 06:57:00
1858,58,xgb,0.715,277.8,2025-01-02 06:58:00
1859,59,rf,0.565,237.5,2025-01-02 06:59:00
1860,60,logreg,0.881,5.7,2025-01-02 07:00:00
1861,61,logreg,0.54,3.2,2025-01-02 07:01:00
1862,62,rf,0.846,178.5,2025-01-02 07:02:00
1863,63,svm,0.704,242.4,2025-01-02 07:03:00
1864,64,logreg,0.839,62.6,2025-01-02 07:04:00
1865,65,svm,0.756,124.2,2025-01-02 07:05:00
1866,66,xgb,0.799,12.2,2025-01-02 07:06:00
1867,67,xgb,0.851,184.0,2025-01-02 07:07:00
1868,68,rf,0.807,235.0,2025-01-02 07:08:00
1869,69,svm,0.705,167.8,2025-01-02 07:09:00
1870,70,xgb,0.558,159.5,2025-01-02 07:10:00
1871,71,rf,0.803,259.0,2025-01-02 07:11:00
1872,72,xgb,0.727,188.3,2025-01-02 07:12:00
1873,73,xgb,0.635,58.9,2025-01-02 07:13:00
1874,74,xgb,0.836,290.6,2025-01-02 07:14:00
1875,75,logreg,0.744,48.8,2025-01-02 07:15:00
1876,76,rf,0.526,109.9,2025-01-02 07:16:00
1877,77,xgb,0.713,101.0,2025-01-02 07:17:00
1878,78,logreg,0.521,222.4,2025-01-02 07:18:00
1879,79,xgb,0.577,9.7,2025-01-02 07:19:00
1880,80,rf,0.535,71.4,2025-01-02 07:20:00
1881,81,logreg,0.79,98.5,2025-01-02 07:21:00
1882,82,xgb,0.866,269.6,2025-01-02 07:22:00
1883,83,xgb,0.882,98.5,2025-01-02 07:23:00
1884,84,rf,0.616,124.4,2025-01-02 07:24:00
1885,85,xgb,0.684,67.0,2025-01-02 07:25:00
1886,86,logreg,0.787,17.2,2025-01-02 07:26:00
1887,87,logreg,0.571,278.4,2025-01-02 07:27:00
1888,88,logreg,0.587,112.7,2025-01-02 07:28:00
1889,89,logreg,0.853,190.0,2025-01-02 07:29:00
1890,90,svm,0.599,39.0,2025-01-02 07:30:00
1891,91,rf,0.637,34.2,2025-01-02 07:31:00
1892,92,logreg,0.725,52.2,2025-01-02 07:32:00
1893,93,svm,0.608,89.3,2025-01-02 07:33:00
1894,94,xgb,0.887,191.8,2025-01-02 07:34:00
1895,95,xgb,0.783,166.3,2025-01-02 07:35:00
1896,96,xgb,0.542,257.2,2025-01-02 07:36:00
1897,97,logreg,0.922,65.7,2025-01-02 07:37:00
1898,98,logreg,0.91,84.5,2025-01-02 07:38:00
1899,99,logreg,0.861,74.7,2025-01-02 07:39:00
1900,100,svm,0.713,67.5,2025-01-02 07:40:00
1901,101,xgb,0.948,269.6,2025-01-02 07:41:00
1902,102,logreg,0.98,13.0,2025-01-02 07:42:00
1903,103,logreg,0.859,151.8,2025-01-02 07:43:00
1904,104,logreg,0.76,144.3,2025-01-02 07:44:00
1905,105,rf,0.722,72.9,2025-01-02 07:45:00
1906,106,rf,0.84,122.6,2025-01-02 07:46:00
1907,107,xgb,0.565,89.4,2025-01-02 07:47:00
1908,108,rf,0.508,201.0,2025-01-02 07:48:00
1909,109,xgb,0.845,257.5,2025-01-02 07:49:00
1910,110,rf,0.978,139.7,2025-01-02 07:50:00
1911,111,xgb,0.928,122.2,2025-01-02 07:51:00
1912,112,svm,0.807,211.5,2025-01-02 07:52:00
1913,113,rf,0.922,22.1,2025-01-02 07:53:00
1914,114,svm,0.76,89.7,2025-01-02 07:54:00
1915,115,svm,0.842,184.1,2025-01-02 07:55:00
1916,116,xgb,0.886,25.2,2025-01-02 07:56:00
1917,117,svm,0.861,17.4,2025-01-02 07:57:00
1918,118,svm,0.935,34.2,2025-01-02 07:58:00
1919,119,svm,0.728,13.2,2025-01-02 07:59:00
1920,120,svm,0.586,168.1,2025-01-02 08:00:00
1921,121,rf,0.775,232.3,2025-01-02 08:01:00
1922,122,xgb,0.981,72.4,2025-01-02 08:02:00
1923,123,rf,0.818,221.5,2025-01-02 08:03:00
1924,124,xgb,0.869,228.5,2025-01-02 08:04:00
1925,125,svm,0.673,80.9,2025-01-02 08:05:00
1926,126,logreg,0.636,19.9,2025-01-02 08:06:00
1927,127,svm,0.722,150.9,2025-01-02 08:07:00
1928,128,rf,0.73,160.0,2025-01-02 08:08:00
1929,129,svm,0.721,111.1,2025-01-02 08:09:00
1930,130,rf,0.592,265.3,2025-01-02 08:10:00
1931,131,rf,0.539,269.5,2025-01-02 08:11:00
1932,132,svm,0.97,24.0,2025-01-02 08:12:00
1933,133,xgb,0.635,209.4,2025-01-02 08:13:00
1934,134,logreg,0.574,62.1,2025-01-02 08:14:00
1935,135,rf,0.644,290.9,2025-01-02 08:15:00
1936,136,xgb,0.732,126.6,2025-01-02 08:16:00
1937,137,rf,0.643,19.8,2025-01-02 08:17:00
1938,138,xgb,0.909,156.4,2025-01-02 08:18:00
1939,139,svm,0.702,103.5,2025-01-02 08:19:00
1940,140,svm,0.738,200.1,2025-01-02 08:20:00
1941,141,logreg,0.724,170.6,2025-01-02 08:21:00
1942,142,svm,0.584,78.7,2025-01-02 08:22:00
1943,143,logreg,0.682,87.2,2025-01-02 08:23:00
1944,144,rf,0.573,86.0,2025-01-02 08:24:00
1945,145,xgb,0.803,49.1,2025-01-02 08:25:00
1946,146,svm,0.589,53.4,2025-01-02 08:26:00
1947,147,xgb,0.579,36.0,2025-01-02 08:27:00
1948,148,svm,0.782,132.8,2025-01-02 08:28:00
1949,149,svm,0.59,169.2,2025-01-02 08:29:00
1950,150,rf,0.826,293.4,2025-01-02 08:30:00
1951,151,xgb,0.683,162.4,2025-01-02 08:31:00
1952,152,xgb,0.761,37.3,2025-01-02 08:32:00
1953,153,rf,0.698,150.3,2025-01-02 08:33:00
1954,154,xgb,0.964,278.4,2025-01-02 08:34:00
1955,155,xgb,0.502,221.8,2025-01-02 08:35:00
1956,156,svm,0.817,89.4,2025-01-02 08:36:00
1957,157,svm,0.975,226.5,2025-01-02 08:37:00
1958,158,xgb,0.892,218.8,2025-01-02 08:38:00
1959,159,logreg,0.666,34.6,2025-01-02 08:39:00
1960,160,logreg,0.941,42.7,2025-01-02 08:40:00
1961,161,rf,0.651,121.1,2025-01-02 08:41:00
1962,162,xgb,0.719,28.7,2025-01-02 08:42:00
1963,163,rf,0.798,59.3,2025-01-02 08:43:00
1964,164,xgb,0.883,230.4,2025-01-02 08:44:00
1965,165,xgb,0.511,162.0,2025-01-02 08:45:00
1966,166,logreg,0.832,287.3,2025-01-02 08:46:00
1967,167,logreg,0.595,96.0,2025-01-02 08:47:00
1968,168,rf,0.945,109.0,2025-01-02 08:48:00
1969,169,xgb,0.851,128.9,2025-01-02 08:49:00
1970,170,logreg,0.683,86.1,2025-01-02 08:50:00
1971,171,svm,0.651,134.2,2025-01-02 08:51:00
1972,172,rf,0.606,266.5,2025-01-02 08:52:00
1973,173,logreg,0.894,87.3,2025-01-02 08:53:00
1974,174,logreg,0.857,124.8,2025-01-02 08:54:00
1975,175,rf,0.57,91.7,2025-01-02 08:55:00
1976,176,svm,0.532,288.1,2025-01-02 08:56:00
1977,177,logreg,0.543,123.4,2025-01-02 08:57:00
1978,178,svm,0.703,167.2,2025-01-02 08:58:00
1979,179,xgb,0.598,249.9,2025-01-02 08:59:00
1980,180,svm,0.771,13.6,2025-01-02 09:00:00
1981,181,svm,0.909,91.9,2025-01-02 09:01:00
1982,182,logreg,0.61,237.6,2025-01-02 09:02:00
1983,183,xgb,0.629,286.9,2025-01-02 09:03:00
1984,184,logreg,0.561,200.1,2025-01-02 09:04:00
1985,185,svm,0.704,148.1,2025-01-02 09:05:00
1986,186,xgb,0.514,229.7,2025-01-02 09:06:00
1987,187,logreg,0.987,21.0,2025-01-02 09:07:00
1988,188,svm,0.785,170.1,2025-01-02 09:08:00
1989,189,svm,0.808,143.3,2025-01-02 09:09:00
1990,190,rf,0.683,220.2,2025-01-02 09:10:00
1991,191,rf,0.914,49.7,2025-01-02 09:11:00
1992,192,rf,0.572,138.9,2025-01-02 09:12:00
1993,193,xgb,0.675,16.8,2025-01-02 09:13:00
1994,194,svm,0.706,273.7,2025-01-02 09:14:00
1995,195,svm,0.524,88.2,2025-01-02 09:15:00
1996,196,rf,0.752,230.2,2025-01-02 09:16:00
1997,197,xgb,0.875,180.0,2025-01-02 09:17:00
1998,198,xgb,0.766,261.9,2025-01-02 09:18:00
1999,199,svm,0.633,209.7,2025-01-02 09:19:00
2000,0,svm,0.547,174.4,2025-01-02 09:20:00
2001,1,xgb,0.506,155.9,2025-01-02 09:21:00
2002,2,svm,0.882,124.2,2025-01-02 09:22:00
2003,3,xgb,0.55,47.2,2025-01-02 09:23:00
2004,4,xgb,0.907,238.7,2025-01-02 09:24:00
2005,5,rf,0.704,274.9,2025-01-02 09:25:00
2006,6,rf,0.901,277.1,2025-01-02 09:26:00
2007,7,logreg,0.671,207.6,2025-01-02 09:27:00
2008,8,xgb,0.9,267.0,2025-01-02 09:28:00
2009,9,svm,0.584,92.1,2025-01-02 09:29:00
2010,10,rf,0.609,257.2,2025-01-02 09:30:00
2011,11,xgb,0.837,92.9,2025-01-02 09:31:00
2012,12,xgb,0.564,24.5,2025-01-02 09:32:00
2013,13,rf,0.538,232.6,2025-01-02 09:33:00
2014,14,logreg,0.521,33.2,2025-01-02 09:34:00
2015,15,rf,0.73,272.7,2025-01-02 09:35:00
2016,16,rf,0.532,200.6,2025-01-02 09:36:00
2017,17,rf,0.883,276.1,2025-01-02 09:37:00
2018,18,xgb,0.788,60.8,2025-01-02 09:38:00
2019,19,svm,0.514,44.5,2025-01-02 09:39:00
2020,20,svm,0.965,105.0,2025-01-02 09:40:00
2021,21,xgb,0.919,234.5,2025-01-02 09:41:00
2022,22,xgb,0.747,21.4,2025-01-02 09:42:00
2023,23,rf,0.759,215.0,2025-01-02 09:43:00
2024,24,svm,0.584,226.5,2025-01-02 09:44:00
2025,25,rf,0.977,30.5,2025-01-02 09:45:00
2026,26,xgb,0.951,255.5,2025-01-02 09:46:00
2027,27,logreg,0.68,177.2,2025-01-02 09:47:00
2028,28,logreg,0.83,33.1,2025-01-02 09:48:00
2029,29,svm,0.981,127.8,2025-01-02 09:49:00
2030,30,xgb,0.7,228.7,2025-01-02 09:50:00
2031,31,svm,0.561,34.0,2025-01-02 09:51:00
2032,32,xgb,0.743,109.0,2025-01-02 09:52:00
2033,33,svm,0.773,13.1,2025-01-02 09:53:00
2034,34,svm,0.742,116.0,2025-01-02 09:54:00
2035,35,logreg,0.794,94.3,2025-01-02 09:55:00
2036,36,logreg,0.611,122.8,2025-01-02 09:56:00
2037,37,logreg,0.593,21.8,2025-01-02 09:57:00
2038,38,logreg,0.96,110.9,2025-01-02 09:58:00
2039,39,rf,0.989,148.0,2025-01-02 09:59:00
2040,40,rf,0.694,157.3,2025-01-02 10:00:00
2041,41,rf,0.558,119.0,2025-01-02 10:01:00
2042,42,rf,0.863,267.8,2025-01-02 10:02:00
2043,43,xgb,0.532,292.6,2025-01-02 10:03:00
2044,44,svm,0.598,253.4,2025-01-02 10:04:00
2045,45,logreg,0.56,251.6,2025-01-02 10:05:00
2046,46,logreg,0.636,214.3,2025-01-02 10:06:00
2047,47,svm,0.871,240.5,2025-01-02 10:07:00
2048,48,logreg,0.674,200.3,2025-01-02 10:08:00
2049,49,logreg,0.984,153.9,2025-01-02 10:09:00
2050,50,xgb,0.876,33.3,2025-01-02 10:10:00
2051,51,svm,0.74,70.0,2025-01-02 10:11:00
2052,52,xgb,0.515,221.6,2025-01-02 10:12:00
2053,53,rf,0.744,9.0,2025-01-02 10:13:00
2054,54,xgb,0.687,204.1,2025-01-02 10:14:00
2055,55,xgb,0.648,187.3,2025-01-02 10:15:00
2056,56,rf,0.824,156.5,2025-01-02 10:16:00
2057,57,logreg,0.888,61.4,2025-01-02 10:17:00
2058,58,logreg,0.74,79.2,2025-01-02 10:18:00
2059,59,svm,0.897,162.6,2025-01-02 10:19:00
2060,60,rf,0.967,10.4,2025-01-02 10:20:00
2061,61,logreg,0.931,36.6,2025-01-02 10:21:00
2062,62,logreg,0.654,113.5,2025-01-02 10:22:00
2063,63,logreg,0.518,53.9,2025-01-02 10:23:00
2064,64,svm,0.934,50.1,2025-01-02 10:24:00
2065,65,logreg,0.566,215.0,2025-01-02 10:25:00
2066,66,logreg,0.874,171.1,2025-01-02 10:26:00
2067,67,logreg,0.823,205.9,2025-01-02 10:27:00
2068,68,logreg,0.733,256.5,2025-01-02 10:28:00
2069,69,rf,0.692,148.9,2025-01-02 10:29:00
2070,70,logreg,0.802,106.5,2025-01-02 10:30:00
2071,71,svm,0.657,9.4,2025-01-02 10:31:00
2072,72,rf,0.563,110.6,2025-01-02 10:32:00
2073,73,rf,0.875,187.9,2025-01-02 10:33:00
2074,74,logreg,0.548,104.2,2025-01-02 10:34:00
2075,75,svm,0.702,17.9,2025-01-02 10:35:00
2076,76,xgb,0.621,194.8,2025-01-02 10:36:00
2077,77,rf,0.946,20.6,2025-01-02 10:37:00
2078,78,svm,0.556,51.8,2025-01-02 10:38:00
2079,79,svm,0.518,197.7,2025-01-02 10:39:00
2080,80,logreg,0.778,270.5,2025-01-02 10:40:00
2081,81,svm,0.51,141.4,2025-01-02 10:41:00
2082,82,rf,0.983,113.9,2025-01-02 10:42:00
2083,83,logreg,0.658,30.2,2025-01-02 10:43:00
2084,84,logreg,0.549,202.9,2025-01-02 10:44:00
2085,85,svm,0.743,243.6,2025-01-02 10:45:00
2086,86,svm,0.582,90.6,2025-01-02 10:46:00
2087,87,logreg,0.599,191.0,2025-01-02 10:47:00
2088,88,rf,0.912,161.2,2025-01-02 10:48:00
2089,89,svm,0.63,89.9,2025-01-02 10:49:00
2090,90,logreg,0.894,187.7,2025-01-02 10:50:00
2091,91,rf,0.852,173.9,2025-01-02 10:51:00
2092,92,svm,0.634,170.4,2025-01-02 10:52:00
2093,93,logreg,0.709,104.8,2025-01-02 10:53:00
2094,94,rf,0.819,91.3,2025-01-02 10:54:00
2095,95,svm,0.712,162.4,2025-01-02 10:55:00
2096,96,xgb,0.703,76.1,2025-01-02 10:56:00
2097,97,logreg,0.829,164.7,2025-01-02 10:57:00
2098,98,rf,0.808,155.4,2025-01-02 10:58:00
2099,99,xgb,0.783,64.7,2025-01-02 10:59:00
2100,100,logreg,0.631,191.7,2025-01-02 11:00:00
2101,101,logreg,0.958,218.3,2025-01-02 11:01:00
2102,102,rf,0.756,109.9,2025-01-02 11:02:00
2103,103,xgb,0.618,224.2,2025-01-02 11:03:00
2104,104,svm,0.914,123.7,2025-01-02 11:04:00
2105,105,rf,0.811,253.9,2025-01-02 11:05:00
2106,106,svm,0.904,194.2,2025-01-02 11:06:00
2107,107,svm,0.837,71.6,2025-01-02 11:07:00
2108,108,xgb,0.556,58.4,2025-01-02 11:08:00
2109,109,xgb,0.891,93.9,2025-01-02 11:09:00
2110,110,logreg,0.774,131.4,2025-01-02 11:10:00
2111,111,rf,0.599,82.5,2025-01-02 11:11:00
2112,112,rf,0.627,241.3,2025-01-02 11:12:00
2113,113,xgb,0.816,13.6,2025-01-02 11:13:00
2114,114,logreg,0.883,17.5,2025-01-02 11:14:00
2115,115,rf,0.654,90.1,2025-01-02 11:15:00
2116,116,rf,0.941,122.7,2025-01-02 11:16:00
2117,117,svm,0.829,265.8,2025-01-02 11:17:00
2118,118,logreg,0.962,217.5,2025-01-02 11:18:00
2119,119,xgb,0.616,171.7,2025-01-02 11:19:00
2120,120,rf,0.756,248.9,2025-01-02 11:20:00
2121,121,svm,0.743,28.0,2025-01-02 11:21:00
2122,122,rf,0.879,94.7,2025-01-02 11:22:00
2123,123,logreg,0.895,223.4,2025-01-02 11:23:00
2124,124,logreg,0.607,32.9,2025-01-02 11:24:00
2125,125,xgb,0.975,132.4,2025-01-02 11:25:00
2126,126,svm,0.923,17.7,2025-01-02 11:26:00
2127,127,svm,0.843,34.8,2025-01-02 11:27:00
2128,128,logreg,0.733,74.7,2025-01-02 11:28:00
2129,129,svm,0.931,281.2,2025-01-02 11:29:00
2130,130,svm,0.733,111.0,2025-01-02 11:30:00
2131,131,svm,0.51,290.1,2025-01-02 11:31:00
2132,132,rf,0.912,199.0,2025-01-02 11:32:00
2133,133,rf,0.838,236.9,2025-01-02 11:33:00
2134,134,xgb,0.624,116.0,2025-01-02 11:34:00
2135,135,svm,0.943,205.9,2025-01-02 11:35:00
2136,136,xgb,0.92,117.2,2025-01-02 11:36:00
2137,137,logreg,0.954,275.5,2025-01-02 11:37:00
2138,138,svm,0.544,247.0,2025-01-02 11:38:00
2139,139,xgb,0.646,258.0,2025-01-02 11:39:00
2140,140,xgb,0.949,189.8,2025-01-02 11:40:00
2141,141,logreg,0.887,82.9,2025-01-02 11:41:00
2142,142,rf,0.903,282.2,2025-01-02 11:42:00
2143,143,logreg,0.861,278.0,2025-01-02 11:43:00
2144,144,svm,0.852,263.2,2025-01-02 11:44:00
2145,145,rf,0.904,209.8,2025-01-02 11:45:00
2146,146,rf,0.672,181.0,2025-01-02 11:46:00
2147,147,svm,0.722,9.2,2025-01-02 11:47:00
2148,148,rf,0.814,55.9,2025-01-02 11:48:00
2149,149,logreg,0.888,41.7,2025-01-02 11:49:00
2150,150,logreg,0.598,92.4,2025-01-02 11:50:00
2151,151,rf,0.554,75.6,2025-01-02 11:51:00
2152,152,xgb,0.915,206.0,2025-01-02 11:52:00
2153,153,svm,0.721,262.2,2025-01-02 11:53:00
2154,154,xgb,0.628,206.6,2025-01-02 11:54:00
2155,155,svm,0.892,60.4,2025-01-02 11:55:00
2156,156,logreg,0.68,118.7,2025-01-02 11:56:00
2157,157,logreg,0.963,265.4,2025-01-02 11:57:00
2158,158,xgb,0.51,7.9,2025-01-02 11:58:00
2159,159,xgb,0.944,292.3,2025-01-02 11:59:00
2160,160,xgb,0.628,255.7,2025-01-02 12:00:00
2161,161,rf,0.697,129.2,2025-01-02 12:01:00
2162,162,svm,0.573,287.5,2025-01-02 12:02:00
2163,163,xgb,0.964,36.1,2025-01-02 12:03:00
2164,164,logreg,0.879,278.6,2025-01-02 12:04:00
2165,165,logreg,0.558,214.4,2025-01-02 12:05:00
2166,166,xgb,0.964,244.2,2025-01-02 12:06:00
2167,167,svm,0.641,148.8,2025-01-02 12:07:00
2168,168,xgb,0.711,62.8,2025-01-02 12:08:00
2169,169,xgb,0.988,85.6,2025-01-02 12:09:00
2170,170,xgb,0.705,123.1,2025-01-02 12:10:00
2171,171,xgb,0.514,292.9,2025-01-02 12:11:00
2172,172,xgb,0.803,272.3,2025-01-02 12:12:00
2173,173,svm,0.786,194.5,2025-01-02 12:13:00
2174,174,rf,0.505,40.8,2025-01-02 12:14:00
2175,175,svm,0.977,119.9,2025-01-02 12:15:00
2176,176,xgb,0.85,212.8,2025-01-02 12:16:00
2177,177,svm,0.536,167.5,2025-01-02 12:17:00
2178,178,rf,0.663,71.2,2025-01-02 12:18:00
2179,179,svm,0.988,281.9,2025-01-02 12:19:00
2180,180,rf,0.503,151.9,2025-01-02 12:20:00
2181,181,logreg,0.648,119.0,2025-01-02 12:21:00
2182,182,svm,0.565,267.8,2025-01-02 12:22:00
2183,183,rf,0.784,78.8,2025-01-02 12:23:00
2184,184,logreg,0.956,263.5,2025-01-02 12:24:00
2185,185,xgb,0.544,213.4,2025-01-02 12:25:00
2186,186,logreg,0.569,35.9,2025-01-02 12:26:00
2187,187,rf,0.979,150.3,2025-01-02 12:27:00
2188,188,svm,0.866,277.9,2025-01-02 12:28:00
2189,189,svm,0.942,79.7,2025-01-02 12:29:00
2190,190,svm,0.753,131.3,2025-01-02 12:30:00
2191,191,xgb,0.655,298.4,2025-01-02 12:31:00
2192,192,xgb,0.772,276.9,2025-01-02 12:32:00
2193,193,logreg,0.526,45.4,2025-01-02 12:33:00
2194,194,xgb,0.59,141.6,2025-01-02 12:34:00
2195,195,xgb,0.846,131.5,2025-01-02 12:35:00
2196,196,logreg,0.52,107.6,2025-01-02 12:36:00
2197,197,logreg,0.724,34.6,2025-01-02 12:37:00
2198,198,xgb,0.561,29.0,2025-01-02 12:38:00
2199,199,svm,0.589,51.3,2025-01-02 12:39:00
2200,0,svm,0.776,199.3,2025-01-02 12:40:00
2201,1,xgb,0.786,291.5,2025-01-02 12:41:00
2202,2,xgb,0.704,24.0,2025-01-02 12:42:00
2203,3,logreg,0.832,266.3,2025-01-02 12:43:00
2204,4,rf,0.639,294.4,2025-01-02 12:44:00
2205,5,rf,0.693,177.5,2025-01-02 12:45:00
2206,6,rf,0.91,47.0,2025-01-02 12:46:00
2207,7,rf,0.726,212.6,2025-01-02 12:47:00
2208,8,logreg,0.722,286.6,2025-01-02 12:48:00
2209,9,rf,0.661,14.1,2025-01-02 12:49:00
2210,10,logreg,0.659,219.7,2025-01-02 12:50:00
2211,11,xgb,0.604,15.6,2025-01-02 12:51:00
2212,12,svm,0.658,17.6,2025-01-02 12:52:00
2213,13,rf,0.768,181.1,2025-01-02 12:53:00
2214,14,rf,0.695,54.2,2025-01-02 12:54:00
2215,15,logreg,0.544,255.9,2025-01-02 12:55:00
2216,16,xgb,0.69,121.3,2025-01-02 12:56:00
2217,17,xgb,0.559,147.8,2025-01-02 12:57:00
2218,18,logreg,0.861,276.6,2025-01-02 12:58:00
2219,19,xgb,0.676,29.7,2025-01-02 12:59:00
2220,20,svm,0.751,147.4,2025-01-02 13:00:00
2221,21,logreg,0.733,169.4,2025-01-02 13:01:00
2222,22,logreg,0.544,127.3,2025-01-02 13:02:00
2223,23,svm,0.801,130.8,2025-01-02 13:03:00
2224,24,logreg,0.546,154.5,2025-01-02 13:04:00
2225,25,logreg,0.831,194.6,2025-01-02 13:05:00
2226,26,xgb,0.956,158.7,2025-01-02 13:06:00
2227,27,rf,0.642,131.8,2025-01-02 13:07:00
2228,28,logreg,0.647,295.3,2025-01-02 13:08:00
2229,29,svm,0.912,157.4,2025-01-02 13:09:00
2230,30,svm,0.779,165.7,2025-01-02 13:10:00
2231,31,rf,0.752,153.7,2025-01-02 13:11:00
2232,32,logreg,0.546,198.6,2025-01-02 13:12:00
2233,33,svm,0.674,176.1,2025-01-02 13:13:00
2234,34,rf,0.556,198.8,2025-01-02 13:14:00
2235,35,xgb,0.885,253.0,2025-01-02 13:15:00
2236,36,rf,0.541,263.1,2025-01-02 13:16:00
2237,37,svm,0.654,217.5,2025-01-02 13:17:00
2238,38,logreg,0.806,80.3,2025-01-02 13:18:00
2239,39,xgb,0.603,24.4,2025-01-02 13:19:00
2240,40,svm,0.927,32.8,2025-01-02 13:20:00
2241,41,rf,0.503,35.9,2025-01-02 13:21:00
2242,42,xgb,0.821,138.6,2025-01-02 13:22:00
2243,43,logreg,0.926,289.8,2025-01-02 13:23:00
2244,44,logreg,0.648,244.1,2025-01-02 13:24:00
2245,45,svm,0.838,289.0,2025-01-02 13:25:00
2246,46,logreg,0.894,27.2,2025-01-02 13:26:00
2247,47,xgb,0.507,34.5,2025-01-02 13:27:00
2248,48,rf,0.841,57.3,2025-01-02 13:28:00
2249,49,rf,0.603,194.9,2025-01-02 13:29:00
2250,50,xgb,0.714,188.2,2025-01-02 13:30:00
2251,51,xgb,0.542,231.1,2025-01-02 13:31:00
2252,52,xgb,0.732,7.5,2025-01-02 13:32:00
2253,53,xgb,0.942,221.9,2025-01-02 13:33:00
2254,54,logreg,0.972,142.0,2025-01-02 13:34:00
2255,55,logreg,0.787,61.2,2025-01-02 13:35:00
2256,56,logreg,0.525,3.4,2025-01-02 13:36:00
2257,57,logreg,0.98,254.7,2025-01-02 13:37:00
2258,58,svm,0.518,120.5,2025-01-02 13:38:00
2259,59,logreg,0.614,19.2,2025-01-02 13:39:00
2260,60,rf,0.707,95.4,2025-01-02 13:40:00
2261,61,rf,0.631,194.8,2025-01-02 13:41:00
2262,62,logreg,0.557,187.2,2025-01-02 13:42:00
2263,63,svm,0.72,131.4,2025-01-02 13:43:00
2264,64,xgb,0.641,58.5,2025-01-02 13:44:00
2265,65,svm,0.715,152.8,2025-01-02 13:45:00
2266,66,svm,0.952,256.2,2025-01-02 13:46:00
2267,67,logreg,0.564,88.7,2025-01-02 13:47:00
2268,68,logreg,0.97,250.1,2025-01-02 13:48:00
2269,69,svm,0.89,240.1,2025-01-02 13:49:00
2270,70,xgb,0.805,85.5,2025-01-02 13:50:00
2271,71,rf,0.827,39.6,2025-01-02 13:51:00
2272,72,xgb,0.577,148.2,2025-01-02 13:52:00
2273,73,logreg,0.962,148.6,2025-01-02 13:53:00
2274,74,xgb,0.603,15.1,2025-01-02 13:54:00
2275,75,rf,0.676,79.0,2025-01-02 13:55:00
2276,76,xgb,0.586,258.0,2025-01-02 13:56:00
2277,77,rf,0.895,102.0,2025-01-02 13:57:00
2278,78,rf,0.803,37.1,2025-01-02 13:58:00
2279,79,xgb,0.738,298.1,2025-01-02 13:59:00
2280,80,svm,0.877,231.3,2025-01-02 14:00:00
2281,81,svm,0.939,256.2,2025-01-02 14:01:00
2282,82,rf,0.846,278.1,2025-01-02 14:02:00
2283,83,logreg,0.892,288.8,2025-01-02 14:03:00
2284,84,rf,0.978,234.7,2025-01-02 14:04:00
2285,85,rf,0.904,13.5,2025-01-02 14:05:00
2286,86,rf,0.582,36.3,2025-01-02 14:06:00
2287,87,xgb,0.946,48.0,2025-01-02 14:07:00
2288,88,svm,0.847,228.8,2025-01-02 14:08:00
2289,89,logreg,0.859,30.7,2025-01-02 14:09:00
2290,90,svm,0.664,42.2,2025-01-02 14:10:00
2291,91,xgb,0.715,125.3,2025-01-02 14:11:00
2292,92,rf,0.62,242.9,2025-01-02 14:12:00
2293,93,svm,0.641,52.2,2025-01-02 14:13:00
2294,94,svm,0.682,226.7,2025-01-02 14:14:00
2295,95,svm,0.808,74.4,2025-01-02 14:15:00
2296,96,logreg,0.886,42.3,2025-01-02 14:16:00
2297,97,logreg,0.703,123.4,2025-01-02 14:17:00
2298,98,logreg,0.966,155.3,2025-01-02 14:18:00
2299,99,svm,0.962,133.3,2025-01-02 14:19:00
2300,100,rf,0.852,155.7,2025-01-02 14:20:00
2301,101,rf,0.542,95.1,2025-01-02 14:21:00
2302,102,xgb,0.713,118.6,2025-01-02 14:22:00
2303,103,rf,0.823,192.8,2025-01-02 14:23:00
2304,104,rf,0.979,294.0,2025-01-02 14:24:00
2305,105,svm,0.705,265.8,2025-01-02 14:25:00
2306,106,svm,0.854,94.8,2025-01-02 14:26:00
2307,107,svm,0.504,84.7,2025-01-02 14:27:00
2308,108,xgb,0.843,134.4,2025-01-02 14:28:00
2309,109,xgb,0.935,187.7,2025-01-02 14:29:00
2310,110,logreg,0.842,266.4,2025-01-02 14:30:00
2311,111,logreg,0.88,264.4,2025-01-02 14:31:00
2312,112,rf,0.518,101.0,2025-01-02 14:32:00
2313,113,xgb,0.755,162.7,2025-01-02 14:33:00
2314,114,xgb,0.545,166.0,2025-01-02 14:34:00
2315,115,svm,0.871,48.8,2025-01-02 14:35:00
2316,116,rf,0.936,162.4,2025-01-02 14:36:00
2317,117,svm,0.618,232.5,2025-01-02 14:37:00
2318,118,logreg,0.984,34.0,2025-01-02 14:38:00
2319,119,rf,0.912,78.7,2025-01-02 14:39:00
2320,120,svm,0.561,227.2,2025-01-02 14:40:00
2321,121,rf,0.72,172.2,2025-01-02 14:41:00
2322,122,rf,0.722,294.9,2025-01-02 14:42:00
2323,123,xgb,0.672,86.1,2025-01-02 14:43:00
2324,124,xgb,0.85,156.4,2025-01-02 14:44:00
2325,125,xgb,0.552,155.4,2025-01-02 14:45:00
2326,126,xgb,0.903,109.0,2025-01-02 14:46:00
2327,127,rf,0.572,128.3,2025-01-02 14:47:00
2328,128,logreg,0.54,19.6,2025-01-02 14:48:00
2329,129,xgb,0.733,134.4,2025-01-02 14:49:00
2330,130,svm,0.832,121.4,2025-01-02 14:50:00
2331,131,logreg,0.927,175.7,2025-01-02 14:51:00
2332,132,logreg,0.988,207.0,2025-01-02 14:52:00
2333,133,logreg,0.859,125.7,2025-01-02 14:53:00
2334,134,xgb,0.571,39.0,2025-01-02 14:54:00
2335,135,logreg,0.563,211.7,2025-01-02 14:55:00
2336,136,rf,0.84,137.2,2025-01-02 14:56:00
2337,137,rf,0.866,283.3,2025-01-02 14:57:00
2338,138,svm,0.952,36.5,2025-01-02 14:58:00
2339,139,logreg,0.554,111.5,2025-01-02 14:59:00
2340,140,svm,0.52,46.8,2025-01-02 15:00:00
2341,141,svm,0.649,113.0,2025-01-02 15:01:00
2342,142,svm,0.738,237.6,2025-01-02 15:02:00
2343,143,xgb,0.884,127.1,2025-01-02 15:03:00
2344,144,svm,0.936,65.5,2025-01-02 15:04:00
2345,145,logreg,0.501,164.7,2025-01-02 15:05:00
2346,146,rf,0.927,125.9,2025-01-02 15:06:00
2347,147,svm,0.777,270.2,2025-01-02 15:07:00
2348,148,logreg,0.733,216.3,2025-01-02 15:08:00
2349,149,xgb,0.873,151.9,2025-01-02 15:09:00
2350,150,logreg,0.873,200.5,2025-01-02 15:10:00
2351,151,xgb,0.925,98.2,2025-01-02 15:11:00
2352,152,logreg,0.69,270.2,2025-01-02 15:12:00
2353,153,svm,0.765,287.5,2025-01-02 15:13:00
2354,154,logreg,0.861,194.1,2025-01-02 15:14:00
2355,155,xgb,0.847,172.0,2025-01-02 15:15:00
2356,156,svm,0.775,38.0,2025-01-02 15:16:00
2357,157,rf,0.594,186.0,2025-01-02 15:17:00
2358,158,rf,0.969,157.0,2025-01-02 15:18:00
2359,159,logreg,0.746,6.6,2025-01-02 15:19:00
2360,160,xgb,0.972,83.2,2025-01-02 15:20:00
2361,161,xgb,0.62,212.0,2025-01-02 15:21:00
2362,162,logreg,0.541,160.5,2025-01-02 15:22:00
2363,163,svm,0.697,14.5,2025-01-02 15:23:00
2364,164,rf,0.667,55.0,2025-01-02 15:24:00
2365,165,rf,0.921,95.9,2025-01-02 15:25:00
2366,166,svm,0.545,294.0,2025-01-02 15:26:00
2367,167,xgb,0.64,55.6,2025-01-02 15:27:00
2368,168,rf,0.576,285.7,2025-01-02 15:28:00
2369,169,xgb,0.529,288.4,2025-01-02 15:29:00
2370,170,xgb,0.513,18.5,2025-01-02 15:30:00
2371,171,logreg,0.548,43.6,2025-01-02 15:31:00
2372,172,svm,0.626,282.5,2025-01-02 15:32:00
2373,173,rf,0.525,72.6,2025-01-02 15:33:00
2374,174,xgb,0.742,226.0,2025-01-02 15:34:00
2375,175,logreg,0.965,81.5,2025-01-02 15:35:00
2376,176,svm,0.728,122.7,2025-01-02 15:36:00
2377,177,logreg,0.514,190.4,2025-01-02 15:37:00
2378,178,rf,0.632,289.1,2025-01-02 15:38:00
2379,179,rf,0.621,166.9,2025-01-02 15:39:00
2380,180,xgb,0.649,122.6,2025-01-02 15:40:00
2381,181,rf,0.915,150.6,2025-01-02 15:41:00
2382,182,xgb,0.683,295.6,2025-01-02 15:42:00
2383,183,xgb,0.763,127.7,2025-01-02 15:43:00
2384,184,logreg,0.52,244.0,2025-01-02 15:44:00
2385,185,svm,0.82,51.0,2025-01-02 15:45:00
2386,186,rf,0.957,145.2,2025-01-02 15:46:00
2387,187,svm,0.911,114.7,2025-01-02 15:47:00
2388,188,svm,0.913,64.6,2025-01-02 15:48:00
2389,189,svm,0.522,222.0,2025-01-02 15:49:00
2390,190,rf,0.647,119.2,2025-01-02 15:50:00
2391,191,rf,0.907,217.8,2025-01-02 15:51:00
2392,192,svm,0.93,64.0,2025-01-02 15:52:00
2393,193,svm,0.933,283.7,2025-01-02 15:53:00
2394,194,svm,0.98,212.6,2025-01-02 15:54:00
2395,195,svm,0.621,294.9,2025-01-02 15:55:00
2396,196,svm,0.603,287.7,2025-01-02 15:56:00
2397,197,svm,0.508,207.9,2025-01-02 15:57:00
2398,198,rf,0.798,2.3,2025-01-02 15:58:00
2399,199,rf,0.83,124.5,2025-01-02 15:59:00
2400,0,logreg,0.874,161.9,2025-01-02 16:00:00
2401,1,rf,0.764,267.9,2025-01-02 16:01:00
2402,2,logreg,0.829,106.5,2025-01-02 16:02:00
2403,3,logreg,0.905,108.0,2025-01-02 16:03:00
2404,4,xgb,0.911,243.7,2025-01-02 16:04:00
2405,5,rf,0.561,111.8,2025-01-02 16:05:00
2406,6,xgb,0.718,67.2,2025-01-02 16:06:00
2407,7,rf,0.872,204.5,2025-01-02 16:07:00
2408,8,svm,0.594,245.1,2025-01-02 16:08:00
2409,9,svm,0.896,67.1,2025-01-02 16:09:00
2410,10,logreg,0.974,12.0,2025-01-02 16:10:00
2411,11,logreg,0.943,212.4,2025-01-02 16:11:00
2412,12,xgb,0.503,295.3,2025-01-02 16:12:00
2413,13,logreg,0.554,83.9,2025-01-02 16:13:00
2414,14,logreg,0.584,58.9,2025-01-02 16:14:00
2415,15,xgb,0.532,39.3,2025-01-02 16:15:00
2416,16,rf,0.562,280.1,2025-01-02 16:16:00
2417,17,xgb,0.932,218.9,2025-01-02 16:17:00
2418,18,svm,0.594,203.7,2025-01-02 16:18:00
2419,19,svm,0.834,265.0,2025-01-02 16:19:00
2420,20,rf,0.96,192.6,2025-01-02 16:20:00
2421,21,rf,0.918,97.6,2025-01-02 16:21:00
2422,22,logreg,0.634,204.4,2025-01-02 16:22:00
2423,23,logreg,0.743,155.7,2025-01-02 16:23:00
2424,24,rf,0.933,68.1,2025-01-02 16:24:00
2425,25,svm,0.95,160.2,2025-01-02 16:25:00
2426,26,svm,0.503,59.2,2025-01-02 16:26:00
2427,27,rf,0.931,242.5,2025-01-02 16:27:00
2428,28,xgb,0.979,127.7,2025-01-02 16:28:00
2429,29,rf,0.949,59.9,2025-01-02 16:29:00
2430,30,svm,0.652,188.2,2025-01-02 16:30:00
2431,31,rf,0.514,130.2,2025-01-02 16:31:00
2432,32,rf,0.79,188.3,2025-01-02 16:32:00
2433,33,svm,0.912,74.9,2025-01-02 16:33:00
2434,34,logreg,0.617,102.9,2025-01-02 16:34:00
2435,35,rf,0.903,156.4,2025-01-02 16:35:00
2436,36,xgb,0.962,232.9,2025-01-02 16:36:00
2437,37,logreg,0.874,188.0,2025-01-02 16:37:00
2438,38,rf,0.542,19.1,2025-01-02 16:38:00
2439,39,rf,0.685,267.1,2025-01-02 16:39:00
2440,40,rf,0.883,19.5,2025-01-02 16:40:00
2441,41,logreg,0.527,183.6,2025-01-02 16:41:00
2442,42,logreg,0.532,203.6,2025-01-02 16:42:00
2443,43,rf,0.645,115.1,2025-01-02 16:43:00
2444,44,rf,0.802,123.9,2025-01-02 16:44:00
2445,45,rf,0.722,139.8,2025-01-02 16:45:00
2446,46,logreg,0.931,186.1,2025-01-02 16:46:00
2447,47,svm,0.819,203.1,2025-01-02 16:47:00
2448,48,rf,0.722,99.1,2025-01-02 16:48:00
2449,49,xgb,0.553,4.7,2025-01-02 16:49:00
2450,50,rf,0.791,252.4,2025-01-02 16:50:00
2451,51,xgb,0.812,77.6,2025-01-02 16:51:00
2452,52,logreg,0.736,186.6,2025-01-02 16:52:00
2453,53,xgb,0.619,239.3,2025-01-02 16:53:00
2454,54,rf,0.563,175.8,2025-01-02 16:54:00
2455,55,svm,0.652,265.7,2025-01-02 16:55:00
2456,56,xgb,0.572,93.3,2025-01-02 16:56:00
2457,57,svm,0.643,291.1,2025-01-02 16:57:00
2458,58,xgb,0.528,152.6,2025-01-02 16:58:00
2459,59,rf,0.707,59.4,2025-01-02 16:59:00
2460,60,xgb,0.814,61.2,2025-01-02 17:00:00
2461,61,rf,0.667,200.7,2025-01-02 17:01:00
2462,62,logreg,0.794,100.0,2025-01-02 17:02:00
2463,63,svm,0.802,126.2,2025-01-02 17:03:00
2464,64,xgb,0.551,263.0,2025-01-02 17:04:00
2465,65,rf,0.743,276.1,2025-01-02 17:05:00
2466,66,xgb,0.84,140.5,2025-01-02 17:06:00
2467,67,xgb,0.617,220.6,2025-01-02 17:07:00
2468,68,svm,0.896,113.4,2025-01-02 17:08:00
2469,69,logreg,0.59,297.0,2025-01-02 17:09:00
2470,70,svm,0.505,108.0,2025-01-02 17:10:00
2471,71,rf,0.57,132.7,2025-01-02 17:11:00
2472,72,svm,0.522,9.9,2025-01-02 17:12:00
2473,73,xgb,0.639,66.5,2025-01-02 17:13:00
2474,74,svm,0.852,102.6,2025-01-02 17:14:00
2475,75,xgb,0.587,7.4,2025-01-02 17:15:00
2476,76,svm,0.946,7.3,2025-01-02 17:16:00
2477,77,xgb,0.686,236.4,2025-01-02 17:17:00
2478,78,rf,0.666,63.9,2025-01-02 17:18:00
2479,79,logreg,0.618,243.0,2025-01-02 17:19:00
2480,80,xgb,0.961,293.2,2025-01-02 17:20:00
2481,81,logreg,0.93,20.5,2025-01-02 17:21:00
2482,82,xgb,0.933,40.1,2025-01-02 17:22:00
2483,83,xgb,0.594,114.1,2025-01-02 17:23:00
2484,84,svm,0.656,129.4,2025-01-02 17:24:00
2485,85,xgb,0.951,229.2,2025-01-02 17:25:00
2486,86,xgb,0.919,89.0,2025-01-02 17:26:00
2487,87,xgb,0.661,16.9,2025-01-02 17:27:00
2488,88,svm,0.928,255.6,2025-01-02 17:28:00
2489,89,logreg,0.603,25.3,2025-01-02 17:29:00
2490,90,logreg,0.888,184.9,2025-01-02 17:30:00
2491,91,xgb,0.749,225.6,2025-01-02 17:31:00
2492,92,svm,0.744,139.8,2025-01-02 17:32:00
2493,93,svm,0.849,158.1,2025-01-02 17:33:00
2494,94,logreg,0.851,148.9,2025-01-02 17:34:00
2495,95,svm,0.785,191.8,2025-01-02 17:35:00
2496,96,rf,0.602,268.6,2025-01-02 17:36:00
2497,97,logreg,0.923,119.4,2025-01-02 17:37:00
2498,98,svm,0.708,113.7,2025-01-02 17:38:00
2499,99,xgb,0.958,112.9,2025-01-02 17:39:00
2500,100,rf,0.566,26.1,2025-01-02 17:40:00
2501,101,logreg,0.754,69.8,2025-01-02 17:41:00
2502,102,rf,0.728,186.7,2025-01-02 17:42:00
2503,103,logreg,0.721,130.3,2025-01-02 17:43:00
2504,104,svm,0.894,95.8,2025-01-02 17:44:00
2505,105,logreg,0.512,133.1,2025-01-02 17:45:00
2506,106,svm,0.816,108.4,2025-01-02 17:46:00
2507,107,rf,0.644,151.0,2025-01-02 17:47:00
2508,108,rf,0.885,278.1,2025-01-02 17:48:00
2509,109,rf,0.558,108.7,2025-01-02 17:49:00
2510,110,xgb,0.664,202.9,2025-01-02 17:50:00
2511,111,svm,0.648,244.9,2025-01-02 17:51:00
2512,112,svm,0.593,181.6,2025-01-02 17:52:00
2513,113,xgb,0.989,226.0,2025-01-02 17:53:00
2514,114,svm,0.504,90.5,2025-01-02 17:54:00
2515,115,svm,0.884,121.7,2025-01-02 17:55:00
2516,116,logreg,0.903,227.6,2025-01-02 17:56:00
2517,117,rf,0.731,154.3,2025-01-02 17:57:00
2518,118,xgb,0.924,69.0,2025-01-02 17:58:00
2519,119,xgb,0.732,155.2,2025-01-02 17:59:00
2520,120,logreg,0.854,139.0,2025-01-02 18:00:00
2521,121,rf,0.653,57.2,2025-01-02 18:01:00
2522,122,logreg,0.603,135.5,2025-01-02 18:02:00
2523,123,rf,0.684,173.7,2025-01-02 18:03:00
2524,124,xgb,0.65,221.6,2025-01-02 18:04:00
2525,125,logreg,0.897,250.5,2025-01-02 18:05:00
2526,126,svm,0.61,128.3,2025-01-02 18:06:00
2527,127,logreg,0.874,207.5,2025-01-02 18:07:00
2528,128,svm,0.66,7.9,2025-01-02 18:08:00
2529,129,rf,0.952,47.0,2025-01-02 18:09:00
2530,130,svm,0.778,239.9,2025-01-02 18:10:00
2531,131,logreg,0.98,62.1,2025-01-02 18:11:00
2532,132,logreg,0.531,116.5,2025-01-02 18:12:00
2533,133,logreg,0.553,171.3,2025-01-02 18:13:00
2534,134,logreg,0.813,92.1,2025-01-02 18:14:00
2535,135,xgb,0.551,166.3,2025-01-02 18:15:00
2536,136,rf,0.905,181.4,2025-01-02 18:16:00
2537,137,rf,0.591,21.8,2025-01-02 18:17:00
2538,138,logreg,0.639,70.7,2025-01-02 18:18:00
2539,139,rf,0.723,111.2,2025-01-02 18:19:00
2540,140,rf,0.584,258.1,2025-01-02 18:20:00
2541,141,logreg,0.692,296.9,2025-01-02 18:21:00
2542,142,xgb,0.763,144.0,2025-01-02 18:22:00
2543,143,rf,0.691,271.2,2025-01-02 18:23:00
2544,144,xgb,0.564,62.5,2025-01-02 18:24:00
2545,145,logreg,0.901,199.8,2025-01-02 18:25:00
2546,146,xgb,0.796,281.8,2025-01-02 18:26:00
2547,147,xgb,0.746,205.8,2025-01-02 18:27:00
2548,148,svm,0.599,297.3,2025-01-02 18:28:00
2549,149,logreg,0.531,120.4,2025-01-02 18:29:00
2550,150,xgb,0.758,273.2,2025-01-02 18:30:00
2551,151,logreg,0.726,173.3,2025-01-02 18:31:00
2552,152,rf,0.641,264.4,2025-01-02 18:32:00
2553,153,logreg,0.67,252.9,2025-01-02 18:33:00
2554,154,svm,0.692,247.2,2025-01-02 18:34:00
2555,155,xgb,0.703,54.7,2025-01-02 18:35:00
2556,156,logreg,0.724,273.3,2025-01-02 18:36:00
2557,157,xgb,0.842,29.6,2025-01-02 18:37:00
2558,158,rf,0.617,261.3,2025-01-02 18:38:00
2559,159,svm,0.932,161.8,2025-01-02 18:39:00
2560,160,rf,0.842,217.0,2025-01-02 18:40:00
2561,161,xgb,0.945,124.0,2025-01-02 18:41:00
2562,162,rf,0.988,23.9,2025-01-02 18:42:00
2563,163,rf,0.747,234.1,2025-01-02 18:43:00
2564,164,logreg,0.721,76.6,2025-01-02 18:44:00
2565,165,rf,0.726,22.9,2025-01-02 18:45:00
2566,166,logreg,0.687,224.0,2025-01-02 18:46:00
2567,167,xgb,0.694,4.2,2025-01-02 18:47:00
2568,168,rf,0.847,41.8,2025-01-02 18:48:00
2569,169,logreg,0.738,21.4,2025-01-02 18:49:00
2570,170,xgb,0.85,131.9,2025-01-02 18:50:00
2571,171,logreg,0.902,252.6,2025-01-02 18:51:00
2572,172,xgb,0.911,182.5,2025-01-02 18:52:00
2573,173,xgb,0.644,160.9,2025-01-02 18:53:00
2574,174,logreg,0.583,201.7,2025-01-02 18:54:00
2575,175,rf,0.832,46.9,2025-01-02 18:55:00
2576,176,svm,0.587,214.6,2025-01-02 18:56:00
2577,177,xgb,0.717,15.3,2025-01-02 18:57:00
2578,178,rf,0.691,93.2,2025-01-02 18:58:00
2579,179,rf,0.793,15.6,2025-01-02 18:59:00
2580,180,logreg,0.876,278.7,2025-01-02 19:00:00
2581,181,svm,0.945,60.8,2025-01-02 19:01:00
2582,182,rf,0.707,296.8,2025-01-02 19:02:00
2583,183,svm,0.902,204.3,2025-01-02 19:03:00
2584,184,rf,0.608,264.8,2025-01-02 19:04:00
2585,185,xgb,0.855,14.2,2025-01-02 19:05:00
2586,186,rf,0.9,97.5,2025-01-02 19:06:00
2587,187,xgb,0.806,280.4,2025-01-02 19:07:00
2588,188,logreg,0.96,37.1,2025-01-02 19:08:00
2589,189,xgb,0.552,97.7,2025-01-02 19:09:00
2590,190,rf,0.697,95.6,2025-01-02 19:10:00
2591,191,logreg,0.604,66.8,2025-01-02 19:11:00
2592,192,svm,0.818,111.3,2025-01-02 19:12:00
2593,193,rf,0.934,123.9,2025-01-02 19:13:00
2594,194,logreg,0.982,31.4,2025-01-02 19:14:00
2595,195,xgb,0.623,29.3,2025-01-02 19:15:00
2596,196,svm,0.981,209.2,2025-01-02 19:16:00
2597,197,xgb,0.663,191.0,2025-01-02 19:17:00
2598,198,svm,0.979,200.2,2025-01-02 19:18:00
2599,199,rf,0.664,183.0,2025-01-02 19:19:00
2600,0,logreg,0.687,192.5,2025-01-02 19:20:00
2601,1,xgb,0.747,211.7,2025-01-02 19:21:00
2602,2,rf,0.614,185.3,2025-01-02 19:22:00
2603,3,rf,0.651,221.6,2025-01-02 19:23:00
2604,4,xgb,0.804,18.9,2025-01-02 19:24:00
2605,5,svm,0.744,61.4,2025-01-02 19:25:00
2606,6,logreg,0.6,12.3,2025-01-02 19:26:00
2607,7,logreg,0.862,99.3,2025-01-02 19:27:00
2608,8,svm,0.656,236.3,2025-01-02 19:28:00
2609,9,rf,0.755,293.3,2025-01-02 19:29:00
2610,10,svm,0.868,69.5,2025-01-02 19:30:00
2611,11,svm,0.668,62.5,2025-01-02 19:31:00
2612,12,rf,0.944,199.8,2025-01-02 19:32:00
2613,13,xgb,0.893,209.2,2025-01-02 19:33:00
2614,14,xgb,0.798,115.1,2025-01-02 19:34:00
2615,15,svm,0.59,189.3,2025-01-02 19:35:00
2616,16,rf,0.926,21.9,2025-01-02 19:36:00
2617,17,xgb,0.526,297.6,2025-01-02 19:37:00
2618,18,xgb,0.562,52.9,2025-01-02 19:38:00
2619,19,xgb,0.616,24.4,2025-01-02 19:39:00
2620,20,logreg,0.653,216.8,2025-01-02 19:40:00
2621,21,xgb,0.708,182.1,2025-01-02 19:41:00
2622,22,svm,0.64,135.0,2025-01-02 19:42:00
2623,23,xgb,0.633,234.6,2025-01-02 19:43:00
2624,24,rf,0.966,108.5,2025-01-02 19:44:00
2625,25,logreg,0.582,133.0,2025-01-02 19:45:00
2626,26,logreg,0.873,246.1,2025-01-02 19:46:00
2627,27,logreg,0.51,115.0,2025-01-02 19:47:00
2628,28,rf,0.872,276.5,2025-01-02 19:48:00
2629,29,xgb,0.771,53.5,2025-01-02 19:49:00
2630,30,logreg,0.727,136.6,2025-01-02 19:50:00
2631,31,logreg,0.775,144.8,2025-01-02 19:51:00
2632,32,svm,0.567,141.3,2025-01-02 19:52:00
2633,33,xgb,0.949,2.2,2025-01-02 19:53:00
2634,34,svm,0.741,277.8,2025-01-02 19:54:00
2635,35,logreg,0.976,112.6,2025-01-02 19:55:00
2636,36,logreg,0.651,296.3,2025-01-02 19:56:00
2637,37,rf,0.7,12.6,2025-01-02 19:57:00
2638,38,rf,0.689,170.1,2025-01-02 19:58:00
2639,39,xgb,0.874,287.2,2025-01-02 19:59:00
2640,40,svm,0.75,147.1,2025-01-02 20:00:00
2641,41,svm,0.841,195.6,2025-01-02 20:01:00
2642,42,logreg,0.86,73.5,2025-01-02 20:02:00
2643,43,rf,0.952,109.1,2025-01-02 20:03:00
2644,44,rf,0.842,194.0,2025-01-02 20:04:00
2645,45,svm,0.797,283.3,2025-01-02 20:05:00
2646,46,xgb,0.625,181.0,2025-01-02 20:06:00
2647,47,xgb,0.506,231.5,2025-01-02 20:07:00
2648,48,logreg,0.695,176.3,2025-01-02 20:08:00
2649,49,rf,0.754,57.5,2025-01-02 20:09:00
2650,50,logreg,0.581,128.6,2025-01-02 20:10:00
2651,51,svm,0.745,160.4,2025-01-02 20:11:00
2652,52,logreg,0.787,220.4,2025-01-02 20:12:00
2653,53,rf,0.554,172.2,2025-01-02 20:13:00
2654,54,svm,0.899,81.4,2025-01-02 20:14:00
2655,55,xgb,0.956,120.0,2025-01-02 20:15:00
2656,56,svm,0.503,51.4,2025-01-02 20:16:00
2657,57,logreg,0.501,21.9,2025-01-02 20:17:00
2658,58,logreg,0.757,196.7,2025-01-02 20:18:00
2659,59,logreg,0.584,113.0,2025-01-02 20:19:00
2660,60,xgb,0.597,55.4,2025-01-02 20:20:00
2661,61,rf,0.721,244.5,2025-01-02 20:21:00
2662,62,xgb,0.598,225.2,2025-01-02 20:22:00
2663,63,xgb,0.627,270.8,2025-01-02 20:23:00
2664,64,logreg,0.716,274.0,2025-01-02 20:24:00
2665,65,rf,0.925,50.7,2025-01-02 20:25:00
2666,66,svm,0.542,38.3,2025-01-02 20:26:00
2667,67,rf,0.668,176.1,2025-01-02 20:27:00
2668,68,logreg,0.738,228.4,2025-01-02 20:28:00
2669,69,rf,0.53,225.8,2025-01-02 20:29:00
2670,70,rf,0.826,237.0,2025-01-02 20:30:00
2671,71,rf,0.547,157.2,2025-01-02 20:31:00
2672,72,rf,0.684,156.5,2025-01-02 20:32:00
2673,73,svm,0.957,142.5,2025-01-02 20:33:00
2674,74,svm,0.796,101.6,2025-01-02 20:34:00
2675,75,svm,0.99,245.2,2025-01-02 20:35:00
2676,76,svm,0.826,114.2,2025-01-02 20:36:00
2677,77,rf,0.978,262.1,2025-01-02 20:37:00
2678,78,rf,0.502,261.3,2025-01-02 20:38:00
2679,79,logreg,0.855,266.5,2025-01-02 20:39:00
2680,80,xgb,0.513,37.7,2025-01-02 20:40:00
2681,81,svm,0.966,225.7,2025-01-02 20:41:00
2682,82,xgb,0.681,185.9,2025-01-02 20:42:00
2683,83,logreg,0.752,198.4,2025-01-02 20:43:00
2684,84,rf,0.983,287.3,2025-01-02 20:44:00
2685,85,svm,0.508,108.7,2025-01-02 20:45:00
2686,86,rf,0.975,221.0,2025-01-02 20:46:00
2687,87,logreg,0.614,145.9,2025-01-02 20:47:00
2688,88,rf,0.671,281.8,2025-01-02 20:48:00
2689,89,logreg,0.984,257.3,2025-01-02 20:49:00
2690,90,rf,0.86,88.9,2025-01-02 20:50:00
2691,91,xgb,0.849,261.1,2025-01-02 20:51:00
2692,92,rf,0.563,239.2,2025-01-02 20:52:00
2693,93,svm,0.908,298.9,2025-01-02 20:53:00
2694,94,logreg,0.582,134.4,2025-01-02 20:54:00
2695,95,rf,0.736,162.7,2025-01-02 20:55:00
2696,96,xgb,0.604,226.2,2025-01-02 20:56:00
2697,97,rf,0.552,298.0,2025-01-02 20:57:00
2698,98,rf,0.579,278.8,2025-01-02 20:58:00
2699,99,logreg,0.875,66.9,2025-01-02 20:59:00
2700,100,svm,0.826,285.5,2025-01-02 21:00:00
2701,101,rf,0.826,276.9,2025-01-02 21:01:00
2702,102,logreg,0.544,207.8,2025-01-02 21:02:00
2703,103,xgb,0.957,230.1,2025-01-02 21:03:00
2704,104,rf,0.816,113.7,2025-01-02 21:04:00
2705,105,logreg,0.82,235.7,2025-01-02 21:05:00
2706,106,logreg,0.896,67.8,2025-01-02 21:06:00
2707,107,rf,0.643,34.3,2025-01-02 21:07:00
2708,108,svm,0.863,281.2,2025-01-02 21:08:00
2709,109,rf,0.781,39.1,2025-01-02 21:09:00
2710,110,svm,0.967,173.5,2025-01-02 21:10:00
2711,111,rf,0.652,177.4,2025-01-02 21:11:00
2712,112,xgb,0.915,294.0,2025-01-02 21:12:00
2713,113,svm,0.878,239.5,2025-01-02 21:13:00
2714,114,xgb,0.755,180.9,2025-01-02 21:14:00
2715,115,xgb,0.552,3.7,2025-01-02 21:15:00
2716,116,logreg,0.655,245.0,2025-01-02 21:16:00
2717,117,svm,0.91,150.4,2025-01-02 21:17:00
2718,118,logreg,0.572,85.7,2025-01-02 21:18:00
2719,119,rf,0.793,93.4,2025-01-02 21:19:00
2720,120,rf,0.634,254.5,2025-01-02 21:20:00
2721,121,logreg,0.809,65.5,2025-01-02 21:21:00
2722,122,svm,0.845,113.6,2025-01-02 21:22:00
2723,123,svm,0.575,215.3,2025-01-02 21:23:00
2724,124,xgb,0.843,16.7,2025-01-02 21:24:00
2725,125,xgb,0.92,218.5,2025-01-02 21:25:00
2726,126,svm,0.982,198.1,2025-01-02 21:26:00
2727,127,xgb,0.986,164.8,2025-01-02 21:27:00
2728,128,svm,0.707,142.6,2025-01-02 21:28:00
2729,129,svm,0.871,117.9,2025-01-02 21:29:00
2730,130,svm,0.638,277.0,2025-01-02 21:30:00
2731,131,logreg,0.548,97.7,2025-01-02 21:31:00
2732,132,rf,0.916,213.2,2025-01-02 21:32:00
2733,133,logreg,0.821,173.6,2025-01-02 21:33:00
2734,134,logreg,0.841,88.0,2025-01-02 21:34:00
2735,135,xgb,0.603,241.5,2025-01-02 21:35:00
2736,136,xgb,0.86,3.7,2025-01-02 21:36:00
2737,137,rf,0.832,296.6,2025-01-02 21:37:00
2738,138,xgb,0.685,294.8,2025-01-02 21:38:00
2739,139,xgb,0.954,29.7,2025-01-02 21:39:00
2740,140,logreg,0.588,16.7,2025-01-02 21:40:00
2741,141,svm,0.791,290.9,2025-01-02 21:41:00
2742,142,logreg,0.62,36.5,2025-01-02 21:42:00
2743,143,logreg,0.739,206.7,2025-01-02 21:43:00
2744,144,xgb,0.82,113.2,2025-01-02 21:44:00
2745,145,rf,0.881,259.6,2025-01-02 21:45:00
2746,146,logreg,0.635,196.3,2025-01-02 21:46:00
2747,147,svm,0.506,35.9,2025-01-02 21:47:00
2748,148,rf,0.74,201.0,2025-01-02 21:48:00
2749,149,xgb,0.511,172.3,2025-01-02 21:49:00
2750,150,logreg,0.634,223.9,2025-01-02 21:50:00
2751,151,xgb,0.688,300.0,2025-01-02 21:51:00
2752,152,logreg,0.646,38.4,2025-01-02 21:52:00
2753,153,svm,0.531,272.8,2025-01-02 21:53:00
2754,154,xgb,0.699,210.5,2025-01-02 21:54:00
2755,155,logreg,0.772,161.4,2025-01-02 21:55:00
2756,156,logreg,0.531,251.3,2025-01-02 21:56:00
2757,157,rf,0.869,63.0,2025-01-02 21:57:00
2758,158,rf,0.589,180.1,2025-01-02 21:58:00
2759,159,xgb,0.503,134.7,2025-01-02 21:59:00
2760,160,svm,0.56,39.5,2025-01-02 22:00:00
2761,161,xgb,0.82,27.3,2025-01-02 22:01:00
2762,162,svm,0.917,11.5,2025-01-02 22:02:00
2763,163,rf,0.748,109.7,2025-01-02 22:03:00
2764,164,xgb,0.707,283.6,2025-01-02 22:04:00
2765,165,rf,0.622,14.8,2025-01-02 22:05:00
2766,166,svm,0.823,134.0,2025-01-02 22:06:00
2767,167,logreg,0.841,157.3,2025-01-02 22:07:00
2768,168,svm,0.797,153.7,2025-01-02 22:08:00
2769,169,rf,0.825,14.4,2025-01-02 22:09:00
2770,170,rf,0.592,90.6,2025-01-02 22:10:00
2771,171,xgb,0.969,181.0,2025-01-02 22:11:00
2772,172,xgb,0.79,83.9,2025-01-02 22:12:00
2773,173,logreg,0.536,77.2,2025-01-02 22:13:00
2774,174,logreg,0.818,49.8,2025-01-02 22:14:00
2775,175,logreg,0.541,77.0,2025-01-02 22:15:00
2776,176,logreg,0.961,43.8,2025-01-02 22:16:00
2777,177,xgb,0.535,220.1,2025-01-02 22:17:00
2778,178,xgb,0.85,169.5,2025-01-02 22:18:00
2779,179,xgb,0.706,46.9,2025-01-02 22:19:00
2780,180,logreg,0.686,289.2,2025-01-02 22:20:00
2781,181,xgb,0.538,38.3,2025-01-02 22:21:00
2782,182,rf,0.835,122.6,2025-01-02 22:22:00
2783,183,svm,0.814,109.5,2025-01-02 22:23:00
2784,184,svm,0.881,44.8,2025-01-02 22:24:00
2785,185,xgb,0.634,30.3,2025-01-02 22:25:00
2786,186,xgb,0.686,32.4,2025-01-02 22:26:00
2787,187,rf,0.586,218.8,2025-01-02 22:27:00
2788,188,svm,0.789,242.2,2025-01-02 22:28:00
2789,189,rf,0.759,210.4,2025-01-02 22:29:00
2790,190,svm,0.77,182.6,2025-01-02 22:30:00
2791,191,rf,0.584,284.0,2025-01-02 22:31:00
2792,192,logreg,0.589,242.0,2025-01-02 22:32:00
2793,193,logreg,0.734,39.1,2025-01-02 22:33:00
2794,194,rf,0.836,214.3,2025-01-02 22:34:00
2795,195,xgb,0.57,170.7,2025-01-02 22:35:00
2796,196,svm,0.526,217.9,2025-01-02 22:36:00
2797,197,svm,0.847,75.5,2025-01-02 22:37:00
2798,198,logreg,0.846,55.7,2025-01-02 22:38:00
2799,199,svm,0.891,151.2,2025-01-02 22:39:00
2800,0,svm,0.967,156.7,2025-01-02 22:40:00
2801,1,xgb,0.65,257.5,2025-01-02 22:41:00
2802,2,svm,0.699,94.5,2025-01-02 22:42:00
2803,3,rf,0.811,23.9,2025-01-02 22:43:00
2804,4,xgb,0.963,50.4,2025-01-02 22:44:00
2805,5,rf,0.541,86.5,2025-01-02 22:45:00
2806,6,logreg,0.896,4.2,2025-01-02 22:46:00
2807,7,logreg,0.832,279.8,2025-01-02 22:47:00
2808,8,xgb,0.735,155.0,2025-01-02 22:48:00
2809,9,rf,0.699,185.3,2025-01-02 22:49:00
2810,10,rf,0.85,211.1,2025-01-02 22:50:00
2811,11,svm,0.62,222.0,2025-01-02 22:51:00
2812,12,rf,0.798,289.4,2025-01-02 22:52:00
2813,13,xgb,0.586,110.7,2025-01-02 22:53:00
2814,14,xgb,0.752,285.8,2025-01-02 22:54:00
2815,15,logreg,0.743,52.0,2025-01-02 22:55:00
2816,16,rf,0.666,204.0,2025-01-02 22:56:00
2817,17,rf,0.642,145.5,2025-01-02 22:57:00
2818,18,svm,0.604,221.7,2025-01-02 22:58:00
2819,19,logreg,0.607,92.1,2025-01-02 22:59:00
2820,20,rf,0.958,267.9,2025-01-02 23:00:00
2821,21,logreg,0.528,2.8,2025-01-02 23:01:00
2822,22,logreg,0.661,106.8,2025-01-02 23:02:00
2823,23,rf,0.671,217.0,2025-01-02 23:03:00
2824,24,logreg,0.674,31.3,2025-01-02 23:04:00
2825,25,logreg,0.597,159.2,2025-01-02 23:05:00
2826,26,xgb,0.701,274.0,2025-01-02 23:06:00
2827,27,rf,0.576,197.3,2025-01-02 23:07:00
2828,28,xgb,0.731,112.9,2025-01-02 23:08:00
2829,29,svm,0.71,55.5,2025-01-02 23:09:00
2830,30,svm,0.553,132.1,2025-01-02 23:10:00
2831,31,logreg,0.579,106.8,2025-01-02 23:11:00
2832,32,logreg,0.503,265.2,2025-01-02 23:12:00
2833,33,xgb,0.554,86.2,2025-01-02 23:13:00
2834,34,xgb,0.693,223.4,2025-01-02 23:14:00
2835,35,rf,0.579,60.5,2025-01-02 23:15:00
2836,36,logreg,0.97,294.9,2025-01-02 23:16:00
2837,37,rf,0.706,165.5,2025-01-02 23:17:00
2838,38,xgb,0.659,229.6,2025-01-02 23:18:00
2839,39,logreg,0.746,277.1,2025-01-02 23:19:00
2840,40,logreg,0.564,287.3,2025-01-02 23:20:00
2841,41,rf,0.562,103.9,2025-01-02 23:21:00
2842,42,rf,0.876,71.7,2025-01-02 23:22:00
2843,43,svm,0.711,179.5,2025-01-02 23:23:00
2844,44,rf,0.713,87.6,2025-01-02 23:24:00
2845,45,logreg,0.54,129.3,2025-01-02 23:25:00
2846,46,xgb,0.857,56.9,2025-01-02 23:26:00
2847,47,svm,0.876,259.4,2025-01-02 23:27:00
2848,48,xgb,0.827,129.3,2025-01-02 23:28:00
2849,49,logreg,0.846,243.2,2025-01-02 23:29:00
2850,50,xgb,0.592,256.6,2025-01-02 23:30:00
2851,51,xgb,0.612,40.6,2025-01-02 23:31:00
2852,52,rf,0.634,58.5,2025-01-02 23:32:00
2853,53,xgb,0.709,185.3,2025-01-02 23:33:00
2854,54,rf,0.924,114.7,2025-01-02 23:34:00
2855,55,svm,0.843,294.1,2025-01-02 23:35:00
2856,56,xgb,0.665,144.3,2025-01-02 23:36:00
2857,57,logreg,0.815,92.0,2025-01-02 23:37:00
2858,58,svm,0.678,283.0,2025-01-02 23:38:00
2859,59,logreg,0.621,268.6,2025-01-02 23:39:00
2860,60,xgb,0.52,16.6,2025-01-02 23:40:00
2861,61,svm,0.604,142.1,2025-01-02 23:41:00
2862,62,rf,0.711,76.4,2025-01-02 23:42:00
2863,63,logreg,0.678,92.0,2025-01-02 23:43:00
2864,64,rf,0.828,205.2,2025-01-02 23:44:00
2865,65,xgb,0.662,222.6,2025-01-02 23:45:00
2866,66,svm,0.864,177.1,2025-01-02 23:46:00
2867,67,svm,0.617,83.5,2025-01-02 23:47:00
2868,68,logreg,0.543,32.8,2025-01-02 23:48:00
2869,69,rf,0.52,290.5,2025-01-02 23:49:00
2870,70,xgb,0.595,134.3,2025-01-02 23:50:00
2871,71,rf,0.537,164.4,2025-01-02 23:51:00
2872,72,svm,0.648,142.8,2025-01-02 23:52:00
2873,73,xgb,0.761,46.9,2025-01-02 23:53:00
2874,74,xgb,0.594,165.6,2025-01-02 23:54:00
2875,75,svm,0.937,228.0,2025-01-02 23:55:00
2876,76,svm,0.939,135.1,2025-01-02 23:56:00
2877,77,rf,0.946,21.2,2025-01-02 23:57:00
2878,78,logreg,0.757,285.8,2025-01-02 23:58:00
2879,79,rf,0.582,83.0,2025-01-02 23:59:00
2880,80,xgb,0.642,286.8,2025-01-03 00:00:00
2881,81,rf,0.889,208.4,2025-01-03 00:01:00
2882,82,logreg,0.743,160.2,2025-01-03 00:02:00
2883,83,rf,0.581,225.5,2025-01-03 00:03:00
2884,84,logreg,0.776,117.7,2025-01-03 00:04:00
2885,85,svm,0.601,2.1,2025-01-03 00:05:00
2886,86,xgb,0.79,3.6,2025-01-03 00:06:00
2887,87,logreg,0.747,216.5,2025-01-03 00:07:00
2888,88,svm,0.649,66.9,2025-01-03 00:08:00
2889,89,svm,0.771,52.2,2025-01-03 00:09:00
2890,90,rf,0.761,88.3,2025-01-03 00:10:00
2891,91,xgb,0.962,84.0,2025-01-03 00:11:00
2892,92,xgb,0.633,237.4,2025-01-03 00:12:00
2893,93,xgb,0.985,63.8,2025-01-03 00:13:00
2894,94,rf,0.501,104.9,2025-01-03 00:14:00
2895,95,svm,0.659,284.0,2025-01-03 00:15:00
2896,96,svm,0.854,123.1,2025-01-03 00:16:00
2897,97,svm,0.659,18.1,2025-01-03 00:17:00
2898,98,rf,0.904,66.6,2025-01-03 00:18:00
2899,99,svm,0.587,291.5,2025-01-03 00:19:00
2900,100,rf,0.854,206.7,2025-01-03 00:20:00
2901,101,svm,0.926,190.7,2025-01-03 00:21:00
2902,102,xgb,0.9,67.0,2025-01-03 00:22:00
2903,103,svm,0.6,189.3,2025-01-03 00:23:00
2904,104,logreg,0.576,70.3,2025-01-03 00:24:00
2905,105,logreg,0.681,270.7,2025-01-03 00:25:00
2906,106,rf,0.743,138.4,2025-01-03 00:26:00
2907,107,xgb,0.593,147.7,2025-01-03 00:27:00
2908,108,xgb,0.817,7.3,2025-01-03 00:28:00
2909,109,xgb,0.934,245.4,2025-01-03 00:29:00
2910,110,xgb,0.534,22.5,2025-01-03 00:30:00
2911,111,xgb,0.723,193.9,2025-01-03 00:31:00
2912,112,logreg,0.549,158.5,2025-01-03 00:32:00
2913,113,rf,0.796,114.0,2025-01-03 00:33:00
2914,114,rf,0.554,5.1,2025-01-03 00:34:00
2915,115,rf,0.565,231.3,2025-01-03 00:35:00
2916,116,svm,0.57,188.6,2025-01-03 00:36:00
2917,117,rf,0.888,3.8,2025-01-03 00:37:00
2918,118,rf,0.766,245.7,2025-01-03 00:38:00
2919,119,rf,0.599,144.6,2025-01-03 00:39:00
2920,120,logreg,0.9,92.9,2025-01-03 00:40:00
2921,121,logreg,0.576,17.7,2025-01-03 00:41:00
2922,122,svm,0.807,37.8,2025-01-03 00:42:00
2923,123,rf,0.55,89.7,2025-01-03 00:43:00
2924,124,logreg,0.569,273.7,2025-01-03 00:44:00
2925,125,rf,0.611,116.2,2025-01-03 00:45:00
2926,126,svm,0.821,68.5,2025-01-03 00:46:00
2927,127,logreg,0.837,214.7,2025-01-03 00:47:00
2928,128,rf,0.741,297.2,2025-01-03 00:48:00
2929,129,xgb,0.55,286.8,2025-01-03 00:49:00
2930,130,svm,0.537,100.8,2025-01-03 00:50:00
2931,131,svm,0.952,276.0,2025-01-03 00:51:00
2932,132,rf,0.796,54.2,2025-01-03 00:52:00
2933,133,svm,0.794,204.2,2025-01-03 00:53:00
2934,134,xgb,0.938,206.5,2025-01-03 00:54:00
2935,135,svm,0.671,32.1,2025-01-03 00:55:00
2936,136,logreg,0.824,279.9,2025-01-03 00:56:00
2937,137,rf,0.887,258.7,2025-01-03 00:57:00
2938,138,xgb,0.881,44.8,2025-01-03 00:58:00
2939,139,xgb,0.691,216.7,2025-01-03 00:59:00
2940,140,logreg,0.899,34.8,2025-01-03 01:00:00
2941,141,logreg,0.97,84.3,2025-01-03 01:01:00
2942,142,rf,0.658,39.1,2025-01-03 01:02:00
2943,143,logreg,0.673,148.8,2025-01-03 01:03:00
2944,144,logreg,0.84,124.8,2025-01-03 01:04:00
2945,145,svm,0.568,283.3,2025-01-03 01:05:00
2946,146,xgb,0.688,165.3,2025-01-03 01:06:00
2947,147,logreg,0.761,246.6,2025-01-03 01:07:00
2948,148,logreg,0.541,214.8,2025-01-03 01:08:00
2949,149,xgb,0.845,71.3,2025-01-03 01:09:00
2950,150,rf,0.6,255.3,2025-01-03 01:10:00
2951,151,svm,0.774,287.3,2025-01-03 01:11:00
2952,152,rf,0.529,105.5,2025-01-03 01:12:00
2953,153,xgb,0.644,44.1,2025-01-03 01:13:00
2954,154,logreg,0.619,248.5,2025-01-03 01:14:00
2955,155,rf,0.866,36.1,2025-01-03 01:15:00
2956,156,xgb,0.685,8.9,2025-01-03 01:16:00
2957,157,logreg,0.682,210.7,2025-01-03 01:17:00
2958,158,rf,0.734,178.6,2025-01-03 01:18:00
2959,159,xgb,0.515,110.2,2025-01-03 01:19:00
2960,160,rf,0.62,4.7,2025-01-03 01:20:00
2961,161,logreg,0.573,55.5,2025-01-03 01:21:00
2962,162,xgb,0.867,209.9,2025-01-03 01:22:00
2963,163,svm,0.73,217.0,2025-01-03 01:23:00
2964,164,logreg,0.883,208.9,2025-01-03 01:24:00
2965,165,svm,0.555,18.9,2025-01-03 01:25:00
2966,166,rf,0.796,52.9,2025-01-03 01:26:00
2967,167,xgb,0.505,250.0,2025-01-03 01:27:00
2968,168,logreg,0.772,249.0,2025-01-03 01:28:00
2969,169,svm,0.848,127.7,2025-01-03 01:29:00
2970,170,xgb,0.633,28.5,2025-01-03 01:30:00
2971,171,logreg,0.979,38.4,2025-01-03 01:31:00
2972,172,xgb,0.696,17.7,2025-01-03 01:32:00
2973,173,logreg,0.59,224.1,2025-01-03 01:33:00
2974,174,rf,0.9,141.1,2025-01-03 01:34:00
2975,175,svm,0.82,122.1,2025-01-03 01:35:00
2976,176,logreg,0.581,241.2,2025-01-03 01:36:00
2977,177,logreg,0.595,33.4,2025-01-03 01:37:00
2978,178,rf,0.678,233.9,2025-01-03 01:38:00
2979,179,svm,0.514,85.4,2025-01-03 01:39:00
2980,180,rf,0.532,179.5,2025-01-03 01:40:00
2981,181,svm,0.592,61.3,2025-01-03 01:41:00
2982,182,rf,0.618,26.4,2025-01-03 01:42:00
2983,183,rf,0.776,237.3,2025-01-03 01:43:00
2984,184,rf,0.524,28.9,2025-01-03 01:44:00
2985,185,svm,0.504,107.6,2025-01-03 01:45:00
2986,186,svm,0.97,150.6,2025-01-03 01:46:00
2987,187,svm,0.868,218.0,2025-01-03 01:47:00
2988,188,xgb,0.844,30.1,2025-01-03 01:48:00
2989,189,logreg,0.939,151.6,2025-01-03 01:49:00
2990,190,xgb,0.512,239.0,2025-01-03 01:50:00
2991,191,logreg,0.787,255.8,2025-01-03 01:51:00
2992,192,svm,0.579,205.0,2025-01-03 01:52:00
2993,193,rf,0.934,28.9,2025-01-03 01:53:00
2994,194,xgb,0.933,242.4,2025-01-03 01:54:00
2995,195,xgb,0.877,49.2,2025-01-03 01:55:00
2996,196,svm,0.719,40.2,2025-01-03 01:56:00
2997,197,svm,0.677,256.9,2025-01-03 01:57:00
2998,198,logreg,0.52,214.1,2025-01-03 01:58:00
2999,199,logreg,0.617,299.1,2025-01-03 01:59:00
3000,0,rf,0.969,170.5,2025-01-03 02:00:00
3001,1,logreg,0.548,5.5,2025-01-03 02:01:00
3002,2,svm,0.768,290.7,2025-01-03 02:02:00
3003,3,rf,0.744,137.0,2025-01-03 02:03:00
3004,4,xgb,0.958,49.3,2025-01-03 02:04:00
3005,5,svm,0.782,106.7,2025-01-03 02:05:00
3006,6,rf,0.588,231.8,2025-01-03 02:06:00
3007,7,svm,0.983,293.6,2025-01-03 02:07:00
3008,8,logreg,0.819,43.0,2025-01-03 02:08:00
3009,9,rf,0.976,147.0,2025-01-03 02:09:00
3010,10,svm,0.921,120.9,2025-01-03 02:10:00
3011,11,xgb,0.716,154.2,2025-01-03 02:11:00
3012,12,svm,0.683,205.0,2025-01-03 02:12:00
3013,13,logreg,0.629,262.8,2025-01-03 02:13:00
3014,14,rf,0.804,193.5,2025-01-03 02:14:00
3015,15,xgb,0.843,168.7,2025-01-03 02:15:00
3016,16,xgb,0.918,87.9,2025-01-03 02:16:00
3017,17,xgb,0.779,256.3,2025-01-03 02:17:00
3018,18,xgb,0.69,139.2,2025-01-03 02:18:00
3019,19,rf,0.671,141.1,2025-01-03 02:19:00
3020,20,logreg,0.553,54.9,2025-01-03 02:20:00
3021,21,rf,0.95,276.8,2025-01-03 02:21:00
3022,22,logreg,0.598,99.3,2025-01-03 02:22:00
3023,23,svm,0.668,181.7,2025-01-03 02:23:00
3024,24,xgb,0.844,143.4,2025-01-03 02:24:00
3025,25,svm,0.723,164.0,2025-01-03 02:25:00
3026,26,logreg,0.571,64.8,2025-01-03 02:26:00
3027,27,rf,0.984,232.5,2025-01-03 02:27:00
3028,28,rf,0.959,109.1,2025-01-03 02:28:00
3029,29,logreg,0.979,64.8,2025-01-03 02:29:00
3030,30,xgb,0.925,285.8,2025-01-03 02:30:00
3031,31,logreg,0.632,191.1,2025-01-03 02:31:00
3032,32,rf,0.569,82.9,2025-01-03 02:32:00
3033,33,rf,0.646,213.9,2025-01-03 02:33:00
3034,34,logreg,0.757,201.2,2025-01-03 02:34:00
3035,35,svm,0.59,17.1,2025-01-03 02:35:00
3036,36,logreg,0.668,226.2,2025-01-03 02:36:00
3037,37,xgb,0.597,282.6,2025-01-03 02:37:00
3038,38,logreg,0.733,207.0,2025-01-03 02:38:00
3039,39,xgb,0.973,131.6,2025-01-03 02:39:00
3040,40,logreg,0.903,168.7,2025-01-03 02:40:00
3041,41,xgb,0.538,200.7,2025-01-03 02:41:00
3042,42,xgb,0.659,295.9,2025-01-03 02:42:00
3043,43,svm,0.507,269.1,2025-01-03 02:43:00
3044,44,xgb,0.745,95.6,2025-01-03 02:44:00
3045,45,logreg,0.629,217.0,2025-01-03 02:45:00
3046,46,logreg,0.962,257.3,2025-01-03 02:46:00
3047,47,logreg,0.813,173.9,2025-01-03 02:47:00
3048,48,rf,0.607,293.7,2025-01-03 02:48:00
3049,49,logreg,0.841,232.5,2025-01-03 02:49:00
3050,50,logreg,0.606,63.7,2025-01-03 02:50:00
3051,51,xgb,0.976,173.5,2025-01-03 02:51:00
3052,52,rf,0.681,109.8,2025-01-03 02:52:00
3053,53,svm,0.939,151.1,2025-01-03 02:53:00
3054,54,rf,0.843,195.0,2025-01-03 02:54:00
3055,55,logreg,0.703,106.2,2025-01-03 02:55:00
3056,56,logreg,0.756,229.8,2025-01-03 02:56:00
3057,57,rf,0.954,138.2,2025-01-03 02:57:00
3058,58,svm,0.587,178.9,2025-01-03 02:58:00
3059,59,logreg,0.687,253.7,2025-01-03 02:59:00
3060,60,logreg,0.811,210.9,2025-01-03 03:00:00
3061,61,rf,0.988,242.0,2025-01-03 03:01:00
3062,62,rf,0.544,5.9,2025-01-03 03:02:00
3063,63,logreg,0.551,225.2,2025-01-03 03:03:00
3064,64,rf,0.81,151.5,2025-01-03 03:04:00
3065,65,rf,0.827,255.7,2025-01-03 03:05:00
3066,66,xgb,0.609,136.9,2025-01-03 03:06:00
3067,67,logreg,0.556,257.0,2025-01-03 03:07:00
3068,68,rf,0.672,238.3,2025-01-03 03:08:00
3069,69,logreg,0.702,246.3,2025-01-03 03:09:00
3070,70,logreg,0.504,113.0,2025-01-03 03:10:00
3071,71,xgb,0.749,81.0,2025-01-03 03:11:00
3072,72,svm,0.651,270.9,2025-01-03 03:12:00
3073,73,logreg,0.83,2.2,2025-01-03 03:13:00
3074,74,logreg,0.516,8.8,2025-01-03 03:14:00
3075,75,svm,0.912,156.2,2025-01-03 03:15:00
3076,76,svm,0.664,287.8,2025-01-03 03:16:00
3077,77,logreg,0.618,292.1,2025-01-03 03:17:00
3078,78,xgb,0.802,118.6,2025-01-03 03:18:00
3079,79,rf,0.893,173.8,2025-01-03 03:19:00
3080,80,xgb,0.96,117.7,2025-01-03 03:20:00
3081,81,xgb,0.698,96.1,2025-01-03 03:21:00
3082,82,xgb,0.714,30.8,2025-01-03 03:22:00
3083,83,xgb,0.747,189.8,2025-01-03 03:23:00
3084,84,logreg,0.913,188.6,2025-01-03 03:24:00
3085,85,svm,0.91,48.6,2025-01-03 03:25:00
3086,86,svm,0.6,28.9,2025-01-03 03:26:00
3087,87,logreg,0.506,231.2,2025-01-03 03:27:00
3088,88,xgb,0.514,212.6,2025-01-03 03:28:00
3089,89,rf,0.78,8.6,2025-01-03 03:29:00
3090,90,xgb,0.982,190.7,2025-01-03 03:30:00
3091,91,svm,0.591,196.1,2025-01-03 03:31:00
3092,92,xgb,0.645,161.1,2025-01-03 03:32:00
3093,93,xgb,0.856,242.3,2025-01-03 03:33:00
3094,94,logreg,0.877,198.1,2025-01-03 03:34:00
3095,95,svm,0.541,44.0,2025-01-03 03:35:00
3096,96,rf,0.813,174.2,2025-01-03 03:36:00
3097,97,rf,0.554,278.2,2025-01-03 03:37:00
3098,98,rf,0.552,85.5,2025-01-03 03:38:00
3099,99,xgb,0.545,148.8,2025-01-03 03:39:00
3100,100,svm,0.947,63.2,2025-01-03 03:40:00
3101,101,rf,0.741,7.6,2025-01-03 03:41:00
3102,102,rf,0.738,188.1,2025-01-03 03:42:00
3103,103,xgb,0.837,113.2,2025-01-03 03:43:00
3104,104,svm,0.81,135.8,2025-01-03 03:44:00
3105,105,xgb,0.588,4.0,2025-01-03 03:45:00
3106,106,xgb,0.823,189.7,2025-01-03 03:46:00
3107,107,rf,0.557,103.5,2025-01-03 03:47:00
3108,108,svm,0.737,184.6,2025-01-03 03:48:00
3109,109,rf,0.578,222.8,2025-01-03 03:49:00
3110,110,rf,0.594,9.8,2025-01-03 03:50:00
3111,111,rf,0.754,228.5,2025-01-03 03:51:00
3112,112,xgb,0.925,35.3,2025-01-03 03:52:00
3113,113,xgb,0.514,42.4,2025-01-03 03:53:00
3114,114,rf,0.857,282.0,2025-01-03 03:54:00
3115,115,svm,0.634,60.6,2025-01-03 03:55:00
3116,116,rf,0.671,165.9,2025-01-03 03:56:00
3117,117,svm,0.729,242.9,2025-01-03 03:57:00
3118,118,logreg,0.751,120.6,2025-01-03 03:58:00
3119,119,xgb,0.623,60.2,2025-01-03 03:59:00
3120,120,svm,0.971,31.8,2025-01-03 04:00:00
3121,121,svm,0.581,62.5,2025-01-03 04:01:00
3122,122,logreg,0.712,134.4,2025-01-03 04:02:00
3123,123,svm,0.9,187.3,2025-01-03 04:03:00
3124,124,logreg,0.71,170.6,2025-01-03 04:04:00
3125,125,svm,0.94,246.0,2025-01-03 04:05:00
3126,126,logreg,0.582,11.1,2025-01-03 04:06:00
3127,127,svm,0.788,88.7,2025-01-03 04:07:00
3128,128,svm,0.695,35.3,2025-01-03 04:08:00
3129,129,svm,0.71,56.6,2025-01-03 04:09:00
3130,130,xgb,0.536,197.4,2025-01-03 04:10:00
3131,131,svm,0.571,95.0,2025-01-03 04:11:00
3132,132,rf,0.656,4.3,2025-01-03 04:12:00
3133,133,svm,0.605,170.7,2025-01-03 04:13:00
3134,134,svm,0.94,168.9,2025-01-03 04:14:00
3135,135,logreg,0.639,64.4,2025-01-03 04:15:00
3136,136,xgb,0.55,84.1,2025-01-03 04:16:00
3137,137,rf,0.781,194.2,2025-01-03 04:17:00
3138,138,logreg,0.656,96.7,2025-01-03 04:18:00
3139,139,xgb,0.524,148.7,2025-01-03 04:19:00
3140,140,rf,0.985,126.9,2025-01-03 04:20:00
3141,141,rf,0.722,180.8,2025-01-03 04:21:00
3142,142,logreg,0.616,7.4,2025-01-03 04:22:00
3143,143,rf,0.815,257.0,2025-01-03 04:23:00
3144,144,rf,0.947,86.0,2025-01-03 04:24:00
3145,145,logreg,0.518,160.5,2025-01-03 04:25:00
3146,146,rf,0.665,5.9,2025-01-03 04:26:00
3147,147,logreg,0.547,241.0,2025-01-03 04:27:00
3148,148,svm,0.635,226.4,2025-01-03 04:28:00
3149,149,logreg,0.539,232.6,2025-01-03 04:29:00
3150,150,logreg,0.8,118.6,2025-01-03 04:30:00
3151,151,logreg,0.742,192.7,2025-01-03 04:31:00
3152,152,rf,0.913,281.4,2025-01-03 04:32:00
3153,153,rf,0.514,15.3,2025-01-03 04:33:00
3154,154,rf,0.568,298.1,2025-01-03 04:34:00
3155,155,logreg,0.611,27.3,2025-01-03 04:35:00
3156,156,svm,0.9,161.7,2025-01-03 04:36:00
3157,157,rf,0.958,260.5,2025-01-03 04:37:00
3158,158,svm,0.933,13.9,2025-01-03 04:38:00
3159,159,rf,0.964,23.4,2025-01-03 04:39:00
3160,160,svm,0.837,237.7,2025-01-03 04:40:00
3161,161,logreg,0.632,51.9,2025-01-03 04:41:00
3162,162,xgb,0.786,36.9,2025-01-03 04:42:00
3163,163,svm,0.922,226.2,2025-01-03 04:43:00
3164,164,logreg,0.812,200.8,2025-01-03 04:44:00
3165,165,xgb,0.783,198.7,2025-01-03 04:45:00
3166,166,svm,0.658,219.5,2025-01-03 04:46:00
3167,167,xgb,0.545,230.1,2025-01-03 04:47:00
3168,168,rf,0.673,250.8,2025-01-03 04:48:00
3169,169,xgb,0.823,220.8,2025-01-03 04:49:00
3170,170,xgb,0.841,23.5,2025-01-03 04:50:00
3171,171,logreg,0.53,4.9,2025-01-03 04:51:00
3172,172,xgb,0.729,116.1,2025-01-03 04:52:00
3173,173,logreg,0.551,63.4,2025-01-03 04:53:00
3174,174,svm,0.873,94.2,2025-01-03 04:54:00
3175,175,logreg,0.821,254.5,2025-01-03 04:55:00
3176,176,rf,0.948,66.4,2025-01-03 04:56:00
3177,177,svm,0.689,136.3,2025-01-03 04:57:00
3178,178,xgb,0.882,57.2,2025-01-03 04:58:00
3179,179,svm,0.707,206.2,2025-01-03 04:59:00
3180,180,rf,0.572,263.0,2025-01-03 05:00:00
3181,181,rf,0.618,268.3,2025-01-03 05:01:00
3182,182,xgb,0.631,143.4,2025-01-03 05:02:00
3183,183,logreg,0.672,36.4,2025-01-03 05:03:00
3184,184,rf,0.674,64.4,2025-01-03 05:04:00
3185,185,logreg,0.746,152.9,2025-01-03 05:05:00
3186,186,rf,0.716,111.6,2025-01-03 05:06:00
3187,187,rf,0.818,219.9,2025-01-03 05:07:00
3188,188,logreg,0.595,57.6,2025-01-03 05:08:00
3189,189,xgb,0.791,159.3,2025-01-03 05:09:00
3190,190,logreg,0.754,33.6,2025-01-03 05:10:00
3191,191,rf,0.817,287.7,2025-01-03 05:11:00
3192,192,xgb,0.556,268.6,2025-01-03 05:12:00
3193,193,svm,0.617,160.1,2025-01-03 05:13:00
3194,194,svm,0.611,186.4,2025-01-03 05:14:00
3195,195,logreg,0.692,31.3,2025-01-03 05:15:00
3196,196,svm,0.743,52.1,2025-01-03 05:16:00
3197,197,xgb,0.67,87.1,2025-01-03 05:17:00
3198,198,svm,0.86,29.2,2025-01-03 05:18:00
3199,199,logreg,0.862,255.9,2025-01-03 05:19:00
3200,0,xgb,0.583,204.8,2025-01-03 05:20:00
3201,1,xgb,0.592,270.1,2025-01-03 05:21:00
3202,2,xgb,0.971,200.1,2025-01-03 05:22:00
3203,3,logreg,0.664,54.1,2025-01-03 05:23:00
3204,4,svm,0.932,52.0,2025-01-03 05:24:00
3205,5,rf,0.791,290.9,2025-01-03 05:25:00
3206,6,rf,0.739,75.0,2025-01-03 05:26:00
3207,7,rf,0.522,6.2,2025-01-03 05:27:00
3208,8,svm,0.909,158.1,2025-01-03 05:28:00
3209,9,xgb,0.87,232.8,2025-01-03 05:29:00
3210,10,rf,0.649,221.1,2025-01-03 05:30:00
3211,11,logreg,0.74,105.9,2025-01-03 05:31:00
3212,12,svm,0.825,76.8,2025-01-03 05:32:00
3213,13,logreg,0.507,106.4,2025-01-03 05:33:00
3214,14,svm,0.937,232.6,2025-01-03 05:34:00
3215,15,logreg,0.555,206.0,2025-01-03 05:35:00
3216,16,rf,0.572,123.7,2025-01-03 05:36:00
3217,17,xgb,0.823,43.3,2025-01-03 05:37:00
3218,18,logreg,0.515,173.7,2025-01-03 05:38:00
3219,19,logreg,0.676,223.6,2025-01-03 05:39:00
3220,20,xgb,0.951,114.0,2025-01-03 05:40:00
3221,21,rf,0.973,263.3,2025-01-03 05:41:00
3222,22,logreg,0.984,263.0,2025-01-03 05:42:00
3223,23,xgb,0.63,204.0,2025-01-03 05:43:00
3224,24,svm,0.692,125.8,2025-01-03 05:44:00
3225,25,svm,0.652,13.3,2025-01-03 05:45:00
3226,26,svm,0.909,37.8,2025-01-03 05:46:00
3227,27,logreg,0.778,238.0,2025-01-03 05:47:00
3228,28,svm,0.641,290.9,2025-01-03 05:48:00
3229,29,logreg,0.954,45.0,2025-01-03 05:49:00
3230,30,xgb,0.756,87.6,2025-01-03 05:50:00
3231,31,xgb,0.649,87.2,2025-01-03 05:51:00
3232,32,svm,0.508,13.2,2025-01-03 05:52:00
3233,33,svm,0.904,37.9,2025-01-03 05:53:00
3234,34,logreg,0.65,129.7,2025-01-03 05:54:00
3235,35,rf,0.524,42.2,2025-01-03 05:55:00
3236,36,svm,0.885,151.1,2025-01-03 05:56:00
3237,37,xgb,0.967,214.2,2025-01-03 05:57:00
3238,38,xgb,0.988,59.8,2025-01-03 05:58:00
3239,39,rf,0.642,10.6,2025-01-03 05:59:00
3240,40,svm,0.622,203.9,2025-01-03 06:00:00
3241,41,logreg,0.707,290.1,2025-01-03 06:01:00
3242,42,rf,0.938,276.1,2025-01-03 06:02:00
3243,43,svm,0.585,131.3,2025-01-03 06:03:00
3244,44,svm,0.894,42.6,2025-01-03 06:04:00
3245,45,xgb,0.623,125.5,2025-01-03 06:05:00
3246,46,xgb,0.648,26.6,2025-01-03 06:06:00
3247,47,logreg,0.767,113.4,2025-01-03 06:07:00
3248,48,logreg,0.547,158.4,2025-01-03 06:08:00
3249,49,svm,0.747,205.9,2025-01-03 06:09:00
3250,50,svm,0.73,128.9,2025-01-03 06:10:00
3251,51,logreg,0.971,138.9,2025-01-03 06:11:00
3252,52,rf,0.969,126.9,2025-01-03 06:12:00
3253,53,xgb,0.801,91.4,2025-01-03 06:13:00
3254,54,xgb,0.784,112.6,2025-01-03 06:14:00
3255,55,svm,0.526,253.7,2025-01-03 06:15:00
3256,56,xgb,0.697,2.8,2025-01-03 06:16:00
3257,57,logreg,0.911,26.3,2025-01-03 06:17:00
3258,58,svm,0.907,195.3,2025-01-03 06:18:00
3259,59,svm,0.791,246.8,2025-01-03 06:19:00
3260,60,logreg,0.838,259.4,2025-01-03 06:20:00
3261,61,rf,0.863,202.6,2025-01-03 06:21:00
3262,62,rf,0.844,155.4,2025-01-03 06:22:00
3263,63,logreg,0.567,268.6,2025-01-03 06:23:00
3264,64,xgb,0.647,94.0,2025-01-03 06:24:00
3265,65,rf,0.895,187.5,2025-01-03 06:25:00
3266,66,xgb,0.556,1.0,2025-01-03 06:26:00
3267,67,rf,0.755,74.9,2025-01-03 06:27:00
3268,68,rf,0.732,250.0,2025-01-03 06:28:00
3269,69,logreg,0.691,277.9,2025-01-03 06:29:00
3270,70,svm,0.698,294.8,2025-01-03 06:30:00
3271,71,xgb,0.912,164.5,2025-01-03 06:31:00
3272,72,logreg,0.921,185.5,2025-01-03 06:32:00
3273,73,logreg,0.572,7.5,2025-01-03 06:33:00
3274,74,xgb,0.901,197.6,2025-01-03 06:34:00
3275,75,xgb,0.751,210.2,2025-01-03 06:35:00
3276,76,xgb,0.733,87.7,2025-01-03 06:36:00
3277,77,rf,0.97,148.4,2025-01-03 06:37:00
3278,78,svm,0.692,209.6,2025-01-03 06:38:00
3279,79,rf,0.727,244.2,2025-01-03 06:39:00
3280,80,xgb,0.514,137.7,2025-01-03 06:40:00
3281,81,logreg,0.505,91.5,2025-01-03 06:41:00
3282,82,logreg,0.521,272.2,2025-01-03 06:42:00
3283,83,xgb,0.729,217.2,2025-01-03 06:43:00
3284,84,svm,0.504,48.3,2025-01-03 06:44:00
3285,85,xgb,0.671,212.2,2025-01-03 06:45:00
3286,86,logreg,0.751,53.2,2025-01-03 06:46:00
3287,87,xgb,0.672,216.0,2025-01-03 06:47:00
3288,88,svm,0.725,257.7,2025-01-03 06:48:00
3289,89,xgb,0.636,229.0,2025-01-03 06:49:00
3290,90,svm,0.953,21.4,2025-01-03 06:50:00
3291,91,logreg,0.684,142.1,2025-01-03 06:51:00
3292,92,xgb,0.782,278.3,2025-01-03 06:52:00
3293,93,svm,0.563,97.9,2025-01-03 06:53:00
3294,94,svm,0.786,249.1,2025-01-03 06:54:00
3295,95,rf,0.522,255.8,2025-01-03 06:55:00
3296,96,xgb,0.614,199.9,2025-01-03 06:56:00
3297,97,logreg,0.958,143.4,2025-01-03 06:57:00
3298,98,xgb,0.981,242.8,2025-01-03 06:58:00
3299,99,xgb,0.552,264.3,2025-01-03 06:59:00
3300,100,logreg,0.87,126.6,2025-01-03 07:00:00
3301,101,rf,0.53,75.9,2025-01-03 07:01:00
3302,102,rf,0.915,22.8,2025-01-03 07:02:00
3303,103,svm,0.797,252.4,2025-01-03 07:03:00
3304,104,xgb,0.657,209.9,2025-01-03 07:04:00
3305,105,logreg,0.565,191.6,2025-01-03 07:05:00
3306,106,xgb,0.596,147.8,2025-01-03 07:06:00
3307,107,svm,0.61,222.9,2025-01-03 07:07:00
3308,108,logreg,0.899,242.8,2025-01-03 07:08:00
3309,109,xgb,0.542,8.2,2025-01-03 07:09:00
3310,110,rf,0.6,243.2,2025-01-03 07:10:00
3311,111,rf,0.676,123.0,2025-01-03 07:11:00
3312,112,rf,0.667,205.0,2025-01-03 07:12:00
3313,113,logreg,0.593,63.0,2025-01-03 07:13:00
3314,114,logreg,0.745,107.6,2025-01-03 07:14:00
3315,115,xgb,0.893,132.2,2025-01-03 07:15:00
3316,116,logreg,0.928,171.2,2025-01-03 07:16:00
3317,117,xgb,0.883,90.2,2025-01-03 07:17:00
3318,118,rf,0.744,16.4,2025-01-03 07:18:00
3319,119,svm,0.511,246.6,2025-01-03 07:19:00
3320,120,svm,0.952,76.2,2025-01-03 07:20:00
3321,121,svm,0.533,261.6,2025-01-03 07:21:00
3322,122,svm,0.537,173.0,2025-01-03 07:22:00
3323,123,svm,0.696,17.9,2025-01-03 07:23:00
3324,124,rf,0.786,281.1,2025-01-03 07:24:00
3325,125,svm,0.82,10.7,2025-01-03 07:25:00
3326,126,logreg,0.628,101.0,2025-01-03 07:26:00
3327,127,rf,0.568,164.6,2025-01-03 07:27:00
3328,128,svm,0.953,199.3,2025-01-03 07:28:00
3329,129,rf,0.615,22.8,2025-01-03 07:29:00
3330,130,rf,0.669,22.2,2025-01-03 07:30:00
3331,131,logreg,0.793,184.1,2025-01-03 07:31:00
3332,132,rf,0.935,144.2,2025-01-03 07:32:00
3333,133,xgb,0.633,13.5,2025-01-03 07:33:00
3334,134,rf,0.743,68.3,2025-01-03 07:34:00
3335,135,svm,0.711,91.7,2025-01-03 07:35:00
3336,136,xgb,0.511,17.6,2025-01-03 07:36:00
3337,137,xgb,0.762,258.2,2025-01-03 07:37:00
3338,138,rf,0.771,16.6,2025-01-03 07:38:00
3339,139,logreg,0.841,129.5,2025-01-03 07:39:00
3340,140,logreg,0.769,35.6,2025-01-03 07:40:00
3341,141,rf,0.94,294.8,2025-01-03 07:41:00
3342,142,svm,0.672,103.6,2025-01-03 07:42:00
3343,143,rf,0.617,28.5,2025-01-03 07:43:00
3344,144,rf,0.611,224.5,2025-01-03 07:44:00
3345,145,rf,0.986,5.5,2025-01-03 07:45:00
3346,146,xgb,0.898,23.9,2025-01-03 07:46:00
3347,147,xgb,0.715,85.5,2025-01-03 07:47:00
3348,148,svm,0.671,196.9,2025-01-03 07:48:00
3349,149,xgb,0.989,39.8,2025-01-03 07:49:00
3350,150,logreg,0.735,37.6,2025-01-03 07:50:00
3351,151,rf,0.537,281.6,2025-01-03 07:51:00
3352,152,xgb,0.743,220.8,2025-01-03 07:52:00
3353,153,svm,0.94,257.8,2025-01-03 07:53:00
3354,154,logreg,0.849,282.5,2025-01-03 07:54:00
3355,155,svm,0.926,74.0,2025-01-03 07:55:00
3356,156,svm,0.656,162.9,2025-01-03 07:56:00
3357,157,rf,0.526,270.2,2025-01-03 07:57:00
3358,158,logreg,0.637,61.9,2025-01-03 07:58:00
3359,159,xgb,0.912,156.8,2025-01-03 07:59:00
3360,160,svm,0.864,64.0,2025-01-03 08:00:00
3361,161,svm,0.855,236.6,2025-01-03 08:01:00
3362,162,rf,0.979,209.8,2025-01-03 08:02:00
3363,163,logreg,0.967,7.4,2025-01-03 08:03:00
3364,164,rf,0.632,176.9,2025-01-03 08:04:00
3365,165,svm,0.905,26.3,2025-01-03 08:05:00
3366,166,svm,0.919,115.8,2025-01-03 08:06:00
3367,167,rf,0.923,116.0,2025-01-03 08:07:00
3368,168,rf,0.61,114.4,2025-01-03 08:08:00
3369,169,logreg,0.761,198.5,2025-01-03 08:09:00
3370,170,rf,0.765,105.0,2025-01-03 08:10:00
3371,171,rf,0.946,226.6,2025-01-03 08:11:00
3372,172,svm,0.952,272.3,2025-01-03 08:12:00
3373,173,xgb,0.871,102.9,2025-01-03 08:13:00
3374,174,logreg,0.924,235.0,2025-01-03 08:14:00
3375,175,rf,0.896,166.4,2025-01-03 08:15:00
3376,176,svm,0.921,281.5,2025-01-03 08:16:00
3377,177,logreg,0.708,216.0,2025-01-03 08:17:00
3378,178,svm,0.58,115.0,2025-01-03 08:18:00
3379,179,xgb,0.565,5.5,2025-01-03 08:19:00
3380,180,svm,0.542,75.7,2025-01-03 08:20:00
3381,181,svm,0.665,119.0,2025-01-03 08:21:00
3382,182,svm,0.677,198.1,2025-01-03 08:22:00
3383,183,rf,0.561,171.0,2025-01-03 08:23:00
3384,184,svm,0.91,254.4,2025-01-03 08:24:00
3385,185,logreg,0.727,132.5,2025-01-03 08:25:00
3386,186,logreg,0.518,108.3,2025-01-03 08:26:00
3387,187,xgb,0.7,174.3,2025-01-03 08:27:00
3388,188,rf,0.635,183.5,2025-01-03 08:28:00
3389,189,svm,0.967,132.7,2025-01-03 08:29:00
3390,190,svm,0.875,83.6,2025-01-03 08:30:00
3391,191,logreg,0.562,189.5,2025-01-03 08:31:00
3392,192,xgb,0.927,197.1,2025-01-03 08:32:00
3393,193,xgb,0.556,12.5,2025-01-03 08:33:00
3394,194,logreg,0.784,13.5,2025-01-03 08:34:00
3395,195,xgb,0.53,214.7,2025-01-03 08:35:00
3396,196,svm,0.978,5.8,2025-01-03 08:36:00
3397,197,svm,0.765,14.4,2025-01-03 08:37:00
3398,198,xgb,0.671,24.2,2025-01-03 08:38:00
3399,199,logreg,0.555,24.2,2025-01-03 08:39:00
3400,0,xgb,0.66,112.0,2025-01-03 08:40:00
3401,1,logreg,0.535,128.5,2025-01-03 08:41:00
3402,2,svm,0.57,98.6,2025-01-03 08:42:00
3403,3,svm,0.664,123.0,2025-01-03 08:43:00
3404,4,svm,0.731,292.1,2025-01-03 08:44:00
3405,5,rf,0.579,14.3,2025-01-03 08:45:00
3406,6,xgb,0.947,8.6,2025-01-03 08:46:00
3407,7,xgb,0.896,153.7,2025-01-03 08:47:00
3408,8,svm,0.961,114.3,2025-01-03 08:48:00
3409,9,rf,0.822,45.9,2025-01-03 08:49:00
3410,10,rf,0.968,287.6,2025-01-03 08:50:00
3411,11,xgb,0.777,299.3,2025-01-03 08:51:00
3412,12,logreg,0.764,37.3,2025-01-03 08:52:00
3413,13,rf,0.797,198.1,2025-01-03 08:53:00
3414,14,logreg,0.655,59.3,2025-01-03 08:54:00
3415,15,svm,0.946,99.3,2025-01-03 08:55:00
3416,16,svm,0.613,95.1,2025-01-03 08:56:00
3417,17,rf,0.84,134.1,2025-01-03 08:57:00
3418,18,logreg,0.677,106.2,2025-01-03 08:58:00
3419,19,rf,0.948,196.3,2025-01-03 08:59:00
3420,20,xgb,0.72,126.2,2025-01-03 09:00:00
3421,21,xgb,0.954,74.2,2025-01-03 09:01:00
3422,22,logreg,0.83,200.1,2025-01-03 09:02:00
3423,23,svm,0.89,103.1,2025-01-03 09:03:00
3424,24,rf,0.54,126.9,2025-01-03 09:04:00
3425,25,xgb,0.782,190.2,2025-01-03 09:05:00
3426,26,xgb,0.941,263.0,2025-01-03 09:06:00
3427,27,rf,0.582,126.2,2025-01-03 09:07:00
3428,28,logreg,0.864,38.8,2025-01-03 09:08:00
3429,29,rf,0.909,8.2,2025-01-03 09:09:00
3430,30,xgb,0.985,40.6,2025-01-03 09:10:00
3431,31,logreg,0.943,107.0,2025-01-03 09:11:00
3432,32,logreg,0.841,73.2,2025-01-03 09:12:00
3433,33,svm,0.558,269.3,2025-01-03 09:13:00
3434,34,svm,0.79,185.4,2025-01-03 09:14:00
3435,35,rf,0.536,276.3,2025-01-03 09:15:00
3436,36,logreg,0.946,189.6,2025-01-03 09:16:00
3437,37,logreg,0.642,143.7,2025-01-03 09:17:00
3438,38,xgb,0.859,217.4,2025-01-03 09:18:00
3439,39,rf,0.575,3.3,2025-01-03 09:19:00
3440,40,svm,0.83,136.6,2025-01-03 09:20:00
3441,41,svm,0.715,153.1,2025-01-03 09:21:00
3442,42,svm,0.963,30.0,2025-01-03 09:22:00
3443,43,svm,0.742,15.4,2025-01-03 09:23:00
3444,44,logreg,0.64,115.8,2025-01-03 09:24:00
3445,45,xgb,0.967,13.5,2025-01-03 09:25:00
3446,46,xgb,0.711,84.2,2025-01-03 09:26:00
3447,47,svm,0.549,86.2,2025-01-03 09:27:00
3448,48,rf,0.641,146.5,2025-01-03 09:28:00
3449,49,xgb,0.934,87.3,2025-01-03 09:29:00
3450,50,svm,0.985,226.3,2025-01-03 09:30:00
3451,51,xgb,0.827,43.2,2025-01-03 09:31:00
3452,52,xgb,0.771,153.1,2025-01-03 09:32:00
3453,53,xgb,0.513,270.9,2025-01-03 09:33:00
3454,54,xgb,0.503,249.9,2025-01-03 09:34:00
3455,55,rf,0.681,85.3,2025-01-03 09:35:00
3456,56,logreg,0.859,156.7,2025-01-03 09:36:00
3457,57,logreg,0.645,33.8,2025-01-03 09:37:00
3458,58,rf,0.718,130.2,2025-01-03 09:38:00
3459,59,svm,0.543,41.9,2025-01-03 09:39:00
3460,60,svm,0.859,35.8,2025-01-03 09:40:00
3461,61,svm,0.894,223.5,2025-01-03 09:41:00
3462,62,xgb,0.856,98.8,2025-01-03 09:42:00
3463,63,svm,0.635,189.6,2025-01-03 09:43:00
3464,64,rf,0.846,95.1,2025-01-03 09:44:00
3465,65,rf,0.712,279.8,2025-01-03 09:45:00
3466,66,svm,0.593,167.9,2025-01-03 09:46:00
3467,67,rf,0.965,188.6,2025-01-03 09:47:00
3468,68,xgb,0.567,113.5,2025-01-03 09:48:00
3469,69,xgb,0.83,80.3,2025-01-03 09:49:00
3470,70,xgb,0.737,56.9,2025-01-03 09:50:00
3471,71,logreg,0.638,60.4,2025-01-03 09:51:00
3472,72,rf,0.966,257.3,2025-01-03 09:52:00
3473,73,xgb,0.502,21.1,2025-01-03 09:53:00
3474,74,xgb,0.848,12.6,2025-01-03 09:54:00
3475,75,svm,0.801,189.7,2025-01-03 09:55:00
3476,76,xgb,0.812,145.8,2025-01-03 09:56:00
3477,77,xgb,0.93,252.4,2025-01-03 09:57:00
3478,78,svm,0.827,147.6,2025-01-03 09:58:00
3479,79,logreg,0.793,163.5,2025-01-03 09:59:00
3480,80,svm,0.547,34.6,2025-01-03 10:00:00
3481,81,svm,0.706,134.7,2025-01-03 10:01:00
3482,82,xgb,0.825,35.6,2025-01-03 10:02:00
3483,83,logreg,0.969,198.5,2025-01-03 10:03:00
3484,84,svm,0.842,211.7,2025-01-03 10:04:00
3485,85,logreg,0.912,259.3,2025-01-03 10:05:00
3486,86,logreg,0.837,9.7,2025-01-03 10:06:00
3487,87,svm,0.749,267.1,2025-01-03 10:07:00
3488,88,logreg,0.53,231.8,2025-01-03 10:08:00
3489,89,svm,0.831,124.0,2025-01-03 10:09:00
3490,90,logreg,0.708,78.9,2025-01-03 10:10:00
3491,91,rf,0.631,218.7,2025-01-03 10:11:00
3492,92,svm,0.812,14.6,2025-01-03 10:12:00
3493,93,logreg,0.701,172.2,2025-01-03 10:13:00
3494,94,xgb,0.763,234.1,2025-01-03 10:14:00
3495,95,rf,0.964,184.4,2025-01-03 10:15:00
3496,96,svm,0.563,162.4,2025-01-03 10:16:00
3497,97,rf,0.893,28.0,2025-01-03 10:17:00
3498,98,svm,0.947,230.3,2025-01-03 10:18:00
3499,99,rf,0.821,156.1,2025-01-03 10:19:00
3500,100,svm,0.762,295.6,2025-01-03 10:20:00
3501,101,logreg,0.921,69.6,2025-01-03 10:21:00
3502,102,xgb,0.946,100.1,2025-01-03 10:22:00
3503,103,xgb,0.771,75.4,2025-01-03 10:23:00
3504,104,rf,0.518,7.0,2025-01-03 10:24:00
3505,105,rf,0.746,237.6,2025-01-03 10:25:00
3506,106,rf,0.577,91.1,2025-01-03 10:26:00
3507,107,xgb,0.809,206.7,2025-01-03 10:27:00
3508,108,rf,0.634,38.0,2025-01-03 10:28:00
3509,109,logreg,0.821,40.2,2025-01-03 10:29:00
3510,110,svm,0.922,23.9,2025-01-03 10:30:00
3511,111,logreg,0.51,223.1,2025-01-03 10:31:00
3512,112,xgb,0.547,176.9,2025-01-03 10:32:00
3513,113,logreg,0.595,182.1,2025-01-03 10:33:00
3514,114,svm,0.885,128.1,2025-01-03 10:34:00
3515,115,rf,0.648,138.2,2025-01-03 10:35:00
3516,116,rf,0.629,197.2,2025-01-03 10:36:00
3517,117,logreg,0.685,129.4,2025-01-03 10:37:00
3518,118,xgb,0.974,168.7,2025-01-03 10:38:00
3519,119,logreg,0.639,211.2,2025-01-03 10:39:00
3520,120,xgb,0.687,298.0,2025-01-03 10:40:00
3521,121,logreg,0.966,229.0,2025-01-03 10:41:00
3522,122,rf,0.722,173.8,2025-01-03 10:42:00
3523,123,rf,0.695,70.4,2025-01-03 10:43:00
3524,124,svm,0.734,33.6,2025-01-03 10:44:00
3525,125,svm,0.663,243.1,2025-01-03 10:45:00
3526,126,rf,0.547,51.6,2025-01-03 10:46:00
3527,127,logreg,0.791,26.1,2025-01-03 10:47:00
3528,128,logreg,0.802,142.6,2025-01-03 10:48:00
3529,129,xgb,0.529,148.5,2025-01-03 10:49:00
3530,130,logreg,0.653,102.0,2025-01-03 10:50:00
3531,131,xgb,0.518,207.0,2025-01-03 10:51:00
3532,132,logreg,0.927,81.2,2025-01-03 10:52:00
3533,133,xgb,0.87,238.6,2025-01-03 10:53:00
3534,134,logreg,0.653,196.0,2025-01-03 10:54:00
3535,135,svm,0.726,145.4,2025-01-03 10:55:00
3536,136,rf,0.951,128.3,2025-01-03 10:56:00
3537,137,rf,0.684,227.3,2025-01-03 10:57:00
3538,138,xgb,0.755,37.3,2025-01-03 10:58:00
3539,139,xgb,0.714,291.6,2025-01-03 10:59:00
3540,140,rf,0.934,149.1,2025-01-03 11:00:00
3541,141,logreg,0.569,262.4,2025-01-03 11:01:00
3542,142,logreg,0.696,89.7,2025-01-03 11:02:00
3543,143,logreg,0.988,216.3,2025-01-03 11:03:00
3544,144,svm,0.756,184.9,2025-01-03 11:04:00
3545,145,svm,0.776,50.6,2025-01-03 11:05:00
3546,146,svm,0.756,62.1,2025-01-03 11:06:00
3547,147,svm,0.754,76.1,2025-01-03 11:07:00
3548,148,logreg,0.603,99.7,2025-01-03 11:08:00
3549,149,xgb,0.58,214.8,2025-01-03 11:09:00
3550,150,logreg,0.505,125.5,2025-01-03 11:10:00
3551,151,xgb,0.731,298.0,2025-01-03 11:11:00
3552,152,rf,0.653,57.1,2025-01-03 11:12:00
3553,153,rf,0.763,100.0,2025-01-03 11:13:00
3554,154,rf,0.806,178.7,2025-01-03 11:14:00
3555,155,rf,0.672,168.2,2025-01-03 11:15:00
3556,156,xgb,0.669,5.2,2025-01-03 11:16:00
3557,157,xgb,0.635,246.4,2025-01-03 11:17:00
3558,158,logreg,0.786,92.4,2025-01-03 11:18:00
3559,159,logreg,0.958,168.8,2025-01-03 11:19:00
3560,160,xgb,0.538,46.6,2025-01-03 11:20:00
3561,161,xgb,0.637,79.6,2025-01-03 11:21:00
3562,162,rf,0.562,157.2,2025-01-03 11:22:00
3563,163,logreg,0.662,231.8,2025-01-03 11:23:00
3564,164,svm,0.974,221.4,2025-01-03 11:24:00
3565,165,logreg,0.603,1.8,2025-01-03 11:25:00
3566,166,xgb,0.985,28.3,2025-01-03 11:26:00
3567,167,xgb,0.57,143.2,2025-01-03 11:27:00
3568,168,rf,0.658,268.9,2025-01-03 11:28:00
3569,169,rf,0.567,242.4,2025-01-03 11:29:00
3570,170,logreg,0.826,98.8,2025-01-03 11:30:00
3571,171,rf,0.618,118.6,2025-01-03 11:31:00
3572,172,logreg,0.846,107.1,2025-01-03 11:32:00
3573,173,svm,0.76,265.1,2025-01-03 11:33:00
3574,174,xgb,0.968,283.7,2025-01-03 11:34:00
3575,175,svm,0.849,252.1,2025-01-03 11:35:00
3576,176,logreg,0.74,236.9,2025-01-03 11:36:00
3577,177,rf,0.773,131.2,2025-01-03 11:37:00
3578,178,svm,0.587,260.0,2025-01-03 11:38:00
3579,179,logreg,0.878,104.5,2025-01-03 11:39:00
3580,180,logreg,0.605,168.4,2025-01-03 11:40:00
3581,181,xgb,0.687,54.5,2025-01-03 11:41:00
3582,182,rf,0.596,108.9,2025-01-03 11:42:00
3583,183,xgb,0.503,93.8,2025-01-03 11:43:00
3584,184,rf,0.946,274.8,2025-01-03 11:44:00
3585,185,rf,0.797,11.0,2025-01-03 11:45:00
3586,186,svm,0.814,120.1,2025-01-03 11:46:00
3587,187,svm,0.634,18.1,2025-01-03 11:47:00
3588,188,rf,0.923,278.3,2025-01-03 11:48:00
3589,189,logreg,0.74,142.6,2025-01-03 11:49:00
3590,190,rf,0.519,9.6,2025-01-03 11:50:00
3591,191,xgb,0.846,53.9,2025-01-03 11:51:00
3592,192,xgb,0.541,250.4,2025-01-03 11:52:00
3593,193,rf,0.527,191.6,2025-01-03 11:53:00
3594,194,rf,0.654,257.5,2025-01-03 11:54:00
3595,195,svm,0.982,59.1,2025-01-03 11:55:00
3596,196,rf,0.663,201.9,2025-01-03 11:56:00
3597,197,svm,0.94,51.6,2025-01-03 11:57:00
3598,198,svm,0.753,282.2,2025-01-03 11:58:00
3599,199,logreg,0.704,200.6,2025-01-03 11:59:00
3600,0,rf,0.532,247.7,2025-01-03 12:00:00
3601,1,xgb,0.857,26.1,2025-01-03 12:01:00
3602,2,logreg,0.522,183.0,2025-01-03 12:02:00
3603,3,logreg,0.585,224.3,2025-01-03 12:03:00
3604,4,rf,0.652,168.6,2025-01-03 12:04:00
3605,5,rf,0.667,170.9,2025-01-03 12:05:00
3606,6,rf,0.777,139.4,2025-01-03 12:06:00
3607,7,rf,0.95,55.6,2025-01-03 12:07:00
3608,8,rf,0.591,177.8,2025-01-03 12:08:00
3609,9,rf,0.876,236.8,2025-01-03 12:09:00
3610,10,xgb,0.813,138.6,2025-01-03 12:10:00
3611,11,xgb,0.651,204.6,2025-01-03 12:11:00
3612,12,xgb,0.866,221.7,2025-01-03 12:12:00
3613,13,svm,0.526,212.1,2025-01-03 12:13:00
3614,14,xgb,0.637,169.9,2025-01-03 12:14:00
3615,15,logreg,0.611,57.3,2025-01-03 12:15:00
3616,16,xgb,0.587,89.2,2025-01-03 12:16:00
3617,17,logreg,0.63,147.5,2025-01-03 12:17:00
3618,18,svm,0.671,192.9,2025-01-03 12:18:00
3619,19,logreg,0.906,206.4,2025-01-03 12:19:00
3620,20,xgb,0.518,250.6,2025-01-03 12:20:00
3621,21,logreg,0.576,171.0,2025-01-03 12:21:00
3622,22,logreg,0.67,243.5,2025-01-03 12:22:00
3623,23,svm,0.602,210.2,2025-01-03 12:23:00
3624,24,svm,0.544,232.2,2025-01-03 12:24:00
3625,25,svm,0.607,79.0,2025-01-03 12:25:00
3626,26,rf,0.753,189.7,2025-01-03 12:26:00
3627,27,logreg,0.569,176.5,2025-01-03 12:27:00
3628,28,svm,0.776,197.8,2025-01-03 12:28:00
3629,29,rf,0.658,32.3,2025-01-03 12:29:00
3630,30,svm,0.926,3.4,2025-01-03 12:30:00
3631,31,logreg,0.733,101.7,2025-01-03 12:31:00
3632,32,rf,0.592,108.0,2025-01-03 12:32:00
3633,33,xgb,0.729,56.7,2025-01-03 12:33:00
3634,34,rf,0.715,185.4,2025-01-03 12:34:00
3635,35,logreg,0.858,142.6,2025-01-03 12:35:00
3636,36,xgb,0.624,112.6,2025-01-03 12:36:00
3637,37,svm,0.736,120.9,2025-01-03 12:37:00
3638,38,rf,0.976,263.4,2025-01-03 12:38:00
3639,39,rf,0.706,232.4,2025-01-03 12:39:00
3640,40,logreg,0.791,50.0,2025-01-03 12:40:00
3641,41,xgb,0.952,266.1,2025-01-03 12:41:00
3642,42,xgb,0.966,170.8,2025-01-03 12:42:00
3643,43,xgb,0.564,100.6,2025-01-03 12:43:00
3644,44,rf,0.975,93.5,2025-01-03 12:44:00
3645,45,xgb,0.893,138.2,2025-01-03 12:45:00
3646,46,xgb,0.726,197.9,2025-01-03 12:46:00
3647,47,xgb,0.933,91.1,2025-01-03 12:47:00
3648,48,rf,0.59,257.5,2025-01-03 12:48:00
3649,49,logreg,0.544,74.2,2025-01-03 12:49:00
3650,50,svm,0.502,48.6,2025-01-03 12:50:00
3651,51,rf,0.731,206.3,2025-01-03 12:51:00
3652,52,xgb,0.947,200.9,2025-01-03 12:52:00
3653,53,logreg,0.846,229.2,2025-01-03 12:53:00
3654,54,rf,0.69,96.2,2025-01-03 12:54:00
3655,55,xgb,0.696,98.8,2025-01-03 12:55:00
3656,56,svm,0.902,219.4,2025-01-03 12:56:00
3657,57,logreg,0.793,160.7,2025-01-03 12:57:00
3658,58,svm,0.739,222.4,2025-01-03 12:58:00
3659,59,rf,0.609,182.9,2025-01-03 12:59:00
3660,60,xgb,0.681,102.6,2025-01-03 13:00:00
3661,61,rf,0.799,225.8,2025-01-03 13:01:00
3662,62,rf,0.816,42.3,2025-01-03 13:02:00
3663,63,xgb,0.522,91.3,2025-01-03 13:03:00
3664,64,rf,0.666,196.6,2025-01-03 13:04:00
3665,65,logreg,0.574,94.0,2025-01-03 13:05:00
3666,66,logreg,0.517,287.6,2025-01-03 13:06:00
3667,67,logreg,0.588,120.1,2025-01-03 13:07:00
3668,68,rf,0.728,25.7,2025-01-03 13:08:00
3669,69,rf,0.821,121.9,2025-01-03 13:09:00
3670,70,rf,0.579,39.5,2025-01-03 13:10:00
3671,71,logreg,0.836,4.5,2025-01-03 13:11:00
3672,72,logreg,0.707,17.3,2025-01-03 13:12:00
3673,73,logreg,0.627,190.6,2025-01-03 13:13:00
3674,74,logreg,0.746,234.5,2025-01-03 13:14:00
3675,75,svm,0.914,291.6,2025-01-03 13:15:00
3676,76,rf,0.885,294.2,2025-01-03 13:16:00
3677,77,logreg,0.926,24.9,2025-01-03 13:17:00
3678,78,rf,0.665,280.3,2025-01-03 13:18:00
3679,79,svm,0.597,244.0,2025-01-03 13:19:00
3680,80,logreg,0.713,140.0,2025-01-03 13:20:00
3681,81,rf,0.56,147.4,2025-01-03 13:21:00
3682,82,svm,0.525,180.2,2025-01-03 13:22:00
3683,83,svm,0.624,101.9,2025-01-03 13:23:00
3684,84,svm,0.876,8.0,2025-01-03 13:24:00
3685,85,svm,0.588,107.7,2025-01-03 13:25:00
3686,86,rf,0.719,90.0,2025-01-03 13:26:00
3687,87,rf,0.792,107.8,2025-01-03 13:27:00
3688,88,rf,0.76,119.5,2025-01-03 13:28:00
3689,89,xgb,0.541,29.3,2025-01-03 13:29:00
3690,90,xgb,0.81,129.9,2025-01-03 13:30:00
3691,91,svm,0.669,138.0,2025-01-03 13:31:00
3692,92,xgb,0.95,271.2,2025-01-03 13:32:00
3693,93,logreg,0.52,98.6,2025-01-03 13:33:00
3694,94,rf,0.572,293.1,2025-01-03 13:34:00
3695,95,rf,0.687,294.1,2025-01-03 13:35:00
3696,96,rf,0.666,191.4,2025-01-03 13:36:00
3697,97,svm,0.707,7.7,2025-01-03 13:37:00
3698,98,svm,0.854,223.1,2025-01-03 13:38:00
3699,99,rf,0.91,130.6,2025-01-03 13:39:00
3700,100,rf,0.889,171.7,2025-01-03 13:40:00
3701,101,svm,0.802,162.2,2025-01-03 13:41:00
3702,102,xgb,0.84,15.6,2025-01-03 13:42:00
3703,103,logreg,0.605,280.7,2025-01-03 13:43:00
3704,104,svm,0.866,233.7,2025-01-03 13:44:00
3705,105,svm,0.746,14.7,2025-01-03 13:45:00
3706,106,logreg,0.946,203.8,2025-01-03 13:46:00
3707,107,svm,0.502,62.9,2025-01-03 13:47:00
3708,108,logreg,0.822,83.2,2025-01-03 13:48:00
3709,109,logreg,0.794,292.8,2025-01-03 13:49:00
3710,110,svm,0.548,68.2,2025-01-03 13:50:00
3711,111,svm,0.608,183.8,2025-01-03 13:51:00
3712,112,logreg,0.788,190.8,2025-01-03 13:52:00
3713,113,svm,0.765,143.2,2025-01-03 13:53:00
3714,114,rf,0.668,96.6,2025-01-03 13:54:00
3715,115,logreg,0.574,256.5,2025-01-03 13:55:00
3716,116,logreg,0.603,209.6,2025-01-03 13:56:00
3717,117,logreg,0.625,10.6,2025-01-03 13:57:00
3718,118,rf,0.809,168.8,2025-01-03 13:58:00
3719,119,svm,0.541,224.7,2025-01-03 13:59:00
3720,120,svm,0.649,225.5,2025-01-03 14:00:00
3721,121,logreg,0.831,9.8,2025-01-03 14:01:00
3722,122,xgb,0.806,169.9,2025-01-03 14:02:00
3723,123,logreg,0.988,8.0,2025-01-03 14:03:00
3724,124,svm,0.773,147.7,2025-01-03 14:04:00
3725,125,xgb,0.684,161.7,2025-01-03 14:05:00
3726,126,logreg,0.797,255.1,2025-01-03 14:06:00
3727,127,rf,0.694,64.2,2025-01-03 14:07:00
3728,128,rf,0.78,54.4,2025-01-03 14:08:00
3729,129,xgb,0.876,295.3,2025-01-03 14:09:00
3730,130,logreg,0.77,106.3,2025-01-03 14:10:00
3731,131,xgb,0.705,180.2,2025-01-03 14:11:00
3732,132,svm,0.878,189.5,2025-01-03 14:12:00
3733,133,svm,0.746,160.2,2025-01-03 14:13:00
3734,134,xgb,0.921,149.0,2025-01-03 14:14:00
3735,135,logreg,0.64,277.4,2025-01-03 14:15:00
3736,136,xgb,0.953,54.1,2025-01-03 14:16:00
3737,137,svm,0.502,249.1,2025-01-03 14:17:00
3738,138,logreg,0.822,205.3,2025-01-03 14:18:00
3739,139,rf,0.688,196.3,2025-01-03 14:19:00
3740,140,logreg,0.701,191.3,2025-01-03 14:20:00
3741,141,xgb,0.568,186.4,2025-01-03 14:21:00
3742,142,rf,0.794,219.9,2025-01-03 14:22:00
3743,143,rf,0.659,75.7,2025-01-03 14:23:00
3744,144,logreg,0.835,285.6,2025-01-03 14:24:00
3745,145,rf,0.864,265.2,2025-01-03 14:25:00
3746,146,logreg,0.771,259.2,2025-01-03 14:26:00
3747,147,xgb,0.724,217.2,2025-01-03 14:27:00
3748,148,xgb,0.586,281.2,2025-01-03 14:28:00
3749,149,xgb,0.658,88.6,2025-01-03 14:29:00
3750,150,rf,0.601,138.9,2025-01-03 14:30:00
3751,151,xgb,0.835,133.7,2025-01-03 14:31:00
3752,152,xgb,0.89,291.9,2025-01-03 14:32:00
3753,153,rf,0.894,251.5,2025-01-03 14:33:00
3754,154,xgb,0.62,216.9,2025-01-03 14:34:00
3755,155,rf,0.503,10.7,2025-01-03 14:35:00
3756,156,logreg,0.925,298.7,2025-01-03 14:36:00
3757,157,logreg,0.534,125.7,2025-01-03 14:37:00
3758,158,svm,0.933,161.7,2025-01-03 14:38:00
3759,159,rf,0.715,248.5,2025-01-03 14:39:00
3760,160,rf,0.644,120.1,2025-01-03 14:40:00
3761,161,rf,0.678,215.3,2025-01-03 14:41:00
3762,162,logreg,0.71,38.1,2025-01-03 14:42:00
3763,163,xgb,0.915,227.6,2025-01-03 14:43:00
3764,164,rf,0.854,110.6,2025-01-03 14:44:00
3765,165,svm,0.57,73.7,2025-01-03 14:45:00
3766,166,logreg,0.603,30.0,2025-01-03 14:46:00
3767,167,rf,0.725,213.0,2025-01-03 14:47:00
3768,168,xgb,0.871,103.4,2025-01-03 14:48:00
3769,169,logreg,0.662,135.7,2025-01-03 14:49:00
3770,170,svm,0.778,178.7,2025-01-03 14:50:00
3771,171,xgb,0.573,87.2,2025-01-03 14:51:00
3772,172,xgb,0.931,169.5,2025-01-03 14:52:00
3773,173,svm,0.65,215.0,2025-01-03 14:53:00
3774,174,svm,0.733,132.5,2025-01-03 14:54:00
3775,175,svm,0.576,241.8,2025-01-03 14:55:00
3776,176,xgb,0.572,88.4,2025-01-03 14:56:00
3777,177,logreg,0.626,69.1,2025-01-03 14:57:00
3778,178,xgb,0.786,45.4,2025-01-03 14:58:00
3779,179,rf,0.627,216.6,2025-01-03 14:59:00
3780,180,logreg,0.734,270.1,2025-01-03 15:00:00
3781,181,svm,0.815,176.6,2025-01-03 15:01:00
3782,182,svm,0.756,114.0,2025-01-03 15:02:00
3783,183,logreg,0.818,261.4,2025-01-03 15:03:00
3784,184,logreg,0.586,269.2,2025-01-03 15:04:00
3785,185,rf,0.828,20.4,2025-01-03 15:05:00
3786,186,xgb,0.652,68.1,2025-01-03 15:06:00
3787,187,svm,0.798,218.9,2025-01-03 15:07:00
3788,188,rf,0.818,107.6,2025-01-03 15:08:00
3789,189,logreg,0.779,192.0,2025-01-03 15:09:00
3790,190,rf,0.912,253.9,2025-01-03 15:10:00
3791,191,xgb,0.863,109.7,2025-01-03 15:11:00
3792,192,rf,0.695,30.6,2025-01-03 15:12:00
3793,193,svm,0.749,82.2,2025-01-03 15:13:00
3794,194,rf,0.976,17.7,2025-01-03 15:14:00
3795,195,xgb,0.62,239.4,2025-01-03 15:15:00
3796,196,xgb,0.838,195.6,2025-01-03 15:16:00
3797,197,xgb,0.612,215.5,2025-01-03 15:17:00
3798,198,xgb,0.52,183.1,2025-01-03 15:18:00
3799,199,svm,0.545,57.8,2025-01-03 15:19:00
3800,0,rf,0.944,40.6,2025-01-03 15:20:00
3801,1,svm,0.53,69.0,2025-01-03 15:21:00
3802,2,logreg,0.727,161.5,2025-01-03 15:22:00
3803,3,rf,0.656,190.5,2025-01-03 15:23:00
3804,4,xgb,0.734,133.1,2025-01-03 15:24:00
3805,5,logreg,0.597,163.2,2025-01-03 15:25:00
3806,6,xgb,0.793,90.7,2025-01-03 15:26:00
3807,7,rf,0.785,258.5,2025-01-03 15:27:00
3808,8,rf,0.853,133.3,2025-01-03 15:28:00
3809,9,xgb,0.789,190.8,2025-01-03 15:29:00
3810,10,logreg,0.986,76.3,2025-01-03 15:30:00
3811,11,logreg,0.795,148.3,2025-01-03 15:31:00
3812,12,xgb,0.661,145.5,2025-01-03 15:32:00
3813,13,svm,0.966,90.6,2025-01-03 15:33:00
3814,14,xgb,0.667,203.7,2025-01-03 15:34:00
3815,15,svm,0.807,34.3,2025-01-03 15:35:00
3816,16,xgb,0.739,96.4,2025-01-03 15:36:00
3817,17,logreg,0.743,54.5,2025-01-03 15:37:00
3818,18,logreg,0.83,29.3,2025-01-03 15:38:00
3819,19,logreg,0.668,206.4,2025-01-03 15:39:00
3820,20,xgb,0.595,33.5,2025-01-03 15:40:00
3821,21,xgb,0.604,151.0,2025-01-03 15:41:00
3822,22,svm,0.876,142.1,2025-01-03 15:42:00
3823,23,svm,0.955,63.9,2025-01-03 15:43:00
3824,24,xgb,0.659,58.4,2025-01-03 15:44:00
3825,25,logreg,0.885,255.9,2025-01-03 15:45:00
3826,26,xgb,0.66,155.4,2025-01-03 15:46:00
3827,27,logreg,0.82,236.8,2025-01-03 15:47:00
3828,28,svm,0.612,79.6,2025-01-03 15:48:00
3829,29,svm,0.682,92.6,2025-01-03 15:49:00
3830,30,svm,0.906,95.3,2025-01-03 15:50:00
3831,31,svm,0.708,118.7,2025-01-03 15:51:00
3832,32,logreg,0.503,282.1,2025-01-03 15:52:00
3833,33,rf,0.975,106.7,2025-01-03 15:53:00
3834,34,xgb,0.978,230.3,2025-01-03 15:54:00
3835,35,rf,0.901,61.5,2025-01-03 15:55:00
3836,36,svm,0.644,112.7,2025-01-03 15:56:00
3837,37,svm,0.709,115.3,2025-01-03 15:57:00
3838,38,xgb,0.891,185.6,2025-01-03 15:58:00
3839,39,logreg,0.92,32.9,2025-01-03 15:59:00
3840,40,xgb,0.579,217.1,2025-01-03 16:00:00
3841,41,logreg,0.967,284.1,2025-01-03 16:01:00
3842,42,logreg,0.837,272.8,2025-01-03 16:02:00
3843,43,logreg,0.622,296.1,2025-01-03 16:03:00
3844,44,logreg,0.529,17.8,2025-01-03 16:04:00
3845,45,svm,0.635,111.5,2025-01-03 16:05:00
3846,46,svm,0.554,41.2,2025-01-03 16:06:00
3847,47,rf,0.659,232.8,2025-01-03 16:07:00
3848,48,logreg,0.904,262.3,2025-01-03 16:08:00
3849,49,svm,0.781,169.0,2025-01-03 16:09:00
3850,50,logreg,0.62,172.2,2025-01-03 16:10:00
3851,51,svm,0.773,245.4,2025-01-03 16:11:00
3852,52,rf,0.569,231.2,2025-01-03 16:12:00
3853,53,svm,0.969,109.0,2025-01-03 16:13:00
3854,54,logreg,0.866,65.2,2025-01-03 16:14:00
3855,55,svm,0.729,138.8,2025-01-03 16:15:00
3856,56,svm,0.598,291.5,2025-01-03 16:16:00
3857,57,svm,0.625,224.5,2025-01-03 16:17:00
3858,58,rf,0.569,193.0,2025-01-03 16:18:00
3859,59,logreg,0.694,146.4,2025-01-03 16:19:00
3860,60,rf,0.908,19.0,2025-01-03 16:20:00
3861,61,svm,0.508,131.7,2025-01-03 16:21:00
3862,62,rf,0.97,262.1,2025-01-03 16:22:00
3863,63,svm,0.887,148.1,2025-01-03 16:23:00
3864,64,svm,0.811,220.6,2025-01-03 16:24:00
3865,65,rf,0.977,234.4,2025-01-03 16:25:00
3866,66,xgb,0.891,254.0,2025-01-03 16:26:00
3867,67,rf,0.781,141.1,2025-01-03 16:27:00
3868,68,xgb,0.868,230.4,2025-01-03 16:28:00
3869,69,logreg,0.901,140.2,2025-01-03 16:29:00
3870,70,xgb,0.819,22.8,2025-01-03 16:30:00
3871,71,svm,0.722,234.6,2025-01-03 16:31:00
3872,72,logreg,0.936,121.0,2025-01-03 16:32:00
3873,73,svm,0.503,248.6,2025-01-03 16:33:00
3874,74,rf,0.504,97.4,2025-01-03 16:34:00
3875,75,xgb,0.627,67.6,2025-01-03 16:35:00
3876,76,svm,0.761,196.4,2025-01-03 16:36:00
3877,77,xgb,0.877,172.8,2025-01-03 16:37:00
3878,78,svm,0.938,214.8,2025-01-03 16:38:00
3879,79,xgb,0.593,45.3,2025-01-03 16:39:00
3880,80,svm,0.589,8.8,2025-01-03 16:40:00
3881,81,rf,0.882,162.5,2025-01-03 16:41:00
3882,82,rf,0.66,95.3,2025-01-03 16:42:00
3883,83,xgb,0.823,61.3,2025-01-03 16:43:00
3884,84,xgb,0.708,82.1,2025-01-03 16:44:00
3885,85,xgb,0.878,9.2,2025-01-03 16:45:00
3886,86,logreg,0.56,284.5,2025-01-03 16:46:00
3887,87,rf,0.718,223.4,2025-01-03 16:47:00
3888,88,xgb,0.686,134.6,2025-01-03 16:48:00
3889,89,logreg,0.597,231.5,2025-01-03 16:49:00
3890,90,rf,0.545,53.4,2025-01-03 16:50:00
3891,91,rf,0.58,63.7,2025-01-03 16:51:00
3892,92,logreg,0.863,108.2,2025-01-03 16:52:00
3893,93,svm,0.703,63.9,2025-01-03 16:53:00
3894,94,rf,0.892,108.6,2025-01-03 16:54:00
3895,95,svm,0.749,283.5,2025-01-03 16:55:00
3896,96,rf,0.504,241.2,2025-01-03 16:56:00
3897,97,logreg,0.971,30.9,2025-01-03 16:57:00
3898,98,svm,0.963,251.1,2025-01-03 16:58:00
3899,99,logreg,0.964,195.9,2025-01-03 16:59:00
3900,100,xgb,0.99,26.3,2025-01-03 17:00:00
3901,101,logreg,0.929,5.7,2025-01-03 17:01:00
3902,102,svm,0.858,269.3,2025-01-03 17:02:00
3903,103,rf,0.569,75.5,2025-01-03 17:03:00
3904,104,rf,0.563,47.6,2025-01-03 17:04:00
3905,105,logreg,0.874,19.3,2025-01-03 17:05:00
3906,106,xgb,0.925,198.6,2025-01-03 17:06:00
3907,107,svm,0.803,247.2,2025-01-03 17:07:00
3908,108,logreg,0.584,281.0,2025-01-03 17:08:00
3909,109,xgb,0.864,243.3,2025-01-03 17:09:00
3910,110,xgb,0.679,277.6,2025-01-03 17:10:00
3911,111,xgb,0.515,62.0,2025-01-03 17:11:00
3912,112,logreg,0.806,272.8,2025-01-03 17:12:00
3913,113,svm,0.805,9.5,2025-01-03 17:13:00
3914,114,rf,0.662,266.8,2025-01-03 17:14:00
3915,115,rf,0.86,44.2,2025-01-03 17:15:00
3916,116,logreg,0.523,113.7,2025-01-03 17:16:00
3917,117,xgb,0.578,5.5,2025-01-03 17:17:00
3918,118,xgb,0.545,296.5,2025-01-03 17:18:00
3919,119,rf,0.975,139.9,2025-01-03 17:19:00
3920,120,logreg,0.92,161.5,2025-01-03 17:20:00
3921,121,xgb,0.92,243.0,2025-01-03 17:21:00
3922,122,rf,0.653,141.4,2025-01-03 17:22:00
3923,123,svm,0.563,197.3,2025-01-03 17:23:00
3924,124,svm,0.969,200.9,2025-01-03 17:24:00
3925,125,rf,0.734,224.9,2025-01-03 17:25:00
3926,126,xgb,0.562,154.9,2025-01-03 17:26:00
3927,127,xgb,0.611,25.6,2025-01-03 17:27:00
3928,128,rf,0.851,85.4,2025-01-03 17:28:00
3929,129,rf,0.622,76.0,2025-01-03 17:29:00
3930,130,svm,0.661,292.2,2025-01-03 17:30:00
3931,131,svm,0.872,40.4,2025-01-03 17:31:00
3932,132,logreg,0.684,44.4,2025-01-03 17:32:00
3933,133,rf,0.866,240.1,2025-01-03 17:33:00
3934,134,rf,0.889,293.9,2025-01-03 17:34:00
3935,135,rf,0.57,11.2,2025-01-03 17:35:00
3936,136,xgb,0.579,97.4,2025-01-03 17:36:00
3937,137,logreg,0.737,103.8,2025-01-03 17:37:00
3938,138,logreg,0.722,65.2,2025-01-03 17:38:00
3939,139,svm,0.767,36.2,2025-01-03 17:39:00
3940,140,svm,0.821,154.8,2025-01-03 17:40:00
3941,141,svm,0.665,267.9,2025-01-03 17:41:00
3942,142,svm,0.667,261.7,2025-01-03 17:42:00
3943,143,logreg,0.825,200.7,2025-01-03 17:43:00
3944,144,svm,0.874,79.6,2025-01-03 17:44:00
3945,145,svm,0.709,8.6,2025-01-03 17:45:00
3946,146,xgb,0.546,292.6,2025-01-03 17:46:00
3947,147,rf,0.559,214.1,2025-01-03 17:47:00
3948,148,xgb,0.928,92.8,2025-01-03 17:48:00
3949,149,logreg,0.771,281.9,2025-01-03 17:49:00
3950,150,xgb,0.695,282.4,2025-01-03 17:50:00
3951,151,xgb,0.569,204.5,2025-01-03 17:51:00
3952,152,rf,0.597,223.6,2025-01-03 17:52:00
3953,153,xgb,0.776,159.6,2025-01-03 17:53:00
3954,154,rf,0.892,109.4,2025-01-03 17:54:00
3955,155,xgb,0.84,299.2,2025-01-03 17:55:00
3956,156,xgb,0.683,30.9,2025-01-03 17:56:00
3957,157,xgb,0.811,257.8,2025-01-03 17:57:00
3958,158,xgb,0.913,225.6,2025-01-03 17:58:00
3959,159,xgb,0.765,286.6,2025-01-03 17:59:00
3960,160,logreg,0.921,84.2,2025-01-03 18:00:00
3961,161,logreg,0.645,270.4,2025-01-03 18:01:00
3962,162,logreg,0.938,140.9,2025-01-03 18:02:00
3963,163,xgb,0.854,90.7,2025-01-03 18:03:00
3964,164,rf,0.623,167.2,2025-01-03 18:04:00
3965,165,svm,0.602,220.3,2025-01-03 18:05:00
3966,166,rf,0.529,123.7,2025-01-03 18:06:00
3967,167,xgb,0.736,48.9,2025-01-03 18:07:00
3968,168,xgb,0.692,48.7,2025-01-03 18:08:00
3969,169,logreg,0.692,58.8,2025-01-03 18:09:00
3970,170,svm,0.535,289.0,2025-01-03 18:10:00
3971,171,svm,0.569,121.0,2025-01-03 18:11:00
3972,172,xgb,0.601,43.6,2025-01-03 18:12:00
3973,173,svm,0.873,4.2,2025-01-03 18:13:00
3974,174,rf,0.755,157.7,2025-01-03 18:14:00
3975,175,logreg,0.614,132.0,2025-01-03 18:15:00
3976,176,rf,0.765,183.4,2025-01-03 18:16:00
3977,177,xgb,0.534,293.7,2025-01-03 18:17:00
3978,178,svm,0.929,284.9,2025-01-03 18:18:00
3979,179,rf,0.687,267.4,2025-01-03 18:19:00
3980,180,rf,0.807,128.3,2025-01-03 18:20:00
3981,181,xgb,0.929,207.7,2025-01-03 18:21:00
3982,182,logreg,0.872,68.2,2025-01-03 18:22:00
3983,183,rf,0.543,219.8,2025-01-03 18:23:00
3984,184,svm,0.618,255.1,2025-01-03 18:24:00
3985,185,logreg,0.91,289.0,2025-01-03 18:25:00
3986,186,logreg,0.528,32.5,2025-01-03 18:26:00
3987,187,svm,0.913,220.0,2025-01-03 18:27:00
3988,188,svm,0.814,99.3,2025-01-03 18:28:00
3989,189,svm,0.982,25.8,2025-01-03 18:29:00
3990,190,rf,0.849,146.2,2025-01-03 18:30:00
3991,191,logreg,0.608,130.7,2025-01-03 18:31:00
3992,192,svm,0.551,234.5,2025-01-03 18:32:00
3993,193,logreg,0.775,251.4,2025-01-03 18:33:00
3994,194,logreg,0.797,261.2,2025-01-03 18:34:00
3995,195,logreg,0.521,33.2,2025-01-03 18:35:00
3996,196,rf,0.782,36.1,2025-01-03 18:36:00
3997,197,xgb,0.677,202.1,2025-01-03 18:37:00
3998,198,logreg,0.899,215.8,2025-01-03 18:38:00
3999,199,rf,0.67,236.7,2025-01-03 18:39:00
4000,0,logreg,0.781,157.3,2025-01-03 18:40:00
4001,1,logreg,0.898,188.8,2025-01-03 18:41:00
4002,2,logreg,0.828,8.7,2025-01-03 18:42:00
4003,3,xgb,0.512,283.8,2025-01-03 18:43:00
4004,4,rf,0.643,124.2,2025-01-03 18:44:00
4005,5,rf,0.857,255.0,2025-01-03 18:45:00
4006,6,svm,0.676,205.2,2025-01-03 18:46:00
4007,7,svm,0.977,75.4,2025-01-03 18:47:00
4008,8,logreg,0.884,98.0,2025-01-03 18:48:00
4009,9,svm,0.877,49.0,2025-01-03 18:49:00
4010,10,svm,0.863,226.2,2025-01-03 18:50:00
4011,11,xgb,0.914,257.1,2025-01-03 18:51:00
4012,12,svm,0.672,161.9,2025-01-03 18:52:00
4013,13,xgb,0.655,92.4,2025-01-03 18:53:00
4014,14,rf,0.813,94.6,2025-01-03 18:54:00
4015,15,logreg,0.813,227.2,2025-01-03 18:55:00
4016,16,xgb,0.63,212.5,2025-01-03 18:56:00
4017,17,svm,0.665,131.9,2025-01-03 18:57:00
4018,18,svm,0.87,287.8,2025-01-03 18:58:00
4019,19,svm,0.508,57.7,2025-01-03 18:59:00
4020,20,svm,0.945,210.4,2025-01-03 19:00:00
4021,21,svm,0.871,161.9,2025-01-03 19:01:00
4022,22,logreg,0.803,23.7,2025-01-03 19:02:00
4023,23,rf,0.544,179.8,2025-01-03 19:03:00
4024,24,logreg,0.918,44.6,2025-01-03 19:04:00
4025,25,svm,0.761,119.6,2025-01-03 19:05:00
4026,26,logreg,0.551,286.9,2025-01-03 19:06:00
4027,27,svm,0.801,291.3,2025-01-03 19:07:00
4028,28,svm,0.99,133.3,2025-01-03 19:08:00
4029,29,rf,0.62,47.3,2025-01-03 19:09:00
4030,30,svm,0.513,68.1,2025-01-03 19:10:00
4031,31,xgb,0.62,68.5,2025-01-03 19:11:00
4032,32,xgb,0.571,89.7,2025-01-03 19:12:00
4033,33,rf,0.92,145.5,2025-01-03 19:13:00
4034,34,logreg,0.703,165.8,2025-01-03 19:14:00
4035,35,xgb,0.702,254.5,2025-01-03 19:15:00
4036,36,logreg,0.807,266.7,2025-01-03 19:16:00
4037,37,logreg,0.866,212.3,2025-01-03 19:17:00
4038,38,svm,0.894,79.8,2025-01-03 19:18:00
4039,39,svm,0.679,277.7,2025-01-03 19:19:00
4040,40,xgb,0.657,107.8,2025-01-03 19:20:00
4041,41,xgb,0.658,248.4,2025-01-03 19:21:00
4042,42,xgb,0.89,174.1,2025-01-03 19:22:00
4043,43,rf,0.981,235.5,2025-01-03 19:23:00
4044,44,logreg,0.762,32.3,2025-01-03 19:24:00
4045,45,xgb,0.853,215.6,2025-01-03 19:25:00
4046,46,xgb,0.728,172.7,2025-01-03 19:26:00
4047,47,rf,0.726,131.9,2025-01-03 19:27:00
4048,48,logreg,0.532,298.7,2025-01-03 19:28:00
4049,49,rf,0.774,168.1,2025-01-03 19:29:00
4050,50,rf,0.939,143.5,2025-01-03 19:30:00
4051,51,xgb,0.531,107.0,2025-01-03 19:31:00
4052,52,svm,0.779,284.3,2025-01-03 19:32:00
4053,53,rf,0.85,147.8,2025-01-03 19:33:00
4054,54,xgb,0.983,65.3,2025-01-03 19:34:00
4055,55,logreg,0.652,209.5,2025-01-03 19:35:00
4056,56,svm,0.662,171.4,2025-01-03 19:36:00
4057,57,logreg,0.571,162.3,2025-01-03 19:37:00
4058,58,svm,0.923,291.3,2025-01-03 19:38:00
4059,59,rf,0.849,108.1,2025-01-03 19:39:00
4060,60,rf,0.88,22.2,2025-01-03 19:40:00
4061,61,rf,0.76,219.4,2025-01-03 19:41:00
4062,62,xgb,0.622,180.9,2025-01-03 19:42:00
4063,63,xgb,0.91,9.8,2025-01-03 19:43:00
4064,64,logreg,0.857,100.2,2025-01-03 19:44:00
4065,65,rf,0.964,172.6,2025-01-03 19:45:00
4066,66,logreg,0.894,115.0,2025-01-03 19:46:00
4067,67,logreg,0.568,103.6,2025-01-03 19:47:00
4068,68,rf,0.652,54.0,2025-01-03 19:48:00
4069,69,logreg,0.931,150.4,2025-01-03 19:49:00
4070,70,xgb,0.628,61.0,2025-01-03 19:50:00
4071,71,svm,0.983,190.3,2025-01-03 19:51:00
4072,72,svm,0.721,29.1,2025-01-03 19:52:00
4073,73,svm,0.51,182.2,2025-01-03 19:53:00
4074,74,rf,0.835,29.6,2025-01-03 19:54:00
4075,75,rf,0.972,159.2,2025-01-03 19:55:00
4076,76,rf,0.66,92.6,2025-01-03 19:56:00
4077,77,svm,0.921,286.8,2025-01-03 19:57:00
4078,78,xgb,0.812,150.0,2025-01-03 19:58:00
4079,79,xgb,0.978,30.0,2025-01-03 19:59:00
4080,80,xgb,0.794,172.6,2025-01-03 20:00:00
4081,81,logreg,0.846,264.0,2025-01-03 20:01:00
4082,82,xgb,0.749,244.5,2025-01-03 20:02:00
4083,83,logreg,0.515,12.6,2025-01-03 20:03:00
4084,84,rf,0.896,94.2,2025-01-03 20:04:00
4085,85,svm,0.553,205.2,2025-01-03 20:05:00
4086,86,xgb,0.941,149.8,2025-01-03 20:06:00
4087,87,xgb,0.989,276.1,2025-01-03 20:07:00
4088,88,logreg,0.955,164.8,2025-01-03 20:08:00
4089,89,logreg,0.884,283.3,2025-01-03 20:09:00
4090,90,rf,0.666,110.3,2025-01-03 20:10:00
4091,91,xgb,0.971,147.7,2025-01-03 20:11:00
4092,92,logreg,0.52,18.5,2025-01-03 20:12:00
4093,93,logreg,0.897,273.0,2025-01-03 20:13:00
4094,94,rf,0.915,28.2,2025-01-03 20:14:00
4095,95,svm,0.947,169.3,2025-01-03 20:15:00
4096,96,logreg,0.871,193.3,2025-01-03 20:16:00
4097,97,svm,0.657,134.9,2025-01-03 20:17:00
4098,98,xgb,0.644,188.3,2025-01-03 20:18:00
4099,99,logreg,0.713,25.6,2025-01-03 20:19:00
4100,100,rf,0.741,97.1,2025-01-03 20:20:00
4101,101,logreg,0.799,92.5,2025-01-03 20:21:00
4102,102,svm,0.878,210.0,2025-01-03 20:22:00
4103,103,rf,0.592,27.7,2025-01-03 20:23:00
4104,104,xgb,0.814,222.0,2025-01-03 20:24:00
4105,105,rf,0.523,91.6,2025-01-03 20:25:00
4106,106,xgb,0.672,161.8,2025-01-03 20:26:00
4107,107,logreg,0.862,157.7,2025-01-03 20:27:00
4108,108,xgb,0.749,204.7,2025-01-03 20:28:00
4109,109,rf,0.946,30.5,2025-01-03 20:29:00
4110,110,xgb,0.937,214.0,2025-01-03 20:30:00
4111,111,rf,0.85,149.1,2025-01-03 20:31:00
4112,112,rf,0.522,115.1,2025-01-03 20:32:00
4113,113,rf,0.953,2.4,2025-01-03 20:33:00
4114,114,xgb,0.823,274.7,2025-01-03 20:34:00
4115,115,svm,0.982,296.1,2025-01-03 20:35:00
4116,116,xgb,0.682,251.5,2025-01-03 20:36:00
4117,117,rf,0.576,180.0,2025-01-03 20:37:00
4118,118,svm,0.932,127.4,2025-01-03 20:38:00
4119,119,svm,0.6,263.7,2025-01-03 20:39:00
4120,120,svm,0.701,4.1,2025-01-03 20:40:00
4121,121,logreg,0.685,252.9,2025-01-03 20:41:00
4122,122,xgb,0.9,147.0,2025-01-03 20:42:00
4123,123,rf,0.807,119.2,2025-01-03 20:43:00
4124,124,logreg,0.563,207.2,2025-01-03 20:44:00
4125,125,rf,0.812,35.5,2025-01-03 20:45:00
4126,126,logreg,0.533,161.5,2025-01-03 20:46:00
4127,127,xgb,0.962,77.7,2025-01-03 20:47:00
4128,128,logreg,0.64,86.6,2025-01-03 20:48:00
4129,129,svm,0.553,36.7,2025-01-03 20:49:00
4130,130,xgb,0.966,166.9,2025-01-03 20:50:00
4131,131,logreg,0.598,155.9,2025-01-03 20:51:00
4132,132,rf,0.73,33.7,2025-01-03 20:52:00
4133,133,xgb,0.519,117.0,2025-01-03 20:53:00
4134,134,rf,0.874,242.1,2025-01-03 20:54:00
4135,135,xgb,0.714,111.9,2025-01-03 20:55:00
4136,136,xgb,0.717,231.0,2025-01-03 20:56:00
4137,137,xgb,0.877,217.7,2025-01-03 20:57:00
4138,138,rf,0.779,284.6,2025-01-03 20:58:00
4139,139,svm,0.921,76.0,2025-01-03 20:59:00
4140,140,xgb,0.672,61.0,2025-01-03 21:00:00
4141,141,rf,0.692,46.8,2025-01-03 21:01:00
4142,142,svm,0.748,68.3,2025-01-03 21:02:00
4143,143,xgb,0.665,216.6,2025-01-03 21:03:00
4144,144,rf,0.927,21.7,2025-01-03 21:04:00
4145,145,xgb,0.795,87.1,2025-01-03 21:05:00
4146,146,xgb,0.57,289.3,2025-01-03 21:06:00
4147,147,rf,0.555,20.5,2025-01-03 21:07:00
4148,148,rf,0.803,51.8,2025-01-03 21:08:00
4149,149,svm,0.681,43.9,2025-01-03 21:09:00
4150,150,rf,0.835,2.8,2025-01-03 21:10:00
4151,151,rf,0.776,244.3,2025-01-03 21:11:00
4152,152,rf,0.92,228.9,2025-01-03 21:12:00
4153,153,rf,0.776,23.1,2025-01-03 21:13:00
4154,154,logreg,0.959,193.8,2025-01-03 21:14:00
4155,155,svm,0.836,116.6,2025-01-03 21:15:00
4156,156,xgb,0.835,184.2,2025-01-03 21:16:00
4157,157,svm,0.98,191.4,2025-01-03 21:17:00
4158,158,logreg,0.951,46.8,2025-01-03 21:18:00
4159,159,svm,0.61,86.8,2025-01-03 21:19:00
4160,160,xgb,0.972,117.1,2025-01-03 21:20:00
4161,161,svm,0.932,111.1,2025-01-03 21:21:00
4162,162,rf,0.712,90.7,2025-01-03 21:22:00
4163,163,rf,0.725,213.5,2025-01-03 21:23:00
4164,164,xgb,0.984,38.4,2025-01-03 21:24:00
4165,165,svm,0.602,122.3,2025-01-03 21:25:00
4166,166,logreg,0.726,136.2,2025-01-03 21:26:00
4167,167,logreg,0.727,102.0,2025-01-03 21:27:00
4168,168,logreg,0.565,159.5,2025-01-03 21:28:00
4169,169,xgb,0.606,58.1,2025-01-03 21:29:00
4170,170,xgb,0.965,219.1,2025-01-03 21:30:00
4171,171,svm,0.941,164.9,2025-01-03 21:31:00
4172,172,logreg,0.684,92.8,2025-01-03 21:32:00
4173,173,logreg,0.569,33.5,2025-01-03 21:33:00
4174,174,logreg,0.647,250.0,2025-01-03 21:34:00
4175,175,logreg,0.525,65.9,2025-01-03 21:35:00
4176,176,xgb,0.823,281.2,2025-01-03 21:36:00
4177,177,logreg,0.588,133.5,2025-01-03 21:37:00
4178,178,xgb,0.689,200.4,2025-01-03 21:38:00
4179,179,svm,0.982,204.5,2025-01-03 21:39:00
4180,180,xgb,0.814,172.9,2025-01-03 21:40:00
4181,181,xgb,0.574,95.6,2025-01-03 21:41:00
4182,182,xgb,0.925,40.0,2025-01-03 21:42:00
4183,183,logreg,0.655,280.0,2025-01-03 21:43:00
4184,184,rf,0.831,236.3,2025-01-03 21:44:00
4185,185,rf,0.511,276.1,2025-01-03 21:45:00
4186,186,rf,0.662,27.9,2025-01-03 21:46:00
4187,187,svm,0.599,46.0,2025-01-03 21:47:00
4188,188,xgb,0.651,20.7,2025-01-03 21:48:00
4189,189,svm,0.786,248.6,2025-01-03 21:49:00
4190,190,logreg,0.666,53.4,2025-01-03 21:50:00
4191,191,svm,0.55,169.0,2025-01-03 21:51:00
4192,192,xgb,0.58,36.4,2025-01-03 21:52:00
4193,193,logreg,0.578,166.1,2025-01-03 21:53:00
4194,194,logreg,0.843,85.1,2025-01-03 21:54:00
4195,195,xgb,0.978,199.5,2025-01-03 21:55:00
4196,196,xgb,0.946,30.0,2025-01-03 21:56:00
4197,197,rf,0.566,114.9,2025-01-03 21:57:00
4198,198,logreg,0.734,230.4,2025-01-03 21:58:00
4199,199,svm,0.956,175.9,2025-01-03 21:59:00
4200,0,xgb,0.719,6.9,2025-01-03 22:00:00
4201,1,logreg,0.964,170.5,2025-01-03 22:01:00
4202,2,svm,0.984,266.1,2025-01-03 22:02:00
4203,3,rf,0.587,187.6,2025-01-03 22:03:00
4204,4,logreg,0.949,34.2,2025-01-03 22:04:00
4205,5,xgb,0.971,96.9,2025-01-03 22:05:00
4206,6,rf,0.674,295.1,2025-01-03 22:06:00
4207,7,logreg,0.508,267.4,2025-01-03 22:07:00
4208,8,logreg,0.986,110.2,2025-01-03 22:08:00
4209,9,svm,0.594,84.8,2025-01-03 22:09:00
4210,10,rf,0.74,271.8,2025-01-03 22:10:00
4211,11,rf,0.818,210.5,2025-01-03 22:11:00
4212,12,svm,0.72,130.5,2025-01-03 22:12:00
4213,13,rf,0.634,298.5,2025-01-03 22:13:00
4214,14,logreg,0.823,100.5,2025-01-03 22:14:00
4215,15,rf,0.564,293.5,2025-01-03 22:15:00
4216,16,rf,0.86,6.7,2025-01-03 22:16:00
4217,17,logreg,0.598,141.6,2025-01-03 22:17:00
4218,18,logreg,0.518,201.9,2025-01-03 22:18:00
4219,19,logreg,0.664,241.1,2025-01-03 22:19:00
4220,20,logreg,0.7,103.3,2025-01-03 22:20:00
4221,21,svm,0.852,166.2,2025-01-03 22:21:00
4222,22,logreg,0.638,25.9,2025-01-03 22:22:00
4223,23,logreg,0.95,26.4,2025-01-03 22:23:00
4224,24,svm,0.922,268.8,2025-01-03 22:24:00
4225,25,rf,0.897,242.1,2025-01-03 22:25:00
4226,26,rf,0.619,54.0,2025-01-03 22:26:00
4227,27,rf,0.575,240.6,2025-01-03 22:27:00
4228,28,rf,0.923,3.9,2025-01-03 22:28:00
4229,29,rf,0.861,103.0,2025-01-03 22:29:00
4230,30,rf,0.577,188.2,2025-01-03 22:30:00
4231,31,logreg,0.809,99.9,2025-01-03 22:31:00
4232,32,rf,0.8,17.8,2025-01-03 22:32:00
4233,33,xgb,0.598,224.1,2025-01-03 22:33:00
4234,34,rf,0.591,215.8,2025-01-03 22:34:00
4235,35,rf,0.502,237.7,2025-01-03 22:35:00
4236,36,xgb,0.603,215.4,2025-01-03 22:36:00
4237,37,logreg,0.657,159.3,2025-01-03 22:37:00
4238,38,logreg,0.901,212.8,2025-01-03 22:38:00
4239,39,logreg,0.797,56.6,2025-01-03 22:39:00
4240,40,svm,0.858,178.0,2025-01-03 22:40:00
4241,41,rf,0.717,152.8,2025-01-03 22:41:00
4242,42,rf,0.586,60.1,2025-01-03 22:42:00
4243,43,xgb,0.93,173.1,2025-01-03 22:43:00
4244,44,xgb,0.843,211.2,2025-01-03 22:44:00
4245,45,rf,0.592,254.7,2025-01-03 22:45:00
4246,46,xgb,0.58,191.0,2025-01-03 22:46:00
4247,47,svm,0.795,152.5,2025-01-03 22:47:00
4248,48,svm,0.607,76.0,2025-01-03 22:48:00
4249,49,svm,0.86,159.6,2025-01-03 22:49:00
4250,50,svm,0.638,49.2,2025-01-03 22:50:00
4251,51,rf,0.531,103.9,2025-01-03 22:51:00
4252,52,rf,0.804,245.5,2025-01-03 22:52:00
4253,53,rf,0.83,269.7,2025-01-03 22:53:00
4254,54,logreg,0.506,223.5,2025-01-03 22:54:00
4255,55,rf,0.656,231.6,2025-01-03 22:55:00
4256,56,svm,0.842,182.0,2025-01-03 22:56:00
4257,57,rf,0.779,218.4,2025-01-03 22:57:00
4258,58,svm,0.721,222.9,2025-01-03 22:58:00
4259,59,logreg,0.682,90.8,2025-01-03 22:59:00
4260,60,logreg,0.654,299.7,2025-01-03 23:00:00
4261,61,xgb,0.612,52.0,2025-01-03 23:01:00
4262,62,svm,0.701,264.1,2025-01-03 23:02:00
4263,63,svm,0.952,254.1,2025-01-03 23:03:00
4264,64,logreg,0.727,269.8,2025-01-03 23:04:00
4265,65,logreg,0.575,221.6,2025-01-03 23:05:00
4266,66,logreg,0.706,8.3,2025-01-03 23:06:00
4267,67,xgb,0.886,115.1,2025-01-03 23:07:00
4268,68,xgb,0.696,5.2,2025-01-03 23:08:00
4269,69,xgb,0.574,283.9,2025-01-03 23:09:00
4270,70,xgb,0.546,118.0,2025-01-03 23:10:00
4271,71,xgb,0.633,60.1,2025-01-03 23:11:00
4272,72,logreg,0.692,91.8,2025-01-03 23:12:00
4273,73,svm,0.612,146.5,2025-01-03 23:13:00
4274,74,logreg,0.712,284.3,2025-01-03 23:14:00
4275,75,xgb,0.739,200.1,2025-01-03 23:15:00
4276,76,svm,0.971,21.0,2025-01-03 23:16:00
4277,77,svm,0.846,182.7,2025-01-03 23:17:00
4278,78,xgb,0.615,283.1,2025-01-03 23:18:00
4279,79,xgb,0.704,4.9,2025-01-03 23:19:00
4280,80,svm,0.809,102.2,2025-01-03 23:20:00
4281,81,svm,0.835,129.3,2025-01-03 23:21:00
4282,82,rf,0.794,159.4,2025-01-03 23:22:00
4283,83,svm,0.855,242.3,2025-01-03 23:23:00
4284,84,xgb,0.681,291.2,2025-01-03 23:24:00
4285,85,rf,0.509,111.6,2025-01-03 23:25:00
4286,86,xgb,0.603,98.5,2025-01-03 23:26:00
4287,87,xgb,0.946,270.9,2025-01-03 23:27:00
4288,88,logreg,0.886,166.9,2025-01-03 23:28:00
4289,89,svm,0.842,270.7,2025-01-03 23:29:00
4290,90,svm,0.883,172.1,2025-01-03 23:30:00
4291,91,xgb,0.847,183.2,2025-01-03 23:31:00
4292,92,xgb,0.739,141.5,2025-01-03 23:32:00
4293,93,rf,0.654,264.3,2025-01-03 23:33:00
4294,94,logreg,0.868,187.5,2025-01-03 23:34:00
4295,95,rf,0.759,139.3,2025-01-03 23:35:00
4296,96,svm,0.533,117.5,2025-01-03 23:36:00
4297,97,xgb,0.888,83.6,2025-01-03 23:37:00
4298,98,xgb,0.678,233.6,2025-01-03 23:38:00
4299,99,logreg,0.621,190.3,2025-01-03 23:39:00
4300,100,svm,0.675,186.6,2025-01-03 23:40:00
4301,101,xgb,0.884,287.0,2025-01-03 23:41:00
4302,102,logreg,0.983,181.8,2025-01-03 23:42:00
4303,103,xgb,0.904,194.1,2025-01-03 23:43:00
4304,104,rf,0.645,19.1,2025-01-03 23:44:00
4305,105,xgb,0.757,151.7,2025-01-03 23:45:00
4306,106,xgb,0.887,127.5,2025-01-03 23:46:00
4307,107,rf,0.646,62.1,2025-01-03 23:47:00
4308,108,svm,0.512,195.8,2025-01-03 23:48:00
4309,109,logreg,0.539,140.0,2025-01-03 23:49:00
4310,110,xgb,0.719,115.2,2025-01-03 23:50:00
4311,111,xgb,0.791,227.8,2025-01-03 23:51:00
4312,112,rf,0.959,137.3,2025-01-03 23:52:00
4313,113,xgb,0.846,136.5,2025-01-03 23:53:00
4314,114,xgb,0.787,97.5,2025-01-03 23:54:00
4315,115,rf,0.561,260.5,2025-01-03 23:55:00
4316,116,logreg,0.681,95.3,2025-01-03 23:56:00
4317,117,logreg,0.77,189.0,2025-01-03 23:57:00
4318,118,svm,0.694,98.7,2025-01-03 23:58:00
4319,119,rf,0.815,97.9,2025-01-03 23:59:00
4320,120,rf,0.933,17.7,2025-01-04 00:00:00
4321,121,xgb,0.743,278.2,2025-01-04 00:01:00
4322,122,xgb,0.574,157.3,2025-01-04 00:02:00
4323,123,xgb,0.545,108.7,2025-01-04 00:03:00
4324,124,svm,0.666,124.4,2025-01-04 00:04:00
4325,125,rf,0.741,164.0,2025-01-04 00:05:00
4326,126,logreg,0.814,119.4,2025-01-04 00:06:00
4327,127,xgb,0.769,27.8,2025-01-04 00:07:00
4328,128,xgb,0.72,35.5,2025-01-04 00:08:00
4329,129,svm,0.611,17.9,2025-01-04 00:09:00
4330,130,rf,0.526,253.0,2025-01-04 00:10:00
4331,131,xgb,0.735,13.6,2025-01-04 00:11:00
4332,132,xgb,0.965,286.4,2025-01-04 00:12:00
4333,133,xgb,0.745,97.6,2025-01-04 00:13:00
4334,134,logreg,0.509,229.9,2025-01-04 00:14:00
4335,135,logreg,0.512,214.7,2025-01-04 00:15:00
4336,136,logreg,0.77,13.0,2025-01-04 00:16:00
4337,137,rf,0.602,175.2,2025-01-04 00:17:00
4338,138,rf,0.671,25.1,2025-01-04 00:18:00
4339,139,svm,0.749,248.9,2025-01-04 00:19:00
4340,140,logreg,0.604,161.3,2025-01-04 00:20:00
4341,141,svm,0.63,112.9,2025-01-04 00:21:00
4342,142,logreg,0.578,61.3,2025-01-04 00:22:00
4343,143,svm,0.664,98.8,2025-01-04 00:23:00
4344,144,svm,0.692,195.5,2025-01-04 00:24:00
4345,145,logreg,0.514,181.4,2025-01-04 00:25:00
4346,146,logreg,0.6,34.7,2025-01-04 00:26:00
4347,147,logreg,0.894,223.1,2025-01-04 00:27:00
4348,148,xgb,0.598,171.5,2025-01-04 00:28:00
4349,149,svm,0.908,202.6,2025-01-04 00:29:00
4350,150,svm,0.677,17.3,2025-01-04 00:30:00
4351,151,xgb,0.778,265.4,2025-01-04 00:31:00
4352,152,svm,0.606,8.1,2025-01-04 00:32:00
4353,153,rf,0.606,55.1,2025-01-04 00:33:00
4354,154,svm,0.601,284.1,2025-01-04 00:34:00
4355,155,logreg,0.853,137.9,2025-01-04 00:35:00
4356,156,logreg,0.795,50.4,2025-01-04 00:36:00
4357,157,logreg,0.735,179.4,2025-01-04 00:37:00
4358,158,xgb,0.538,33.1,2025-01-04 00:38:00
4359,159,rf,0.918,186.2,2025-01-04 00:39:00
4360,160,rf,0.964,279.1,2025-01-04 00:40:00
4361,161,svm,0.718,218.9,2025-01-04 00:41:00
4362,162,xgb,0.548,111.0,2025-01-04 00:42:00
4363,163,xgb,0.976,222.8,2025-01-04 00:43:00
4364,164,svm,0.537,125.8,2025-01-04 00:44:00
4365,165,rf,0.646,11.5,2025-01-04 00:45:00
4366,166,rf,0.648,79.6,2025-01-04 00:46:00
4367,167,xgb,0.559,191.4,2025-01-04 00:47:00
4368,168,rf,0.931,279.7,2025-01-04 00:48:00
4369,169,xgb,0.507,26.7,2025-01-04 00:49:00
4370,170,xgb,0.723,266.0,2025-01-04 00:50:00
4371,171,svm,0.632,211.2,2025-01-04 00:51:00
4372,172,logreg,0.531,207.8,2025-01-04 00:52:00
4373,173,xgb,0.532,203.7,2025-01-04 00:53:00
4374,174,rf,0.518,130.3,2025-01-04 00:54:00
4375,175,logreg,0.702,291.9,2025-01-04 00:55:00
4376,176,rf,0.822,287.9,2025-01-04 00:56:00
4377,177,svm,0.848,215.9,2025-01-04 00:57:00
4378,178,xgb,0.893,8.3,2025-01-04 00:58:00
4379,179,svm,0.972,57.2,2025-01-04 00:59:00
4380,180,logreg,0.897,298.8,2025-01-04 01:00:00
4381,181,rf,0.928,250.8,2025-01-04 01:01:00
4382,182,logreg,0.774,211.2,2025-01-04 01:02:00
4383,183,xgb,0.851,223.0,2025-01-04 01:03:00
4384,184,svm,0.678,179.8,2025-01-04 01:04:00
4385,185,logreg,0.902,163.8,2025-01-04 01:05:00
4386,186,svm,0.823,112.0,2025-01-04 01:06:00
4387,187,xgb,0.657,192.2,2025-01-04 01:07:00
4388,188,logreg,0.585,121.1,2025-01-04 01:08:00
4389,189,logreg,0.982,230.4,2025-01-04 01:09:00
4390,190,xgb,0.899,225.7,2025-01-04 01:10:00
4391,191,logreg,0.831,122.9,2025-01-04 01:11:00
4392,192,logreg,0.542,76.7,2025-01-04 01:12:00
4393,193,xgb,0.663,108.2,2025-01-04 01:13:00
4394,194,logreg,0.721,162.2,2025-01-04 01:14:00
4395,195,xgb,0.936,103.7,2025-01-04 01:15:00
4396,196,xgb,0.793,162.5,2025-01-04 01:16:00
4397,197,xgb,0.917,172.5,2025-01-04 01:17:00
4398,198,xgb,0.904,119.5,2025-01-04 01:18:00
4399,199,logreg,0.932,297.2,2025-01-04 01:19:00
4400,0,rf,0.755,173.1,2025-01-04 01:20:00
4401,1,svm,0.958,199.7,2025-01-04 01:21:00
4402,2,xgb,0.862,205.5,2025-01-04 01:22:00
4403,3,svm,0.74,98.3,2025-01-04 01:23:00
4404,4,svm,0.769,119.1,2025-01-04 01:24:00
4405,5,logreg,0.607,106.0,2025-01-04 01:25:00
4406,6,logreg,0.837,296.4,2025-01-04 01:26:00
4407,7,xgb,0.814,136.6,2025-01-04 01:27:00
4408,8,xgb,0.851,268.1,2025-01-04 01:28:00
4409,9,rf,0.743,274.8,2025-01-04 01:29:00
4410,10,svm,0.618,122.4,2025-01-04 01:30:00
4411,11,xgb,0.766,29.9,2025-01-04 01:31:00
4412,12,xgb,0.512,10.3,2025-01-04 01:32:00
4413,13,rf,0.601,248.5,2025-01-04 01:33:00
4414,14,rf,0.533,136.3,2025-01-04 01:34:00
4415,15,rf,0.707,107.9,2025-01-04 01:35:00
4416,16,logreg,0.505,179.7,2025-01-04 01:36:00
4417,17,svm,0.69,63.3,2025-01-04 01:37:00
4418,18,logreg,0.803,275.9,2025-01-04 01:38:00
4419,19,rf,0.833,293.1,2025-01-04 01:39:00
4420,20,logreg,0.657,10.3,2025-01-04 01:40:00
4421,21,logreg,0.922,115.7,2025-01-04 01:41:00
4422,22,rf,0.707,176.6,2025-01-04 01:42:00
4423,23,svm,0.965,205.8,2025-01-04 01:43:00
4424,24,rf,0.686,288.9,2025-01-04 01:44:00
4425,25,rf,0.733,163.6,2025-01-04 01:45:00
4426,26,rf,0.62,249.4,2025-01-04 01:46:00
4427,27,rf,0.723,225.0,2025-01-04 01:47:00
4428,28,xgb,0.796,141.3,2025-01-04 01:48:00
4429,29,svm,0.652,233.4,2025-01-04 01:49:00
4430,30,logreg,0.606,123.8,2025-01-04 01:50:00
4431,31,rf,0.835,178.4,2025-01-04 01:51:00
4432,32,rf,0.958,133.9,2025-01-04 01:52:00
4433,33,xgb,0.727,209.4,2025-01-04 01:53:00
4434,34,logreg,0.893,161.2,2025-01-04 01:54:00
4435,35,rf,0.624,36.2,2025-01-04 01:55:00
4436,36,logreg,0.585,136.1,2025-01-04 01:56:00
4437,37,xgb,0.52,180.7,2025-01-04 01:57:00
4438,38,logreg,0.554,47.3,2025-01-04 01:58:00
4439,39,rf,0.598,146.4,2025-01-04 01:59:00
4440,40,rf,0.69,223.6,2025-01-04 02:00:00
4441,41,xgb,0.879,14.1,2025-01-04 02:01:00
4442,42,xgb,0.609,259.8,2025-01-04 02:02:00
4443,43,logreg,0.612,134.0,2025-01-04 02:03:00
4444,44,rf,0.55,42.6,2025-01-04 02:04:00
4445,45,rf,0.715,110.6,2025-01-04 02:05:00
4446,46,logreg,0.51,158.0,2025-01-04 02:06:00
4447,47,svm,0.811,32.8,2025-01-04 02:07:00
4448,48,logreg,0.516,131.5,2025-01-04 02:08:00
4449,49,logreg,0.533,27.1,2025-01-04 02:09:00
4450,50,svm,0.733,152.6,2025-01-04 02:10:00
4451,51,xgb,0.944,262.8,2025-01-04 02:11:00
4452,52,rf,0.512,26.8,2025-01-04 02:12:00
4453,53,xgb,0.826,134.4,2025-01-04 02:13:00
4454,54,svm,0.773,143.9,2025-01-04 02:14:00
4455,55,xgb,0.785,35.6,2025-01-04 02:15:00
4456,56,rf,0.614,45.1,2025-01-04 02:16:00
4457,57,xgb,0.866,117.8,2025-01-04 02:17:00
4458,58,svm,0.529,236.6,2025-01-04 02:18:00
4459,59,rf,0.757,80.5,2025-01-04 02:19:00
4460,60,rf,0.649,243.6,2025-01-04 02:20:00
4461,61,svm,0.951,258.3,2025-01-04 02:21:00
4462,62,xgb,0.592,143.0,2025-01-04 02:22:00
4463,63,logreg,0.605,52.6,2025-01-04 02:23:00
4464,64,rf,0.572,39.0,2025-01-04 02:24:00
4465,65,xgb,0.922,21.3,2025-01-04 02:25:00
4466,66,rf,0.777,74.9,2025-01-04 02:26:00
4467,67,logreg,0.911,109.2,2025-01-04 02:27:00
4468,68,xgb,0.906,122.5,2025-01-04 02:28:00
4469,69,logreg,0.521,96.8,2025-01-04 02:29:00
4470,70,logreg,0.514,201.8,2025-01-04 02:30:00
4471,71,svm,0.691,182.3,2025-01-04 02:31:00
4472,72,xgb,0.867,39.1,2025-01-04 02:32:00
4473,73,logreg,0.817,226.9,2025-01-04 02:33:00
4474,74,xgb,0.618,156.9,2025-01-04 02:34:00
4475,75,logreg,0.879,130.4,2025-01-04 02:35:00
4476,76,rf,0.704,168.9,2025-01-04 02:36:00
4477,77,xgb,0.879,12.9,2025-01-04 02:37:00
4478,78,svm,0.693,139.9,2025-01-04 02:38:00
4479,79,svm,0.649,161.1,2025-01-04 02:39:00
4480,80,svm,0.95,256.8,2025-01-04 02:40:00
4481,81,logreg,0.751,116.4,2025-01-04 02:41:00
4482,82,xgb,0.73,28.2,2025-01-04 02:42:00
4483,83,logreg,0.978,160.3,2025-01-04 02:43:00
4484,84,rf,0.623,81.2,2025-01-04 02:44:00
4485,85,svm,0.929,178.7,2025-01-04 02:45:00
4486,86,xgb,0.653,271.8,2025-01-04 02:46:00
4487,87,xgb,0.777,105.2,2025-01-04 02:47:00
4488,88,svm,0.594,101.2,2025-01-04 02:48:00
4489,89,logreg,0.636,179.7,2025-01-04 02:49:00
4490,90,xgb,0.876,267.3,2025-01-04 02:50:00
4491,91,xgb,0.893,206.8,2025-01-04 02:51:00
4492,92,xgb,0.837,109.1,2025-01-04 02:52:00
4493,93,svm,0.6,139.3,2025-01-04 02:53:00
4494,94,xgb,0.557,217.1,2025-01-04 02:54:00
4495,95,svm,0.813,62.5,2025-01-04 02:55:00
4496,96,svm,0.59,194.6,2025-01-04 02:56:00
4497,97,logreg,0.684,118.1,2025-01-04 02:57:00
4498,98,svm,0.957,138.3,2025-01-04 02:58:00
4499,99,svm,0.572,182.2,2025-01-04 02:59:00
4500,100,svm,0.561,113.6,2025-01-04 03:00:00
4501,101,logreg,0.502,57.5,2025-01-04 03:01:00
4502,102,svm,0.955,137.0,2025-01-04 03:02:00
4503,103,svm,0.75,126.7,2025-01-04 03:03:00
4504,104,svm,0.525,128.9,2025-01-04 03:04:00
4505,105,logreg,0.792,143.4,2025-01-04 03:05:00
4506,106,logreg,0.653,42.8,2025-01-04 03:06:00
4507,107,rf,0.677,240.6,2025-01-04 03:07:00
4508,108,rf,0.52,22.0,2025-01-04 03:08:00
4509,109,rf,0.769,81.3,2025-01-04 03:09:00
4510,110,rf,0.954,206.3,2025-01-04 03:10:00
4511,111,xgb,0.52,198.4,2025-01-04 03:11:00
4512,112,rf,0.505,101.9,2025-01-04 03:12:00
4513,113,svm,0.639,73.0,2025-01-04 03:13:00
4514,114,xgb,0.803,171.6,2025-01-04 03:14:00
4515,115,svm,0.955,106.7,2025-01-04 03:15:00
4516,116,xgb,0.574,166.6,2025-01-04 03:16:00
4517,117,svm,0.874,52.4,2025-01-04 03:17:00
4518,118,logreg,0.6,185.3,2025-01-04 03:18:00
4519,119,xgb,0.545,222.4,2025-01-04 03:19:00
4520,120,svm,0.897,38.2,2025-01-04 03:20:00
4521,121,xgb,0.914,67.1,2025-01-04 03:21:00
4522,122,logreg,0.799,267.7,2025-01-04 03:22:00
4523,123,xgb,0.637,1.9,2025-01-04 03:23:00
4524,124,svm,0.713,258.4,2025-01-04 03:24:00
4525,125,logreg,0.719,70.4,2025-01-04 03:25:00
4526,126,rf,0.7,133.8,2025-01-04 03:26:00
4527,127,xgb,0.862,116.0,2025-01-04 03:27:00
4528,128,logreg,0.511,229.8,2025-01-04 03:28:00
4529,129,xgb,0.932,148.0,2025-01-04 03:29:00
4530,130,svm,0.658,150.2,2025-01-04 03:30:00
4531,131,logreg,0.911,182.4,2025-01-04 03:31:00
4532,132,svm,0.571,24.1,2025-01-04 03:32:00
4533,133,logreg,0.583,121.8,2025-01-04 03:33:00
4534,134,xgb,0.654,122.1,2025-01-04 03:34:00
4535,135,xgb,0.85,269.6,2025-01-04 03:35:00
4536,136,logreg,0.794,141.4,2025-01-04 03:36:00
4537,137,rf,0.836,169.4,2025-01-04 03:37:00
4538,138,rf,0.722,240.2,2025-01-04 03:38:00
4539,139,logreg,0.78,108.5,2025-01-04 03:39:00
4540,140,rf,0.741,217.5,2025-01-04 03:40:00
4541,141,logreg,0.544,77.2,2025-01-04 03:41:00
4542,142,xgb,0.632,273.6,2025-01-04 03:42:00
4543,143,svm,0.734,51.4,2025-01-04 03:43:00
4544,144,xgb,0.914,293.8,2025-01-04 03:44:00
4545,145,svm,0.524,69.3,2025-01-04 03:45:00
4546,146,xgb,0.545,208.9,2025-01-04 03:46:00
4547,147,rf,0.623,158.1,2025-01-04 03:47:00
4548,148,svm,0.722,88.7,2025-01-04 03:48:00
4549,149,logreg,0.636,274.9,2025-01-04 03:49:00
4550,150,xgb,0.701,50.8,2025-01-04 03:50:00
4551,151,rf,0.614,28.6,2025-01-04 03:51:00
4552,152,rf,0.781,235.1,2025-01-04 03:52:00
4553,153,xgb,0.641,141.6,2025-01-04 03:53:00
4554,154,logreg,0.939,71.6,2025-01-04 03:54:00
4555,155,xgb,0.795,24.0,2025-01-04 03:55:00
4556,156,rf,0.632,235.2,2025-01-04 03:56:00
4557,157,rf,0.882,166.5,2025-01-04 03:57:00
4558,158,svm,0.854,46.7,2025-01-04 03:58:00
4559,159,xgb,0.62,3.6,2025-01-04 03:59:00
4560,160,xgb,0.876,154.5,2025-01-04 04:00:00
4561,161,rf,0.745,268.6,2025-01-04 04:01:00
4562,162,logreg,0.566,15.5,2025-01-04 04:02:00
4563,163,xgb,0.915,73.3,2025-01-04 04:03:00
4564,164,svm,0.781,84.5,2025-01-04 04:04:00
4565,165,xgb,0.723,213.4,2025-01-04 04:05:00
4566,166,xgb,0.579,182.2,2025-01-04 04:06:00
4567,167,rf,0.533,113.9,2025-01-04 04:07:00
4568,168,rf,0.641,159.1,2025-01-04 04:08:00
4569,169,logreg,0.832,119.1,2025-01-04 04:09:00
4570,170,logreg,0.936,140.5,2025-01-04 04:10:00
4571,171,svm,0.885,173.7,2025-01-04 04:11:00
4572,172,logreg,0.868,157.5,2025-01-04 04:12:00
4573,173,logreg,0.582,257.5,2025-01-04 04:13:00
4574,174,xgb,0.894,62.9,2025-01-04 04:14:00
4575,175,svm,0.913,35.5,2025-01-04 04:15:00
4576,176,logreg,0.687,90.6,2025-01-04 04:16:00
4577,177,rf,0.654,60.4,2025-01-04 04:17:00
4578,178,rf,0.606,232.7,2025-01-04 04:18:00
4579,179,xgb,0.72,177.5,2025-01-04 04:19:00
4580,180,xgb,0.818,91.3,2025-01-04 04:20:00
4581,181,xgb,0.57,270.3,2025-01-04 04:21:00
4582,182,logreg,0.624,120.4,2025-01-04 04:22:00
4583,183,logreg,0.682,62.2,2025-01-04 04:23:00
4584,184,xgb,0.704,16.4,2025-01-04 04:24:00
4585,185,xgb,0.94,276.9,2025-01-04 04:25:00
4586,186,svm,0.683,105.8,2025-01-04 04:26:00
4587,187,logreg,0.935,261.8,2025-01-04 04:27:00
4588,188,rf,0.793,107.1,2025-01-04 04:28:00
4589,189,logreg,0.52,294.4,2025-01-04 04:29:00
4590,190,logreg,0.533,100.1,2025-01-04 04:30:00
4591,191,svm,0.952,50.6,2025-01-04 04:31:00
4592,192,rf,0.572,213.6,2025-01-04 04:32:00
4593,193,svm,0.529,153.3,2025-01-04 04:33:00
4594,194,svm,0.512,121.6,2025-01-04 04:34:00
4595,195,logreg,0.67,98.6,2025-01-04 04:35:00
4596,196,svm,0.525,155.6,2025-01-04 04:36:00
4597,197,rf,0.933,227.8,2025-01-04 04:37:00
4598,198,logreg,0.874,11.8,2025-01-04 04:38:00
4599,199,rf,0.989,46.8,2025-01-04 04:39:00
4600,0,logreg,0.662,214.6,2025-01-04 04:40:00
4601,1,svm,0.571,228.9,2025-01-04 04:41:00
4602,2,xgb,0.546,115.8,2025-01-04 04:42:00
4603,3,logreg,0.608,14.2,2025-01-04 04:43:00
4604,4,rf,0.967,59.2,2025-01-04 04:44:00
4605,5,xgb,0.705,248.0,2025-01-04 04:45:00
4606,6,xgb,0.709,170.9,2025-01-04 04:46:00
4607,7,xgb,0.5,20.8,2025-01-04 04:47:00
4608,8,rf,0.63,145.3,2025-01-04 04:48:00
4609,9,rf,0.607,274.6,2025-01-04 04:49:00
4610,10,xgb,0.953,148.6,2025-01-04 04:50:00
4611,11,rf,0.828,243.7,2025-01-04 04:51:00
4612,12,svm,0.802,293.9,2025-01-04 04:52:00
4613,13,logreg,0.968,78.2,2025-01-04 04:53:00
4614,14,svm,0.809,98.6,2025-01-04 04:54:00
4615,15,xgb,0.827,250.8,2025-01-04 04:55:00
4616,16,svm,0.895,233.7,2025-01-04 04:56:00
4617,17,xgb,0.611,7.6,2025-01-04 04:57:00
4618,18,logreg,0.633,282.0,2025-01-04 04:58:00
4619,19,svm,0.744,217.6,2025-01-04 04:59:00
4620,20,logreg,0.525,177.9,2025-01-04 05:00:00
4621,21,svm,0.552,45.2,2025-01-04 05:01:00
4622,22,xgb,0.914,66.5,2025-01-04 05:02:00
4623,23,xgb,0.728,46.8,2025-01-04 05:03:00
4624,24,rf,0.842,152.2,2025-01-04 05:04:00
4625,25,logreg,0.864,126.4,2025-01-04 05:05:00
4626,26,svm,0.647,73.5,2025-01-04 05:06:00
4627,27,logreg,0.965,199.2,2025-01-04 05:07:00
4628,28,svm,0.954,18.0,2025-01-04 05:08:00
4629,29,logreg,0.899,47.1,2025-01-04 05:09:00
4630,30,logreg,0.979,100.8,2025-01-04 05:10:00
4631,31,svm,0.558,71.5,2025-01-04 05:11:00
4632,32,logreg,0.955,119.5,2025-01-04 05:12:00
4633,33,xgb,0.699,255.0,2025-01-04 05:13:00
4634,34,svm,0.619,241.6,2025-01-04 05:14:00
4635,35,svm,0.578,98.8,2025-01-04 05:15:00
4636,36,logreg,0.918,31.1,2025-01-04 05:16:00
4637,37,rf,0.89,3.5,2025-01-04 05:17:00
4638,38,logreg,0.741,28.6,2025-01-04 05:18:00
4639,39,xgb,0.986,1.6,2025-01-04 05:19:00
4640,40,xgb,0.516,88.1,2025-01-04 05:20:00
4641,41,svm,0.833,275.5,2025-01-04 05:21:00
4642,42,svm,0.826,27.2,2025-01-04 05:22:00
4643,43,xgb,0.938,99.7,2025-01-04 05:23:00
4644,44,rf,0.988,25.6,2025-01-04 05:24:00
4645,45,rf,0.801,246.6,2025-01-04 05:25:00
4646,46,xgb,0.887,269.2,2025-01-04 05:26:00
4647,47,logreg,0.553,178.4,2025-01-04 05:27:00
4648,48,rf,0.908,86.0,2025-01-04 05:28:00
4649,49,rf,0.727,255.9,2025-01-04 05:29:00
4650,50,xgb,0.815,210.3,2025-01-04 05:30:00
4651,51,rf,0.743,67.9,2025-01-04 05:31:00
4652,52,svm,0.516,255.8,2025-01-04 05:32:00
4653,53,xgb,0.841,243.3,2025-01-04 05:33:00
4654,54,svm,0.966,92.6,2025-01-04 05:34:00
4655,55,logreg,0.705,279.2,2025-01-04 05:35:00
4656,56,svm,0.826,64.0,2025-01-04 05:36:00
4657,57,logreg,0.573,47.4,2025-01-04 05:37:00
4658,58,rf,0.529,262.7,2025-01-04 05:38:00
4659,59,xgb,0.553,135.2,2025-01-04 05:39:00
4660,60,xgb,0.854,85.5,2025-01-04 05:40:00
4661,61,svm,0.837,174.2,2025-01-04 05:41:00
4662,62,logreg,0.713,37.7,2025-01-04 05:42:00
4663,63,svm,0.959,63.7,2025-01-04 05:43:00
4664,64,logreg,0.822,109.9,2025-01-04 05:44:00
4665,65,logreg,0.594,20.8,2025-01-04 05:45:00
4666,66,rf,0.912,241.3,2025-01-04 05:46:00
4667,67,logreg,0.591,149.8,2025-01-04 05:47:00
4668,68,logreg,0.884,258.9,2025-01-04 05:48:00
4669,69,logreg,0.565,98.7,2025-01-04 05:49:00
4670,70,logreg,0.823,287.5,2025-01-04 05:50:00
4671,71,xgb,0.504,235.2,2025-01-04 05:51:00
4672,72,svm,0.704,146.6,2025-01-04 05:52:00
4673,73,svm,0.573,265.4,2025-01-04 05:53:00
4674,74,xgb,0.751,149.1,2025-01-04 05:54:00
4675,75,svm,0.945,216.5,2025-01-04 05:55:00
4676,76,logreg,0.519,3.8,2025-01-04 05:56:00
4677,77,svm,0.849,240.3,2025-01-04 05:57:00
4678,78,svm,0.665,32.3,2025-01-04 05:58:00
4679,79,xgb,0.603,100.4,2025-01-04 05:59:00
4680,80,svm,0.76,267.0,2025-01-04 06:00:00
4681,81,xgb,0.713,285.0,2025-01-04 06:01:00
4682,82,rf,0.723,216.0,2025-01-04 06:02:00
4683,83,svm,0.764,227.0,2025-01-04 06:03:00
4684,84,rf,0.639,6.4,2025-01-04 06:04:00
4685,85,rf,0.733,263.6,2025-01-04 06:05:00
4686,86,logreg,0.948,183.0,2025-01-04 06:06:00
4687,87,xgb,0.952,250.6,2025-01-04 06:07:00
4688,88,xgb,0.72,90.8,2025-01-04 06:08:00
4689,89,rf,0.9,200.9,2025-01-04 06:09:00
4690,90,svm,0.693,2.3,2025-01-04 06:10:00
4691,91,xgb,0.52,285.7,2025-01-04 06:11:00
4692,92,logreg,0.617,1.7,2025-01-04 06:12:00
4693,93,rf,0.97,240.9,2025-01-04 06:13:00
4694,94,svm,0.762,269.9,2025-01-04 06:14:00
4695,95,logreg,0.508,260.7,2025-01-04 06:15:00
4696,96,svm,0.877,199.3,2025-01-04 06:16:00
4697,97,logreg,0.985,64.8,2025-01-04 06:17:00
4698,98,svm,0.882,256.7,2025-01-04 06:18:00
4699,99,logreg,0.775,99.2,2025-01-04 06:19:00
4700,100,xgb,0.507,129.4,2025-01-04 06:20:00
4701,101,svm,0.817,284.0,2025-01-04 06:21:00
4702,102,rf,0.549,279.4,2025-01-04 06:22:00
4703,103,svm,0.583,88.4,2025-01-04 06:23:00
4704,104,svm,0.704,271.9,2025-01-04 06:24:00
4705,105,xgb,0.857,109.1,2025-01-04 06:25:00
4706,106,svm,0.652,163.2,2025-01-04 06:26:00
4707,107,rf,0.537,47.5,2025-01-04 06:27:00
4708,108,rf,0.918,2.0,2025-01-04 06:28:00
4709,109,xgb,0.532,231.3,2025-01-04 06:29:00
4710,110,svm,0.973,34.9,2025-01-04 06:30:00
4711,111,logreg,0.665,150.6,2025-01-04 06:31:00
4712,112,logreg,0.75,144.9,2025-01-04 06:32:00
4713,113,svm,0.885,107.5,2025-01-04 06:33:00
4714,114,rf,0.673,117.0,2025-01-04 06:34:00
4715,115,xgb,0.767,75.8,2025-01-04 06:35:00
4716,116,rf,0.946,186.5,2025-01-04 06:36:00
4717,117,rf,0.986,49.5,2025-01-04 06:37:00
4718,118,svm,0.579,244.8,2025-01-04 06:38:00
4719,119,xgb,0.735,277.5,2025-01-04 06:39:00
4720,120,svm,0.515,256.2,2025-01-04 06:40:00
4721,121,logreg,0.551,154.2,2025-01-04 06:41:00
4722,122,logreg,0.604,57.9,2025-01-04 06:42:00
4723,123,logreg,0.879,224.6,2025-01-04 06:43:00
4724,124,rf,0.978,223.7,2025-01-04 06:44:00
4725,125,logreg,0.773,137.9,2025-01-04 06:45:00
4726,126,svm,0.815,60.5,2025-01-04 06:46:00
4727,127,rf,0.518,57.2,2025-01-04 06:47:00
4728,128,svm,0.508,199.7,2025-01-04 06:48:00
4729,129,svm,0.818,125.2,2025-01-04 06:49:00
4730,130,rf,0.975,258.7,2025-01-04 06:50:00
4731,131,rf,0.566,29.7,2025-01-04 06:51:00
4732,132,rf,0.791,142.6,2025-01-04 06:52:00
4733,133,svm,0.559,243.4,2025-01-04 06:53:00
4734,134,svm,0.621,161.6,2025-01-04 06:54:00
4735,135,logreg,0.644,257.7,2025-01-04 06:55:00
4736,136,rf,0.96,199.8,2025-01-04 06:56:00
4737,137,xgb,0.841,244.9,2025-01-04 06:57:00
4738,138,xgb,0.638,255.1,2025-01-04 06:58:00
4739,139,rf,0.978,109.8,2025-01-04 06:59:00
4740,140,logreg,0.651,90.6,2025-01-04 07:00:00
4741,141,rf,0.513,86.3,2025-01-04 07:01:00
4742,142,xgb,0.849,261.0,2025-01-04 07:02:00
4743,143,rf,0.678,29.5,2025-01-04 07:03:00
4744,144,svm,0.876,96.2,2025-01-04 07:04:00
4745,145,rf,0.589,64.5,2025-01-04 07:05:00
4746,146,rf,0.613,83.7,2025-01-04 07:06:00
4747,147,rf,0.898,165.1,2025-01-04 07:07:00
4748,148,svm,0.944,197.7,2025-01-04 07:08:00
4749,149,rf,0.939,225.9,2025-01-04 07:09:00
4750,150,rf,0.653,263.5,2025-01-04 07:10:00
4751,151,rf,0.822,81.4,2025-01-04 07:11:00
4752,152,rf,0.567,29.2,2025-01-04 07:12:00
4753,153,rf,0.552,143.6,2025-01-04 07:13:00
4754,154,logreg,0.897,122.4,2025-01-04 07:14:00
4755,155,rf,0.629,177.7,2025-01-04 07:15:00
4756,156,xgb,0.54,51.3,2025-01-04 07:16:00
4757,157,rf,0.809,6.0,2025-01-04 07:17:00
4758,158,xgb,0.857,38.9,2025-01-04 07:18:00
4759,159,xgb,0.985,2.6,2025-01-04 07:19:00
4760,160,svm,0.783,219.2,2025-01-04 07:20:00
4761,161,xgb,0.741,72.1,2025-01-04 07:21:00
4762,162,logreg,0.603,200.4,2025-01-04 07:22:00
4763,163,xgb,0.904,88.5,2025-01-04 07:23:00
4764,164,xgb,0.698,177.6,2025-01-04 07:24:00
4765,165,svm,0.632,185.3,2025-01-04 07:25:00
4766,166,rf,0.846,77.2,2025-01-04 07:26:00
4767,167,logreg,0.501,35.3,2025-01-04 07:27:00
4768,168,xgb,0.866,207.7,2025-01-04 07:28:00
4769,169,xgb,0.899,174.5,2025-01-04 07:29:00
4770,170,xgb,0.565,13.0,2025-01-04 07:30:00
4771,171,xgb,0.865,219.6,2025-01-04 07:31:00
4772,172,logreg,0.565,66.2,2025-01-04 07:32:00
4773,173,rf,0.782,195.9,2025-01-04 07:33:00
4774,174,rf,0.907,5.1,2025-01-04 07:34:00
4775,175,rf,0.667,134.7,2025-01-04 07:35:00
4776,176,xgb,0.855,235.9,2025-01-04 07:36:00
4777,177,svm,0.659,123.9,2025-01-04 07:37:00
4778,178,svm,0.717,61.3,2025-01-04 07:38:00
4779,179,xgb,0.601,106.6,2025-01-04 07:39:00
4780,180,xgb,0.74,284.8,2025-01-04 07:40:00
4781,181,logreg,0.524,1.9,2025-01-04 07:41:00
4782,182,logreg,0.578,234.6,2025-01-04 07:42:00
4783,183,rf,0.867,157.8,2025-01-04 07:43:00
4784,184,xgb,0.703,264.5,2025-01-04 07:44:00
4785,185,xgb,0.639,53.9,2025-01-04 07:45:00
4786,186,rf,0.732,229.0,2025-01-04 07:46:00
4787,187,rf,0.787,105.0,2025-01-04 07:47:00
4788,188,xgb,0.72,206.8,2025-01-04 07:48:00
4789,189,svm,0.911,289.1,2025-01-04 07:49:00
4790,190,svm,0.579,66.9,2025-01-04 07:50:00
4791,191,xgb,0.508,71.1,2025-01-04 07:51:00
4792,192,logreg,0.688,296.0,2025-01-04 07:52:00
4793,193,xgb,0.554,216.7,2025-01-04 07:53:00
4794,194,svm,0.838,82.3,2025-01-04 07:54:00
4795,195,svm,0.866,7.1,2025-01-04 07:55:00
4796,196,rf,0.618,85.6,2025-01-04 07:56:00
4797,197,xgb,0.871,200.9,2025-01-04 07:57:00
4798,198,xgb,0.807,293.3,2025-01-04 07:58:00
4799,199,rf,0.573,6.9,2025-01-04 07:59:00
4800,0,logreg,0.778,1.4,2025-01-04 08:00:00
4801,1,xgb,0.592,220.1,2025-01-04 08:01:00
4802,2,logreg,0.623,241.6,2025-01-04 08:02:00
4803,3,xgb,0.808,201.3,2025-01-04 08:03:00
4804,4,svm,0.547,142.1,2025-01-04 08:04:00
4805,5,xgb,0.936,98.1,2025-01-04 08:05:00
4806,6,svm,0.675,227.9,2025-01-04 08:06:00
4807,7,svm,0.742,129.8,2025-01-04 08:07:00
4808,8,rf,0.838,31.9,2025-01-04 08:08:00
4809,9,xgb,0.613,260.1,2025-01-04 08:09:00
4810,10,xgb,0.729,161.0,2025-01-04 08:10:00
4811,11,rf,0.55,296.9,2025-01-04 08:11:00
4812,12,logreg,0.852,67.0,2025-01-04 08:12:00
4813,13,xgb,0.607,30.0,2025-01-04 08:13:00
4814,14,svm,0.506,176.7,2025-01-04 08:14:00
4815,15,rf,0.986,193.3,2025-01-04 08:15:00
4816,16,logreg,0.938,29.0,2025-01-04 08:16:00
4817,17,xgb,0.8,29.0,2025-01-04 08:17:00
4818,18,svm,0.888,161.5,2025-01-04 08:18:00
4819,19,xgb,0.522,207.0,2025-01-04 08:19:00
4820,20,xgb,0.822,209.1,2025-01-04 08:20:00
4821,21,rf,0.954,147.4,2025-01-04 08:21:00
4822,22,xgb,0.89,266.4,2025-01-04 08:22:00
4823,23,rf,0.543,175.3,2025-01-04 08:23:00
4824,24,svm,0.5,209.2,2025-01-04 08:24:00
4825,25,svm,0.869,167.3,2025-01-04 08:25:00
4826,26,xgb,0.513,30.2,2025-01-04 08:26:00
4827,27,rf,0.827,58.6,2025-01-04 08:27:00
4828,28,xgb,0.615,14.5,2025-01-04 08:28:00
4829,29,xgb,0.596,63.5,2025-01-04 08:29:00
4830,30,xgb,0.645,19.3,2025-01-04 08:30:00
4831,31,logreg,0.611,41.2,2025-01-04 08:31:00
4832,32,rf,0.856,217.5,2025-01-04 08:32:00
4833,33,svm,0.807,264.2,2025-01-04 08:33:00
4834,34,svm,0.909,130.1,2025-01-04 08:34:00
4835,35,rf,0.908,48.6,2025-01-04 08:35:00
4836,36,logreg,0.504,113.0,2025-01-04 08:36:00
4837,37,xgb,0.835,268.0,2025-01-04 08:37:00
4838,38,rf,0.542,48.1,2025-01-04 08:38:00
4839,39,rf,0.575,33.4,2025-01-04 08:39:00
4840,40,xgb,0.843,50.7,2025-01-04 08:40:00
4841,41,svm,0.934,48.1,2025-01-04 08:41:00
4842,42,xgb,0.967,128.0,2025-01-04 08:42:00
4843,43,logreg,0.637,78.8,2025-01-04 08:43:00
4844,44,xgb,0.954,239.7,2025-01-04 08:44:00
4845,45,rf,0.596,89.4,2025-01-04 08:45:00
4846,46,logreg,0.954,262.5,2025-01-04 08:46:00
4847,47,rf,0.89,38.9,2025-01-04 08:47:00
4848,48,rf,0.613,210.4,2025-01-04 08:48:00
4849,49,rf,0.774,119.0,2025-01-04 08:49:00
4850,50,xgb,0.526,54.8,2025-01-04 08:50:00
4851,51,xgb,0.891,72.9,2025-01-04 08:51:00
4852,52,rf,0.749,182.5,2025-01-04 08:52:00
4853,53,rf,0.618,166.1,2025-01-04 08:53:00
4854,54,svm,0.757,29.0,2025-01-04 08:54:00
4855,55,svm,0.663,41.7,2025-01-04 08:55:00
4856,56,xgb,0.522,147.7,2025-01-04 08:56:00
4857,57,xgb,0.568,237.2,2025-01-04 08:57:00
4858,58,rf,0.754,187.8,2025-01-04 08:58:00
4859,59,rf,0.707,190.5,2025-01-04 08:59:00
4860,60,rf,0.861,97.2,2025-01-04 09:00:00
4861,61,xgb,0.834,297.8,2025-01-04 09:01:00
4862,62,svm,0.515,229.9,2025-01-04 09:02:00
4863,63,rf,0.88,207.6,2025-01-04 09:03:00
4864,64,rf,0.541,50.3,2025-01-04 09:04:00
4865,65,rf,0.54,57.9,2025-01-04 09:05:00
4866,66,rf,0.715,268.4,2025-01-04 09:06:00
4867,67,svm,0.528,189.6,2025-01-04 09:07:00
4868,68,rf,0.852,296.5,2025-01-04 09:08:00
4869,69,svm,0.686,35.4,2025-01-04 09:09:00
4870,70,svm,0.869,79.0,2025-01-04 09:10:00
4871,71,rf,0.767,45.2,2025-01-04 09:11:00
4872,72,logreg,0.641,157.1,2025-01-04 09:12:00
4873,73,rf,0.574,247.5,2025-01-04 09:13:00
4874,74,svm,0.746,236.7,2025-01-04 09:14:00
4875,75,svm,0.686,13.1,2025-01-04 09:15:00
4876,76,logreg,0.729,14.2,2025-01-04 09:16:00
4877,77,rf,0.501,79.1,2025-01-04 09:17:00
4878,78,xgb,0.685,191.4,2025-01-04 09:18:00
4879,79,rf,0.677,155.3,2025-01-04 09:19:00
4880,80,xgb,0.699,169.3,2025-01-04 09:20:00
4881,81,xgb,0.702,239.5,2025-01-04 09:21:00
4882,82,xgb,0.985,111.5,2025-01-04 09:22:00
4883,83,rf,0.679,246.7,2025-01-04 09:23:00
4884,84,logreg,0.858,166.2,2025-01-04 09:24:00
4885,85,rf,0.806,16.9,2025-01-04 09:25:00
4886,86,xgb,0.618,181.0,2025-01-04 09:26:00
4887,87,logreg,0.803,236.2,2025-01-04 09:27:00
4888,88,rf,0.878,233.8,2025-01-04 09:28:00
4889,89,xgb,0.562,19.2,2025-01-04 09:29:00
4890,90,rf,0.955,259.7,2025-01-04 09:30:00
4891,91,svm,0.909,38.2,2025-01-04 09:31:00
4892,92,rf,0.628,220.3,2025-01-04 09:32:00
4893,93,xgb,0.768,142.6,2025-01-04 09:33:00
4894,94,xgb,0.753,114.0,2025-01-04 09:34:00
4895,95,xgb,0.759,20.2,2025-01-04 09:35:00
4896,96,svm,0.619,202.2,2025-01-04 09:36:00
4897,97,xgb,0.841,186.1,2025-01-04 09:37:00
4898,98,svm,0.856,157.0,2025-01-04 09:38:00
4899,99,svm,0.7,48.4,2025-01-04 09:39:00
4900,100,xgb,0.931,227.2,2025-01-04 09:40:00
4901,101,xgb,0.68,217.8,2025-01-04 09:41:00
4902,102,logreg,0.605,93.6,2025-01-04 09:42:00
4903,103,svm,0.54,262.2,2025-01-04 09:43:00
4904,104,logreg,0.643,294.7,2025-01-04 09:44:00
4905,105,logreg,0.577,283.9,2025-01-04 09:45:00
4906,106,svm,0.871,260.0,2025-01-04 09:46:00
4907,107,rf,0.591,236.8,2025-01-04 09:47:00
4908,108,svm,0.667,205.3,2025-01-04 09:48:00
4909,109,svm,0.594,259.8,2025-01-04 09:49:00
4910,110,rf,0.828,141.5,2025-01-04 09:50:00
4911,111,svm,0.701,84.7,2025-01-04 09:51:00
4912,112,svm,0.751,288.0,2025-01-04 09:52:00
4913,113,rf,0.878,219.5,2025-01-04 09:53:00
4914,114,svm,0.618,209.5,2025-01-04 09:54:00
4915,115,xgb,0.907,83.4,2025-01-04 09:55:00
4916,116,xgb,0.728,249.7,2025-01-04 09:56:00
4917,117,rf,0.83,102.6,2025-01-04 09:57:00
4918,118,svm,0.837,18.2,2025-01-04 09:58:00
4919,119,svm,0.617,275.0,2025-01-04 09:59:00
4920,120,xgb,0.975,247.4,2025-01-04 10:00:00
4921,121,xgb,0.906,78.1,2025-01-04 10:01:00
4922,122,svm,0.933,37.5,2025-01-04 10:02:00
4923,123,xgb,0.895,242.0,2025-01-04 10:03:00
4924,124,rf,0.546,180.4,2025-01-04 10:04:00
4925,125,logreg,0.853,236.4,2025-01-04 10:05:00
4926,126,rf,0.797,60.4,2025-01-04 10:06:00
4927,127,rf,0.809,60.2,2025-01-04 10:07:00
4928,128,xgb,0.566,193.6,2025-01-04 10:08:00
4929,129,xgb,0.519,122.6,2025-01-04 10:09:00
4930,130,rf,0.854,286.9,2025-01-04 10:10:00
4931,131,logreg,0.872,98.9,2025-01-04 10:11:00
4932,132,logreg,0.547,288.3,2025-01-04 10:12:00
4933,133,logreg,0.882,216.4,2025-01-04 10:13:00
4934,134,rf,0.505,56.3,2025-01-04 10:14:00
4935,135,rf,0.989,9.8,2025-01-04 10:15:00
4936,136,rf,0.664,125.1,2025-01-04 10:16:00
4937,137,xgb,0.91,157.6,2025-01-04 10:17:00
4938,138,rf,0.62,113.8,2025-01-04 10:18:00
4939,139,logreg,0.812,149.7,2025-01-04 10:19:00
4940,140,svm,0.903,179.2,2025-01-04 10:20:00
4941,141,logreg,0.949,264.8,2025-01-04 10:21:00
4942,142,xgb,0.692,183.3,2025-01-04 10:22:00
4943,143,svm,0.566,18.3,2025-01-04 10:23:00
4944,144,svm,0.796,242.7,2025-01-04 10:24:00
4945,145,svm,0.553,88.4,2025-01-04 10:25:00
4946,146,xgb,0.695,143.7,2025-01-04 10:26:00
4947,147,rf,0.787,227.2,2025-01-04 10:27:00
4948,148,logreg,0.595,244.7,2025-01-04 10:28:00
4949,149,xgb,0.961,182.4,2025-01-04 10:29:00
4950,150,xgb,0.536,135.9,2025-01-04 10:30:00
4951,151,svm,0.665,23.9,2025-01-04 10:31:00
4952,152,svm,0.958,208.9,2025-01-04 10:32:00
4953,153,svm,0.564,161.3,2025-01-04 10:33:00
4954,154,rf,0.906,189.5,2025-01-04 10:34:00
4955,155,svm,0.616,280.7,2025-01-04 10:35:00
4956,156,logreg,0.713,237.4,2025-01-04 10:36:00
4957,157,rf,0.754,29.7,2025-01-04 10:37:00
4958,158,xgb,0.709,254.1,2025-01-04 10:38:00
4959,159,rf,0.962,262.6,2025-01-04 10:39:00
4960,160,rf,0.755,61.8,2025-01-04 10:40:00
4961,161,logreg,0.695,182.6,2025-01-04 10:41:00
4962,162,rf,0.689,205.8,2025-01-04 10:42:00
4963,163,rf,0.657,223.8,2025-01-04 10:43:00
4964,164,rf,0.967,230.5,2025-01-04 10:44:00
4965,165,svm,0.94,107.4,2025-01-04 10:45:00
4966,166,logreg,0.749,55.8,2025-01-04 10:46:00
4967,167,rf,0.738,254.4,2025-01-04 10:47:00
4968,168,logreg,0.874,193.6,2025-01-04 10:48:00
4969,169,xgb,0.804,295.2,2025-01-04 10:49:00
4970,170,svm,0.642,289.0,2025-01-04 10:50:00
4971,171,rf,0.619,269.0,2025-01-04 10:51:00
4972,172,rf,0.889,295.6,2025-01-04 10:52:00
4973,173,xgb,0.668,72.0,2025-01-04 10:53:00
4974,174,xgb,0.7,64.4,2025-01-04 10:54:00
4975,175,svm,0.801,38.1,2025-01-04 10:55:00
4976,176,rf,0.827,136.0,2025-01-04 10:56:00
4977,177,rf,0.797,15.2,2025-01-04 10:57:00
4978,178,svm,0.987,174.7,2025-01-04 10:58:00
4979,179,rf,0.894,86.4,2025-01-04 10:59:00
4980,180,xgb,0.958,214.7,2025-01-04 11:00:00
4981,181,logreg,0.986,175.3,2025-01-04 11:01:00
4982,182,xgb,0.697,179.8,2025-01-04 11:02:00
4983,183,logreg,0.876,172.2,2025-01-04 11:03:00
4984,184,logreg,0.926,197.4,2025-01-04 11:04:00
4985,185,logreg,0.544,157.1,2025-01-04 11:05:00
4986,186,xgb,0.762,110.5,2025-01-04 11:06:00
4987,187,logreg,0.812,171.1,2025-01-04 11:07:00
4988,188,xgb,0.662,31.8,2025-01-04 11:08:00
4989,189,rf,0.878,266.3,2025-01-04 11:09:00
4990,190,xgb,0.967,267.3,2025-01-04 11:10:00
4991,191,rf,0.591,234.3,2025-01-04 11:11:00
4992,192,xgb,0.644,43.2,2025-01-04 11:12:00
4993,193,logreg,0.698,168.4,2025-01-04 11:13:00
4994,194,rf,0.7,210.2,2025-01-04 11:14:00
4995,195,logreg,0.576,192.4,2025-01-04 11:15:00
4996,196,logreg,0.874,291.7,2025-01-04 11:16:00
4997,197,rf,0.815,53.0,2025-01-04 11:17:00
4998,198,xgb,0.652,283.0,2025-01-04 11:18:00
4999,199,xgb,0.755,66.9,2025-01-04 11:19:00
5000,0,svm,0.819,269.7,2025-01-04 11:20:00
5001,1,xgb,0.822,168.8,2025-01-04 11:21:00
5002,2,rf,0.91,294.3,2025-01-04 11:22:00
5003,3,rf,0.94,288.0,2025-01-04 11:23:00
5004,4,rf,0.981,270.8,2025-01-04 11:24:00
5005,5,logreg,0.667,165.2,2025-01-04 11:25:00
5006,6,xgb,0.699,229.2,2025-01-04 11:26:00
5007,7,xgb,0.713,80.5,2025-01-04 11:27:00
5008,8,logreg,0.781,104.1,2025-01-04 11:28:00
5009,9,rf,0.952,65.8,2025-01-04 11:29:00
5010,10,logreg,0.896,30.4,2025-01-04 11:30:00
5011,11,xgb,0.876,242.4,2025-01-04 11:31:00
5012,12,svm,0.78,294.2,2025-01-04 11:32:00
5013,13,rf,0.623,58.4,2025-01-04 11:33:00
5014,14,svm,0.695,45.5,2025-01-04 11:34:00
5015,15,svm,0.916,82.3,2025-01-04 11:35:00
5016,16,rf,0.919,249.9,2025-01-04 11:36:00
5017,17,xgb,0.734,67.9,2025-01-04 11:37:00
5018,18,rf,0.827,154.7,2025-01-04 11:38:00
5019,19,logreg,0.945,117.4,2025-01-04 11:39:00
5020,20,rf,0.557,293.9,2025-01-04 11:40:00
5021,21,logreg,0.747,23.4,2025-01-04 11:41:00
5022,22,xgb,0.899,101.1,2025-01-04 11:42:00
5023,23,rf,0.523,20.8,2025-01-04 11:43:00
5024,24,rf,0.8,84.5,2025-01-04 11:44:00
5025,25,svm,0.809,22.9,2025-01-04 11:45:00
5026,26,svm,0.527,122.9,2025-01-04 11:46:00
5027,27,xgb,0.923,157.0,2025-01-04 11:47:00
5028,28,logreg,0.815,188.5,2025-01-04 11:48:00
5029,29,rf,0.858,66.9,2025-01-04 11:49:00
5030,30,svm,0.632,268.8,2025-01-04 11:50:00
5031,31,logreg,0.717,85.2,2025-01-04 11:51:00
5032,32,xgb,0.529,282.9,2025-01-04 11:52:00
5033,33,xgb,0.856,229.1,2025-01-04 11:53:00
5034,34,logreg,0.829,179.3,2025-01-04 11:54:00
5035,35,svm,0.51,239.8,2025-01-04 11:55:00
5036,36,logreg,0.855,248.0,2025-01-04 11:56:00
5037,37,logreg,0.952,294.6,2025-01-04 11:57:00
5038,38,rf,0.877,79.8,2025-01-04 11:58:00
5039,39,logreg,0.959,202.7,2025-01-04 11:59:00
5040,40,svm,0.533,59.4,2025-01-04 12:00:00
5041,41,xgb,0.722,27.7,2025-01-04 12:01:00
5042,42,xgb,0.968,94.9,2025-01-04 12:02:00
5043,43,xgb,0.599,274.8,2025-01-04 12:03:00
5044,44,logreg,0.553,163.9,2025-01-04 12:04:00
5045,45,rf,0.727,62.3,2025-01-04 12:05:00
5046,46,xgb,0.832,24.5,2025-01-04 12:06:00
5047,47,xgb,0.5,34.7,2025-01-04 12:07:00
5048,48,logreg,0.617,154.5,2025-01-04 12:08:00
5049,49,svm,0.565,149.2,2025-01-04 12:09:00
5050,50,svm,0.684,57.9,2025-01-04 12:10:00
5051,51,logreg,0.536,200.7,2025-01-04 12:11:00
5052,52,svm,0.65,178.2,2025-01-04 12:12:00
5053,53,xgb,0.924,97.6,2025-01-04 12:13:00
5054,54,xgb,0.923,88.9,2025-01-04 12:14:00
5055,55,rf,0.977,29.3,2025-01-04 12:15:00
5056,56,svm,0.64,16.8,2025-01-04 12:16:00
5057,57,logreg,0.6,75.8,2025-01-04 12:17:00
5058,58,rf,0.695,160.7,2025-01-04 12:18:00
5059,59,xgb,0.943,222.5,2025-01-04 12:19:00
5060,60,logreg,0.827,51.9,2025-01-04 12:20:00
5061,61,xgb,0.537,250.4,2025-01-04 12:21:00
5062,62,rf,0.93,268.4,2025-01-04 12:22:00
5063,63,xgb,0.55,58.8,2025-01-04 12:23:00
5064,64,logreg,0.584,164.3,2025-01-04 12:24:00
5065,65,logreg,0.884,206.3,2025-01-04 12:25:00
5066,66,logreg,0.615,128.4,2025-01-04 12:26:00
5067,67,xgb,0.929,162.3,2025-01-04 12:27:00
5068,68,rf,0.916,54.0,2025-01-04 12:28:00
5069,69,svm,0.7,102.2,2025-01-04 12:29:00
5070,70,logreg,0.97,7.9,2025-01-04 12:30:00
5071,71,logreg,0.697,278.2,2025-01-04 12:31:00
5072,72,rf,0.722,210.3,2025-01-04 12:32:00
5073,73,logreg,0.922,149.4,2025-01-04 12:33:00
5074,74,logreg,0.754,242.5,2025-01-04 12:34:00
5075,75,rf,0.679,1.7,2025-01-04 12:35:00
5076,76,xgb,0.541,252.4,2025-01-04 12:36:00
5077,77,xgb,0.61,105.4,2025-01-04 12:37:00
5078,78,xgb,0.542,118.6,2025-01-04 12:38:00
5079,79,svm,0.507,101.2,2025-01-04 12:39:00
5080,80,logreg,0.959,206.3,2025-01-04 12:40:00
5081,81,logreg,0.779,220.0,2025-01-04 12:41:00
5082,82,xgb,0.536,171.6,2025-01-04 12:42:00
5083,83,svm,0.778,290.7,2025-01-04 12:43:00
5084,84,rf,0.773,160.7,2025-01-04 12:44:00
5085,85,svm,0.615,187.4,2025-01-04 12:45:00
5086,86,svm,0.884,260.6,2025-01-04 12:46:00
5087,87,xgb,0.562,275.7,2025-01-04 12:47:00
5088,88,svm,0.891,285.5,2025-01-04 12:48:00
5089,89,xgb,0.825,163.1,2025-01-04 12:49:00
5090,90,svm,0.749,88.3,2025-01-04 12:50:00
5091,91,xgb,0.646,182.1,2025-01-04 12:51:00
5092,92,rf,0.817,85.8,2025-01-04 12:52:00
5093,93,logreg,0.807,152.8,2025-01-04 12:53:00
5094,94,rf,0.841,133.0,2025-01-04 12:54:00
5095,95,svm,0.953,71.3,2025-01-04 12:55:00
5096,96,logreg,0.719,143.8,2025-01-04 12:56:00
5097,97,xgb,0.513,185.1,2025-01-04 12:57:00
5098,98,svm,0.686,24.3,2025-01-04 12:58:00
5099,99,rf,0.853,199.4,2025-01-04 12:59:00
5100,100,logreg,0.743,160.1,2025-01-04 13:00:00
5101,101,logreg,0.766,257.3,2025-01-04 13:01:00
5102,102,logreg,0.748,215.8,2025-01-04 13:02:00
5103,103,xgb,0.91,39.7,2025-01-04 13:03:00
5104,104,xgb,0.742,225.2,2025-01-04 13:04:00
5105,105,svm,0.834,1.2,2025-01-04 13:05:00
5106,106,xgb,0.834,237.9,2025-01-04 13:06:00
5107,107,svm,0.525,81.5,2025-01-04 13:07:00
5108,108,rf,0.825,260.5,2025-01-04 13:08:00
5109,109,logreg,0.687,186.2,2025-01-04 13:09:00
5110,110,logreg,0.779,10.2,2025-01-04 13:10:00
5111,111,rf,0.582,270.0,2025-01-04 13:11:00
5112,112,xgb,0.881,103.4,2025-01-04 13:12:00
5113,113,svm,0.631,55.6,2025-01-04 13:13:00
5114,114,logreg,0.726,118.8,2025-01-04 13:14:00
5115,115,xgb,0.673,244.8,2025-01-04 13:15:00
5116,116,svm,0.591,74.7,2025-01-04 13:16:00
5117,117,xgb,0.835,222.1,2025-01-04 13:17:00
5118,118,svm,0.887,249.3,2025-01-04 13:18:00
5119,119,xgb,0.924,59.2,2025-01-04 13:19:00
5120,120,rf,0.667,50.2,2025-01-04 13:20:00
5121,121,rf,0.835,274.9,2025-01-04 13:21:00
5122,122,xgb,0.761,102.0,2025-01-04 13:22:00
5123,123,logreg,0.587,283.6,2025-01-04 13:23:00
5124,124,logreg,0.582,173.1,2025-01-04 13:24:00
5125,125,logreg,0.964,67.3,2025-01-04 13:25:00
5126,126,xgb,0.668,182.8,2025-01-04 13:26:00
5127,127,svm,0.55,258.3,2025-01-04 13:27:00
5128,128,rf,0.774,118.0,2025-01-04 13:28:00
5129,129,svm,0.513,194.1,2025-01-04 13:29:00
5130,130,svm,0.969,284.9,2025-01-04 13:30:00
5131,131,svm,0.508,96.8,2025-01-04 13:31:00
5132,132,logreg,0.879,86.9,2025-01-04 13:32:00
5133,133,svm,0.61,59.1,2025-01-04 13:33:00
5134,134,rf,0.93,268.3,2025-01-04 13:34:00
5135,135,rf,0.954,34.8,2025-01-04 13:35:00
5136,136,logreg,0.794,50.3,2025-01-04 13:36:00
5137,137,xgb,0.756,211.7,2025-01-04 13:37:00
5138,138,xgb,0.632,12.3,2025-01-04 13:38:00
5139,139,svm,0.603,93.0,2025-01-04 13:39:00
5140,140,svm,0.644,33.1,2025-01-04 13:40:00
5141,141,svm,0.599,65.8,2025-01-04 13:41:00
5142,142,xgb,0.679,265.9,2025-01-04 13:42:00
5143,143,logreg,0.733,253.9,2025-01-04 13:43:00
5144,144,rf,0.617,128.4,2025-01-04 13:44:00
5145,145,svm,0.522,288.0,2025-01-04 13:45:00
5146,146,svm,0.967,45.8,2025-01-04 13:46:00
5147,147,rf,0.639,231.2,2025-01-04 13:47:00
5148,148,rf,0.517,106.8,2025-01-04 13:48:00
5149,149,logreg,0.688,159.2,2025-01-04 13:49:00
5150,150,rf,0.841,157.6,2025-01-04 13:50:00
5151,151,rf,0.796,250.6,2025-01-04 13:51:00
5152,152,logreg,0.503,108.9,2025-01-04 13:52:00
5153,153,xgb,0.914,158.5,2025-01-04 13:53:00
5154,154,svm,0.697,267.2,2025-01-04 13:54:00
5155,155,svm,0.773,274.0,2025-01-04 13:55:00
5156,156,logreg,0.704,286.7,2025-01-04 13:56:00
5157,157,logreg,0.888,135.5,2025-01-04 13:57:00
5158,158,logreg,0.637,258.9,2025-01-04 13:58:00
5159,159,xgb,0.741,102.0,2025-01-04 13:59:00
5160,160,svm,0.982,268.1,2025-01-04 14:00:00
5161,161,svm,0.765,102.5,2025-01-04 14:01:00
5162,162,logreg,0.973,239.2,2025-01-04 14:02:00
5163,163,svm,0.886,252.6,2025-01-04 14:03:00
5164,164,svm,0.587,39.5,2025-01-04 14:04:00
5165,165,rf,0.974,243.9,2025-01-04 14:05:00
5166,166,logreg,0.983,8.6,2025-01-04 14:06:00
5167,167,rf,0.932,13.8,2025-01-04 14:07:00
5168,168,svm,0.683,69.6,2025-01-04 14:08:00
5169,169,xgb,0.536,71.7,2025-01-04 14:09:00
5170,170,rf,0.892,260.7,2025-01-04 14:10:00
5171,171,rf,0.602,97.9,2025-01-04 14:11:00
5172,172,logreg,0.517,62.0,2025-01-04 14:12:00
5173,173,logreg,0.772,55.5,2025-01-04 14:13:00
5174,174,rf,0.639,86.0,2025-01-04 14:14:00
5175,175,logreg,0.689,186.4,2025-01-04 14:15:00
5176,176,logreg,0.571,289.0,2025-01-04 14:16:00
5177,177,xgb,0.707,269.8,2025-01-04 14:17:00
5178,178,logreg,0.852,88.5,2025-01-04 14:18:00
5179,179,logreg,0.573,2.9,2025-01-04 14:19:00
5180,180,svm,0.915,295.5,2025-01-04 14:20:00
5181,181,xgb,0.95,87.1,2025-01-04 14:21:00
5182,182,rf,0.758,241.8,2025-01-04 14:22:00
5183,183,xgb,0.847,242.5,2025-01-04 14:23:00
5184,184,rf,0.861,57.9,2025-01-04 14:24:00
5185,185,rf,0.562,182.4,2025-01-04 14:25:00
5186,186,rf,0.807,187.6,2025-01-04 14:26:00
5187,187,rf,0.685,3.4,2025-01-04 14:27:00
5188,188,rf,0.755,125.2,2025-01-04 14:28:00
5189,189,logreg,0.578,215.5,2025-01-04 14:29:00
5190,190,logreg,0.669,160.2,2025-01-04 14:30:00
5191,191,logreg,0.698,212.1,2025-01-04 14:31:00
5192,192,logreg,0.587,55.0,2025-01-04 14:32:00
5193,193,svm,0.735,96.9,2025-01-04 14:33:00
5194,194,svm,0.775,80.4,2025-01-04 14:34:00
5195,195,xgb,0.686,259.0,2025-01-04 14:35:00
5196,196,rf,0.659,186.0,2025-01-04 14:36:00
5197,197,logreg,0.687,197.6,2025-01-04 14:37:00
5198,198,xgb,0.857,118.4,2025-01-04 14:38:00
5199,199,xgb,0.852,288.1,2025-01-04 14:39:00
5200,0,logreg,0.586,137.7,2025-01-04 14:40:00
5201,1,xgb,0.597,236.4,2025-01-04 14:41:00
5202,2,xgb,0.954,197.0,2025-01-04 14:42:00
5203,3,xgb,0.969,277.9,2025-01-04 14:43:00
5204,4,svm,0.589,47.4,2025-01-04 14:44:00
5205,5,xgb,0.863,264.6,2025-01-04 14:45:00
5206,6,rf,0.859,240.0,2025-01-04 14:46:00
5207,7,rf,0.814,71.6,2025-01-04 14:47:00
5208,8,xgb,0.616,50.8,2025-01-04 14:48:00
5209,9,svm,0.844,74.1,2025-01-04 14:49:00
5210,10,xgb,0.657,282.0,2025-01-04 14:50:00
5211,11,svm,0.705,147.2,2025-01-04 14:51:00
5212,12,logreg,0.861,264.9,2025-01-04 14:52:00
5213,13,xgb,0.579,118.5,2025-01-04 14:53:00
5214,14,xgb,0.962,171.7,2025-01-04 14:54:00
5215,15,svm,0.924,173.7,2025-01-04 14:55:00
5216,16,logreg,0.799,217.8,2025-01-04 14:56:00
5217,17,xgb,0.938,181.5,2025-01-04 14:57:00
5218,18,logreg,0.501,171.7,2025-01-04 14:58:00
5219,19,logreg,0.534,17.6,2025-01-04 14:59:00
5220,20,xgb,0.827,179.2,2025-01-04 15:00:00
5221,21,logreg,0.852,65.1,2025-01-04 15:01:00
5222,22,svm,0.568,285.4,2025-01-04 15:02:00
5223,23,xgb,0.564,9.4,2025-01-04 15:03:00
5224,24,rf,0.566,109.9,2025-01-04 15:04:00
5225,25,rf,0.769,52.8,2025-01-04 15:05:00
5226,26,rf,0.63,166.7,2025-01-04 15:06:00
5227,27,logreg,0.754,152.3,2025-01-04 15:07:00
5228,28,logreg,0.671,64.0,2025-01-04 15:08:00
5229,29,svm,0.827,107.9,2025-01-04 15:09:00
5230,30,xgb,0.812,118.9,2025-01-04 15:10:00
5231,31,rf,0.891,276.8,2025-01-04 15:11:00
5232,32,rf,0.599,84.2,2025-01-04 15:12:00
5233,33,svm,0.616,117.0,2025-01-04 15:13:00
5234,34,rf,0.899,256.7,2025-01-04 15:14:00
5235,35,svm,0.554,20.9,2025-01-04 15:15:00
5236,36,xgb,0.968,261.7,2025-01-04 15:16:00
5237,37,rf,0.511,45.6,2025-01-04 15:17:00
5238,38,xgb,0.882,219.2,2025-01-04 15:18:00
5239,39,svm,0.825,28.7,2025-01-04 15:19:00
5240,40,xgb,0.734,196.5,2025-01-04 15:20:00
5241,41,xgb,0.528,247.2,2025-01-04 15:21:00
5242,42,rf,0.783,297.7,2025-01-04 15:22:00
5243,43,rf,0.603,178.5,2025-01-04 15:23:00
5244,44,rf,0.798,35.4,2025-01-04 15:24:00
5245,45,logreg,0.524,46.1,2025-01-04 15:25:00
5246,46,xgb,0.557,48.1,2025-01-04 15:26:00
5247,47,logreg,0.701,226.0,2025-01-04 15:27:00
5248,48,xgb,0.526,182.1,2025-01-04 15:28:00
5249,49,rf,0.557,115.4,2025-01-04 15:29:00
5250,50,rf,0.563,55.0,2025-01-04 15:30:00
5251,51,rf,0.803,10.5,2025-01-04 15:31:00
5252,52,xgb,0.854,198.9,2025-01-04 15:32:00
5253,53,logreg,0.957,60.2,2025-01-04 15:33:00
5254,54,xgb,0.518,172.0,2025-01-04 15:34:00
5255,55,logreg,0.686,63.3,2025-01-04 15:35:00
5256,56,rf,0.824,137.1,2025-01-04 15:36:00
5257,57,svm,0.881,32.0,2025-01-04 15:37:00
5258,58,svm,0.586,27.9,2025-01-04 15:38:00
5259,59,rf,0.887,205.2,2025-01-04 15:39:00
5260,60,xgb,0.952,258.1,2025-01-04 15:40:00
5261,61,svm,0.981,45.9,2025-01-04 15:41:00
5262,62,svm,0.684,6.1,2025-01-04 15:42:00
5263,63,xgb,0.843,110.7,2025-01-04 15:43:00
5264,64,svm,0.854,252.1,2025-01-04 15:44:00
5265,65,rf,0.897,221.1,2025-01-04 15:45:00
5266,66,rf,0.895,65.2,2025-01-04 15:46:00
5267,67,svm,0.563,208.7,2025-01-04 15:47:00
5268,68,logreg,0.904,233.1,2025-01-04 15:48:00
5269,69,xgb,0.975,36.5,2025-01-04 15:49:00
5270,70,svm,0.593,280.6,2025-01-04 15:50:00
5271,71,svm,0.764,116.8,2025-01-04 15:51:00
5272,72,xgb,0.604,9.1,2025-01-04 15:52:00
5273,73,rf,0.935,233.8,2025-01-04 15:53:00
5274,74,rf,0.569,145.1,2025-01-04 15:54:00
5275,75,rf,0.707,109.2,2025-01-04 15:55:00
5276,76,xgb,0.735,167.7,2025-01-04 15:56:00
5277,77,svm,0.53,180.1,2025-01-04 15:57:00
5278,78,rf,0.717,216.7,2025-01-04 15:58:00
5279,79,rf,0.711,258.7,2025-01-04 15:59:00
5280,80,rf,0.702,39.9,2025-01-04 16:00:00
5281,81,svm,0.76,283.6,2025-01-04 16:01:00
5282,82,rf,0.668,79.1,2025-01-04 16:02:00
5283,83,xgb,0.906,205.7,2025-01-04 16:03:00
5284,84,rf,0.609,213.4,2025-01-04 16:04:00
5285,85,svm,0.516,18.5,2025-01-04 16:05:00
5286,86,rf,0.802,272.5,2025-01-04 16:06:00
5287,87,logreg,0.969,169.8,2025-01-04 16:07:00
5288,88,logreg,0.681,268.0,2025-01-04 16:08:00
5289,89,svm,0.805,111.9,2025-01-04 16:09:00
5290,90,svm,0.682,128.1,2025-01-04 16:10:00
5291,91,xgb,0.963,76.1,2025-01-04 16:11:00
5292,92,rf,0.567,243.2,2025-01-04 16:12:00
5293,93,logreg,0.713,34.1,2025-01-04 16:13:00
5294,94,rf,0.877,239.4,2025-01-04 16:14:00
5295,95,rf,0.519,9.0,2025-01-04 16:15:00
5296,96,logreg,0.771,31.0,2025-01-04 16:16:00
5297,97,logreg,0.635,283.0,2025-01-04 16:17:00
5298,98,logreg,0.579,155.4,2025-01-04 16:18:00
5299,99,rf,0.753,243.9,2025-01-04 16:19:00
5300,100,svm,0.719,45.3,2025-01-04 16:20:00
5301,101,rf,0.926,33.3,2025-01-04 16:21:00
5302,102,svm,0.845,139.6,2025-01-04 16:22:00
5303,103,xgb,0.749,123.2,2025-01-04 16:23:00
5304,104,rf,0.621,139.1,2025-01-04 16:24:00
5305,105,xgb,0.663,290.7,2025-01-04 16:25:00
5306,106,svm,0.677,159.7,2025-01-04 16:26:00
5307,107,svm,0.741,60.6,2025-01-04 16:27:00
5308,108,logreg,0.586,211.5,2025-01-04 16:28:00
5309,109,rf,0.509,131.1,2025-01-04 16:29:00
5310,110,svm,0.761,158.9,2025-01-04 16:30:00
5311,111,svm,0.719,211.3,2025-01-04 16:31:00
5312,112,svm,0.743,62.2,2025-01-04 16:32:00
5313,113,rf,0.664,299.9,2025-01-04 16:33:00
5314,114,xgb,0.797,47.8,2025-01-04 16:34:00
5315,115,logreg,0.952,251.7,2025-01-04 16:35:00
5316,116,logreg,0.714,45.5,2025-01-04 16:36:00
5317,117,svm,0.787,157.9,2025-01-04 16:37:00
5318,118,xgb,0.843,143.0,2025-01-04 16:38:00
5319,119,rf,0.528,80.5,2025-01-04 16:39:00
5320,120,logreg,0.709,93.9,2025-01-04 16:40:00
5321,121,svm,0.807,8.5,2025-01-04 16:41:00
5322,122,rf,0.89,16.1,2025-01-04 16:42:00
5323,123,logreg,0.827,38.2,2025-01-04 16:43:00
5324,124,svm,0.518,225.0,2025-01-04 16:44:00
5325,125,svm,0.787,163.6,2025-01-04 16:45:00
5326,126,rf,0.902,169.3,2025-01-04 16:46:00
5327,127,svm,0.781,95.2,2025-01-04 16:47:00
5328,128,rf,0.655,52.5,2025-01-04 16:48:00
5329,129,svm,0.799,151.0,2025-01-04 16:49:00
5330,130,svm,0.817,179.8,2025-01-04 16:50:00
5331,131,logreg,0.955,119.1,2025-01-04 16:51:00
5332,132,logreg,0.813,194.8,2025-01-04 16:52:00
5333,133,xgb,0.727,132.3,2025-01-04 16:53:00
5334,134,rf,0.899,115.3,2025-01-04 16:54:00
5335,135,svm,0.55,272.5,2025-01-04 16:55:00
5336,136,rf,0.573,146.0,2025-01-04 16:56:00
5337,137,rf,0.738,171.7,2025-01-04 16:57:00
5338,138,xgb,0.614,53.1,2025-01-04 16:58:00
5339,139,svm,0.714,64.1,2025-01-04 16:59:00
5340,140,svm,0.786,273.7,2025-01-04 17:00:00
5341,141,logreg,0.895,21.0,2025-01-04 17:01:00
5342,142,svm,0.581,129.8,2025-01-04 17:02:00
5343,143,xgb,0.513,140.7,2025-01-04 17:03:00
5344,144,logreg,0.902,162.6,2025-01-04 17:04:00
5345,145,xgb,0.552,123.8,2025-01-04 17:05:00
5346,146,xgb,0.824,198.1,2025-01-04 17:06:00
5347,147,svm,0.547,279.3,2025-01-04 17:07:00
5348,148,rf,0.615,205.6,2025-01-04 17:08:00
5349,149,logreg,0.941,269.3,2025-01-04 17:09:00
5350,150,rf,0.978,288.8,2025-01-04 17:10:00
5351,151,svm,0.955,153.0,2025-01-04 17:11:00
5352,152,rf,0.976,278.5,2025-01-04 17:12:00
5353,153,svm,0.649,42.3,2025-01-04 17:13:00
5354,154,rf,0.721,264.2,2025-01-04 17:14:00
5355,155,svm,0.756,221.5,2025-01-04 17:15:00
5356,156,xgb,0.78,132.7,2025-01-04 17:16:00
5357,157,svm,0.714,4.4,2025-01-04 17:17:00
5358,158,xgb,0.53,8.7,2025-01-04 17:18:00
5359,159,rf,0.705,96.7,2025-01-04 17:19:00
5360,160,rf,0.906,54.8,2025-01-04 17:20:00
5361,161,xgb,0.686,26.5,2025-01-04 17:21:00
5362,162,logreg,0.545,194.7,2025-01-04 17:22:00
5363,163,rf,0.958,153.8,2025-01-04 17:23:00
5364,164,logreg,0.83,177.5,2025-01-04 17:24:00
5365,165,xgb,0.794,127.6,2025-01-04 17:25:00
5366,166,xgb,0.727,225.9,2025-01-04 17:26:00
5367,167,logreg,0.826,16.0,2025-01-04 17:27:00
5368,168,rf,0.789,69.6,2025-01-04 17:28:00
5369,169,rf,0.627,237.4,2025-01-04 17:29:00
5370,170,logreg,0.555,128.7,2025-01-04 17:30:00
5371,171,logreg,0.941,193.1,2025-01-04 17:31:00
5372,172,xgb,0.739,202.6,2025-01-04 17:32:00
5373,173,xgb,0.663,113.8,2025-01-04 17:33:00
5374,174,rf,0.882,138.6,2025-01-04 17:34:00
5375,175,logreg,0.589,192.4,2025-01-04 17:35:00
5376,176,logreg,0.844,85.6,2025-01-04 17:36:00
5377,177,logreg,0.688,75.3,2025-01-04 17:37:00
5378,178,svm,0.958,129.4,2025-01-04 17:38:00
5379,179,svm,0.722,94.4,2025-01-04 17:39:00
5380,180,rf,0.718,46.7,2025-01-04 17:40:00
5381,181,svm,0.55,43.6,2025-01-04 17:41:00
5382,182,svm,0.784,73.7,2025-01-04 17:42:00
5383,183,logreg,0.635,164.5,2025-01-04 17:43:00
5384,184,rf,0.746,172.6,2025-01-04 17:44:00
5385,185,xgb,0.63,120.6,2025-01-04 17:45:00
5386,186,xgb,0.801,264.2,2025-01-04 17:46:00
5387,187,xgb,0.983,119.2,2025-01-04 17:47:00
5388,188,xgb,0.985,226.1,2025-01-04 17:48:00
5389,189,logreg,0.795,21.4,2025-01-04 17:49:00
5390,190,rf,0.805,20.0,2025-01-04 17:50:00
5391,191,svm,0.536,299.6,2025-01-04 17:51:00
5392,192,rf,0.787,227.2,2025-01-04 17:52:00
5393,193,xgb,0.675,226.9,2025-01-04 17:53:00
5394,194,xgb,0.989,262.1,2025-01-04 17:54:00
5395,195,logreg,0.553,64.8,2025-01-04 17:55:00
5396,196,logreg,0.938,103.2,2025-01-04 17:56:00
5397,197,xgb,0.521,77.1,2025-01-04 17:57:00
5398,198,rf,0.696,234.1,2025-01-04 17:58:00
5399,199,rf,0.946,108.7,2025-01-04 17:59:00
5400,0,svm,0.868,149.2,2025-01-04 18:00:00
5401,1,svm,0.561,30.1,2025-01-04 18:01:00
5402,2,svm,0.819,262.0,2025-01-04 18:02:00
5403,3,svm,0.634,236.5,2025-01-04 18:03:00
5404,4,logreg,0.697,19.9,2025-01-04 18:04:00
5405,5,logreg,0.939,279.5,2025-01-04 18:05:00
5406,6,rf,0.878,38.9,2025-01-04 18:06:00
5407,7,svm,0.791,172.4,2025-01-04 18:07:00
5408,8,rf,0.768,287.0,2025-01-04 18:08:00
5409,9,rf,0.924,139.1,2025-01-04 18:09:00
5410,10,xgb,0.547,24.8,2025-01-04 18:10:00
5411,11,svm,0.703,254.5,2025-01-04 18:11:00
5412,12,rf,0.886,252.1,2025-01-04 18:12:00
5413,13,xgb,0.95,188.4,2025-01-04 18:13:00
5414,14,svm,0.767,185.3,2025-01-04 18:14:00
5415,15,xgb,0.842,174.9,2025-01-04 18:15:00
5416,16,logreg,0.653,152.5,2025-01-04 18:16:00
5417,17,svm,0.837,260.2,2025-01-04 18:17:00
5418,18,svm,0.667,79.1,2025-01-04 18:18:00
5419,19,svm,0.894,15.7,2025-01-04 18:19:00
5420,20,rf,0.801,217.0,2025-01-04 18:20:00
5421,21,xgb,0.529,206.5,2025-01-04 18:21:00
5422,22,logreg,0.987,74.7,2025-01-04 18:22:00
5423,23,logreg,0.936,14.3,2025-01-04 18:23:00
5424,24,rf,0.534,24.5,2025-01-04 18:24:00
5425,25,rf,0.611,179.2,2025-01-04 18:25:00
5426,26,logreg,0.601,95.0,2025-01-04 18:26:00
5427,27,logreg,0.978,194.6,2025-01-04 18:27:00
5428,28,rf,0.752,78.7,2025-01-04 18:28:00
5429,29,svm,0.794,114.3,2025-01-04 18:29:00
5430,30,rf,0.524,178.6,2025-01-04 18:30:00
5431,31,svm,0.895,90.3,2025-01-04 18:31:00
5432,32,svm,0.588,88.7,2025-01-04 18:32:00
5433,33,logreg,0.989,205.0,2025-01-04 18:33:00
5434,34,svm,0.885,222.4,2025-01-04 18:34:00
5435,35,logreg,0.711,123.7,2025-01-04 18:35:00
5436,36,svm,0.887,79.4,2025-01-04 18:36:00
5437,37,rf,0.902,279.5,2025-01-04 18:37:00
5438,38,svm,0.708,109.9,2025-01-04 18:38:00
5439,39,logreg,0.667,267.8,2025-01-04 18:39:00
5440,40,logreg,0.883,93.2,2025-01-04 18:40:00
5441,41,svm,0.973,58.5,2025-01-04 18:41:00
5442,42,rf,0.708,73.5,2025-01-04 18:42:00
5443,43,svm,0.626,121.9,2025-01-04 18:43:00
5444,44,logreg,0.884,256.4,2025-01-04 18:44:00
5445,45,xgb,0.878,101.6,2025-01-04 18:45:00
5446,46,svm,0.527,119.6,2025-01-04 18:46:00
5447,47,svm,0.796,104.8,2025-01-04 18:47:00
5448,48,rf,0.504,279.6,2025-01-04 18:48:00
5449,49,logreg,0.579,56.8,2025-01-04 18:49:00
5450,50,xgb,0.575,55.1,2025-01-04 18:50:00
5451,51,logreg,0.71,264.5,2025-01-04 18:51:00
5452,52,logreg,0.652,41.2,2025-01-04 18:52:00
5453,53,svm,0.801,117.7,2025-01-04 18:53:00
5454,54,rf,0.539,85.0,2025-01-04 18:54:00
5455,55,rf,0.545,273.3,2025-01-04 18:55:00
5456,56,svm,0.761,155.6,2025-01-04 18:56:00
5457,57,logreg,0.987,2.8,2025-01-04 18:57:00
5458,58,rf,0.553,177.1,2025-01-04 18:58:00
5459,59,logreg,0.736,148.9,2025-01-04 18:59:00
5460,60,xgb,0.596,24.7,2025-01-04 19:00:00
5461,61,svm,0.718,235.9,2025-01-04 19:01:00
5462,62,rf,0.956,82.7,2025-01-04 19:02:00
5463,63,xgb,0.987,123.2,2025-01-04 19:03:00
5464,64,svm,0.918,191.9,2025-01-04 19:04:00
5465,65,logreg,0.537,219.4,2025-01-04 19:05:00
5466,66,xgb,0.526,159.1,2025-01-04 19:06:00
5467,67,xgb,0.86,265.5,2025-01-04 19:07:00
5468,68,svm,0.612,104.4,2025-01-04 19:08:00
5469,69,logreg,0.925,160.2,2025-01-04 19:09:00
5470,70,logreg,0.772,292.1,2025-01-04 19:10:00
5471,71,xgb,0.681,80.2,2025-01-04 19:11:00
5472,72,xgb,0.652,37.9,2025-01-04 19:12:00
5473,73,xgb,0.747,263.7,2025-01-04 19:13:00
5474,74,svm,0.89,294.0,2025-01-04 19:14:00
5475,75,svm,0.523,203.1,2025-01-04 19:15:00
5476,76,logreg,0.625,196.2,2025-01-04 19:16:00
5477,77,svm,0.82,102.2,2025-01-04 19:17:00
5478,78,xgb,0.926,253.8,2025-01-04 19:18:00
5479,79,rf,0.555,283.4,2025-01-04 19:19:00
5480,80,xgb,0.958,295.4,2025-01-04 19:20:00
5481,81,svm,0.877,184.8,2025-01-04 19:21:00
5482,82,logreg,0.834,186.6,2025-01-04 19:22:00
5483,83,rf,0.721,270.4,2025-01-04 19:23:00
5484,84,logreg,0.874,73.6,2025-01-04 19:24:00
5485,85,svm,0.816,203.9,2025-01-04 19:25:00
5486,86,xgb,0.74,10.2,2025-01-04 19:26:00
5487,87,logreg,0.836,246.1,2025-01-04 19:27:00
5488,88,logreg,0.673,4.8,2025-01-04 19:28:00
5489,89,rf,0.893,21.1,2025-01-04 19:29:00
5490,90,logreg,0.972,248.2,2025-01-04 19:30:00
5491,91,svm,0.661,191.0,2025-01-04 19:31:00
5492,92,rf,0.689,298.3,2025-01-04 19:32:00
5493,93,xgb,0.659,164.1,2025-01-04 19:33:00
5494,94,xgb,0.631,268.2,2025-01-04 19:34:00
5495,95,svm,0.915,264.4,2025-01-04 19:35:00
5496,96,rf,0.518,276.3,2025-01-04 19:36:00
5497,97,rf,0.752,214.8,2025-01-04 19:37:00
5498,98,logreg,0.716,152.0,2025-01-04 19:38:00
5499,99,rf,0.913,104.3,2025-01-04 19:39:00
5500,100,xgb,0.637,77.1,2025-01-04 19:40:00
5501,101,svm,0.628,128.8,2025-01-04 19:41:00
5502,102,xgb,0.902,263.8,2025-01-04 19:42:00
5503,103,rf,0.733,186.2,2025-01-04 19:43:00
5504,104,logreg,0.845,166.2,2025-01-04 19:44:00
5505,105,rf,0.814,195.6,2025-01-04 19:45:00
5506,106,svm,0.618,179.1,2025-01-04 19:46:00
5507,107,xgb,0.763,288.1,2025-01-04 19:47:00
5508,108,svm,0.928,220.9,2025-01-04 19:48:00
5509,109,logreg,0.984,158.8,2025-01-04 19:49:00
5510,110,xgb,0.934,229.5,2025-01-04 19:50:00
5511,111,rf,0.65,295.6,2025-01-04 19:51:00
5512,112,logreg,0.784,40.7,2025-01-04 19:52:00
5513,113,logreg,0.551,252.1,2025-01-04 19:53:00
5514,114,xgb,0.624,70.5,2025-01-04 19:54:00
5515,115,rf,0.922,296.0,2025-01-04 19:55:00
5516,116,logreg,0.848,53.3,2025-01-04 19:56:00
5517,117,xgb,0.943,249.7,2025-01-04 19:57:00
5518,118,xgb,0.79,49.7,2025-01-04 19:58:00
5519,119,xgb,0.617,237.9,2025-01-04 19:59:00
5520,120,xgb,0.978,295.6,2025-01-04 20:00:00
5521,121,logreg,0.515,276.1,2025-01-04 20:01:00
5522,122,xgb,0.962,170.4,2025-01-04 20:02:00
5523,123,xgb,0.753,154.9,2025-01-04 20:03:00
5524,124,rf,0.849,167.6,2025-01-04 20:04:00
5525,125,xgb,0.582,37.2,2025-01-04 20:05:00
5526,126,rf,0.507,69.8,2025-01-04 20:06:00
5527,127,rf,0.508,207.8,2025-01-04 20:07:00
5528,128,logreg,0.726,114.4,2025-01-04 20:08:00
5529,129,rf,0.946,152.9,2025-01-04 20:09:00
5530,130,logreg,0.85,37.4,2025-01-04 20:10:00
5531,131,rf,0.901,57.6,2025-01-04 20:11:00
5532,132,logreg,0.89,87.3,2025-01-04 20:12:00
5533,133,xgb,0.94,87.5,2025-01-04 20:13:00
5534,134,svm,0.818,192.7,2025-01-04 20:14:00
5535,135,rf,0.789,226.8,2025-01-04 20:15:00
5536,136,logreg,0.635,235.1,2025-01-04 20:16:00
5537,137,xgb,0.596,93.5,2025-01-04 20:17:00
5538,138,svm,0.908,237.2,2025-01-04 20:18:00
5539,139,rf,0.502,220.3,2025-01-04 20:19:00
5540,140,rf,0.724,225.7,2025-01-04 20:20:00
5541,141,xgb,0.502,245.4,2025-01-04 20:21:00
5542,142,svm,0.962,285.8,2025-01-04 20:22:00
5543,143,logreg,0.714,23.3,2025-01-04 20:23:00
5544,144,rf,0.942,14.8,2025-01-04 20:24:00
5545,145,logreg,0.976,200.9,2025-01-04 20:25:00
5546,146,logreg,0.632,23.1,2025-01-04 20:26:00
5547,147,logreg,0.949,90.4,2025-01-04 20:27:00
5548,148,rf,0.847,211.5,2025-01-04 20:28:00
5549,149,xgb,0.984,1.5,2025-01-04 20:29:00
5550,150,logreg,0.765,31.1,2025-01-04 20:30:00
5551,151,svm,0.878,141.4,2025-01-04 20:31:00
5552,152,rf,0.68,168.9,2025-01-04 20:32:00
5553,153,xgb,0.711,164.9,2025-01-04 20:33:00
5554,154,svm,0.771,114.0,2025-01-04 20:34:00
5555,155,logreg,0.578,182.5,2025-01-04 20:35:00
5556,156,rf,0.759,162.4,2025-01-04 20:36:00
5557,157,rf,0.732,298.5,2025-01-04 20:37:00
5558,158,logreg,0.883,22.7,2025-01-04 20:38:00
5559,159,rf,0.682,177.8,2025-01-04 20:39:00
5560,160,xgb,0.678,253.3,2025-01-04 20:40:00
5561,161,logreg,0.939,8.0,2025-01-04 20:41:00
5562,162,xgb,0.562,283.0,2025-01-04 20:42:00
5563,163,xgb,0.711,210.8,2025-01-04 20:43:00
5564,164,svm,0.723,289.1,2025-01-04 20:44:00
5565,165,xgb,0.686,91.5,2025-01-04 20:45:00
5566,166,rf,0.771,2.7,2025-01-04 20:46:00
5567,167,svm,0.958,282.3,2025-01-04 20:47:00
5568,168,logreg,0.677,153.6,2025-01-04 20:48:00
5569,169,rf,0.726,137.6,2025-01-04 20:49:00
5570,170,rf,0.829,42.3,2025-01-04 20:50:00
5571,171,svm,0.689,56.3,2025-01-04 20:51:00
5572,172,rf,0.547,202.2,2025-01-04 20:52:00
5573,173,xgb,0.637,183.0,2025-01-04 20:53:00
5574,174,logreg,0.961,131.3,2025-01-04 20:54:00
5575,175,xgb,0.58,181.3,2025-01-04 20:55:00
5576,176,logreg,0.664,176.7,2025-01-04 20:56:00
5577,177,logreg,0.526,212.4,2025-01-04 20:57:00
5578,178,svm,0.853,110.6,2025-01-04 20:58:00
5579,179,xgb,0.552,166.5,2025-01-04 20:59:00
5580,180,svm,0.683,250.2,2025-01-04 21:00:00
5581,181,rf,0.656,234.1,2025-01-04 21:01:00
5582,182,xgb,0.501,173.8,2025-01-04 21:02:00
5583,183,xgb,0.914,110.8,2025-01-04 21:03:00
5584,184,rf,0.848,6.4,2025-01-04 21:04:00
5585,185,rf,0.531,120.4,2025-01-04 21:05:00
5586,186,svm,0.701,285.2,2025-01-04 21:06:00
5587,187,logreg,0.584,248.4,2025-01-04 21:07:00
5588,188,svm,0.915,141.5,2025-01-04 21:08:00
5589,189,xgb,0.747,275.9,2025-01-04 21:09:00
5590,190,svm,0.935,265.8,2025-01-04 21:10:00
5591,191,svm,0.502,27.6,2025-01-04 21:11:00
5592,192,xgb,0.579,79.3,2025-01-04 21:12:00
5593,193,logreg,0.618,41.7,2025-01-04 21:13:00
5594,194,logreg,0.536,282.5,2025-01-04 21:14:00
5595,195,svm,0.503,20.7,2025-01-04 21:15:00
5596,196,svm,0.962,192.8,2025-01-04 21:16:00
5597,197,rf,0.545,172.7,2025-01-04 21:17:00
5598,198,rf,0.799,253.3,2025-01-04 21:18:00
5599,199,rf,0.981,197.4,2025-01-04 21:19:00
5600,0,svm,0.591,25.2,2025-01-04 21:20:00
5601,1,rf,0.864,69.0,2025-01-04 21:21:00
5602,2,logreg,0.526,171.3,2025-01-04 21:22:00
5603,3,xgb,0.521,139.3,2025-01-04 21:23:00
5604,4,logreg,0.791,204.5,2025-01-04 21:24:00
5605,5,rf,0.969,77.7,2025-01-04 21:25:00
5606,6,rf,0.93,172.6,2025-01-04 21:26:00
5607,7,svm,0.775,98.8,2025-01-04 21:27:00
5608,8,svm,0.611,194.1,2025-01-04 21:28:00
5609,9,logreg,0.702,167.0,2025-01-04 21:29:00
5610,10,xgb,0.924,124.2,2025-01-04 21:30:00
5611,11,xgb,0.792,84.4,2025-01-04 21:31:00
5612,12,logreg,0.875,124.6,2025-01-04 21:32:00
5613,13,rf,0.97,238.1,2025-01-04 21:33:00
5614,14,xgb,0.979,61.5,2025-01-04 21:34:00
5615,15,svm,0.897,25.7,2025-01-04 21:35:00
5616,16,rf,0.517,100.4,2025-01-04 21:36:00
5617,17,xgb,0.672,168.9,2025-01-04 21:37:00
5618,18,logreg,0.609,55.8,2025-01-04 21:38:00
5619,19,logreg,0.937,64.8,2025-01-04 21:39:00
5620,20,svm,0.715,157.7,2025-01-04 21:40:00
5621,21,xgb,0.665,275.6,2025-01-04 21:41:00
5622,22,logreg,0.76,122.3,2025-01-04 21:42:00
5623,23,svm,0.98,131.2,2025-01-04 21:43:00
5624,24,logreg,0.719,176.9,2025-01-04 21:44:00
5625,25,xgb,0.985,298.9,2025-01-04 21:45:00
5626,26,svm,0.956,151.5,2025-01-04 21:46:00
5627,27,svm,0.974,96.1,2025-01-04 21:47:00
5628,28,xgb,0.687,294.4,2025-01-04 21:48:00
5629,29,svm,0.699,42.2,2025-01-04 21:49:00
5630,30,rf,0.662,16.9,2025-01-04 21:50:00
5631,31,logreg,0.954,211.7,2025-01-04 21:51:00
5632,32,logreg,0.676,186.3,2025-01-04 21:52:00
5633,33,svm,0.539,288.3,2025-01-04 21:53:00
5634,34,xgb,0.601,55.6,2025-01-04 21:54:00
5635,35,rf,0.791,162.7,2025-01-04 21:55:00
5636,36,svm,0.942,98.0,2025-01-04 21:56:00
5637,37,rf,0.742,210.3,2025-01-04 21:57:00
5638,38,rf,0.826,180.4,2025-01-04 21:58:00
5639,39,xgb,0.549,25.9,2025-01-04 21:59:00
5640,40,rf,0.727,152.7,2025-01-04 22:00:00
5641,41,logreg,0.546,295.9,2025-01-04 22:01:00
5642,42,rf,0.57,241.8,2025-01-04 22:02:00
5643,43,logreg,0.834,17.1,2025-01-04 22:03:00
5644,44,xgb,0.582,8.1,2025-01-04 22:04:00
5645,45,svm,0.95,95.2,2025-01-04 22:05:00
5646,46,svm,0.842,25.9,2025-01-04 22:06:00
5647,47,xgb,0.989,268.0,2025-01-04 22:07:00
5648,48,xgb,0.589,270.4,2025-01-04 22:08:00
5649,49,svm,0.927,18.8,2025-01-04 22:09:00
5650,50,xgb,0.921,228.1,2025-01-04 22:10:00
5651,51,rf,0.539,34.2,2025-01-04 22:11:00
5652,52,xgb,0.923,279.2,2025-01-04 22:12:00
5653,53,svm,0.974,196.7,2025-01-04 22:13:00
5654,54,svm,0.716,267.3,2025-01-04 22:14:00
5655,55,svm,0.516,85.5,2025-01-04 22:15:00
5656,56,logreg,0.549,133.4,2025-01-04 22:16:00
5657,57,xgb,0.914,139.6,2025-01-04 22:17:00
5658,58,rf,0.956,212.8,2025-01-04 22:18:00
5659,59,svm,0.816,274.1,2025-01-04 22:19:00
5660,60,rf,0.524,294.8,2025-01-04 22:20:00
5661,61,svm,0.969,187.0,2025-01-04 22:21:00
5662,62,svm,0.879,4.6,2025-01-04 22:22:00
5663,63,rf,0.501,105.1,2025-01-04 22:23:00
5664,64,rf,0.93,129.1,2025-01-04 22:24:00
5665,65,svm,0.532,163.3,2025-01-04 22:25:00
5666,66,rf,0.968,297.2,2025-01-04 22:26:00
5667,67,svm,0.931,185.4,2025-01-04 22:27:00
5668,68,xgb,0.97,108.4,2025-01-04 22:28:00
5669,69,xgb,0.946,206.1,2025-01-04 22:29:00
5670,70,svm,0.572,109.0,2025-01-04 22:30:00
5671,71,rf,0.516,122.9,2025-01-04 22:31:00
5672,72,logreg,0.779,173.7,2025-01-04 22:32:00
5673,73,rf,0.695,129.1,2025-01-04 22:33:00
5674,74,rf,0.536,116.7,2025-01-04 22:34:00
5675,75,logreg,0.734,14.2,2025-01-04 22:35:00
5676,76,xgb,0.988,150.8,2025-01-04 22:36:00
5677,77,xgb,0.851,287.0,2025-01-04 22:37:00
5678,78,xgb,0.779,87.4,2025-01-04 22:38:00
5679,79,svm,0.922,7.1,2025-01-04 22:39:00
5680,80,logreg,0.74,113.7,2025-01-04 22:40:00
5681,81,xgb,0.664,3.4,2025-01-04 22:41:00
5682,82,xgb,0.81,248.7,2025-01-04 22:42:00
5683,83,rf,0.742,295.6,2025-01-04 22:43:00
5684,84,svm,0.625,269.8,2025-01-04 22:44:00
5685,85,xgb,0.64,138.4,2025-01-04 22:45:00
5686,86,svm,0.59,19.3,2025-01-04 22:46:00
5687,87,xgb,0.824,172.2,2025-01-04 22:47:00
5688,88,xgb,0.607,67.2,2025-01-04 22:48:00
5689,89,svm,0.919,21.9,2025-01-04 22:49:00
5690,90,rf,0.78,193.3,2025-01-04 22:50:00
5691,91,logreg,0.911,14.9,2025-01-04 22:51:00
5692,92,xgb,0.503,229.5,2025-01-04 22:52:00
5693,93,logreg,0.75,73.6,2025-01-04 22:53:00
5694,94,xgb,0.934,35.9,2025-01-04 22:54:00
5695,95,logreg,0.692,66.8,2025-01-04 22:55:00
5696,96,xgb,0.802,2.9,2025-01-04 22:56:00
5697,97,svm,0.969,277.1,2025-01-04 22:57:00
5698,98,logreg,0.664,263.1,2025-01-04 22:58:00
5699,99,logreg,0.658,170.1,2025-01-04 22:59:00
5700,100,xgb,0.543,178.4,2025-01-04 23:00:00
5701,101,logreg,0.653,119.2,2025-01-04 23:01:00
5702,102,xgb,0.967,72.8,2025-01-04 23:02:00
5703,103,xgb,0.891,265.5,2025-01-04 23:03:00
5704,104,xgb,0.724,106.8,2025-01-04 23:04:00
5705,105,xgb,0.538,139.1,2025-01-04 23:05:00
5706,106,logreg,0.936,208.8,2025-01-04 23:06:00
5707,107,xgb,0.501,134.0,2025-01-04 23:07:00
5708,108,rf,0.893,252.7,2025-01-04 23:08:00
5709,109,xgb,0.85,165.7,2025-01-04 23:09:00
5710,110,xgb,0.593,210.4,2025-01-04 23:10:00
5711,111,xgb,0.548,238.8,2025-01-04 23:11:00
5712,112,xgb,0.533,272.2,2025-01-04 23:12:00
5713,113,rf,0.756,273.0,2025-01-04 23:13:00
5714,114,rf,0.836,170.1,2025-01-04 23:14:00
5715,115,logreg,0.552,34.5,2025-01-04 23:15:00
5716,116,logreg,0.604,112.1,2025-01-04 23:16:00
5717,117,rf,0.858,264.3,2025-01-04 23:17:00
5718,118,logreg,0.838,141.7,2025-01-04 23:18:00
5719,119,rf,0.687,155.5,2025-01-04 23:19:00
5720,120,rf,0.868,232.2,2025-01-04 23:20:00
5721,121,xgb,0.735,229.9,2025-01-04 23:21:00
5722,122,xgb,0.533,293.7,2025-01-04 23:22:00
5723,123,xgb,0.749,175.0,2025-01-04 23:23:00
5724,124,xgb,0.894,83.6,2025-01-04 23:24:00
5725,125,svm,0.924,197.5,2025-01-04 23:25:00
5726,126,xgb,0.582,226.4,2025-01-04 23:26:00
5727,127,xgb,0.501,54.1,2025-01-04 23:27:00
5728,128,xgb,0.801,161.5,2025-01-04 23:28:00
5729,129,xgb,0.566,283.7,2025-01-04 23:29:00
5730,130,rf,0.623,83.9,2025-01-04 23:30:00
5731,131,logreg,0.984,196.8,2025-01-04 23:31:00
5732,132,xgb,0.953,258.2,2025-01-04 23:32:00
5733,133,rf,0.532,292.2,2025-01-04 23:33:00
5734,134,svm,0.783,213.5,2025-01-04 23:34:00
5735,135,rf,0.83,221.0,2025-01-04 23:35:00
5736,136,rf,0.563,190.6,2025-01-04 23:36:00
5737,137,rf,0.636,214.6,2025-01-04 23:37:00
5738,138,xgb,0.607,40.2,2025-01-04 23:38:00
5739,139,logreg,0.744,255.3,2025-01-04 23:39:00
5740,140,xgb,0.841,31.9,2025-01-04 23:40:00
5741,141,svm,0.852,13.4,2025-01-04 23:41:00
5742,142,xgb,0.747,126.0,2025-01-04 23:42:00
5743,143,rf,0.7,119.4,2025-01-04 23:43:00
5744,144,rf,0.834,247.6,2025-01-04 23:44:00
5745,145,svm,0.85,178.9,2025-01-04 23:45:00
5746,146,logreg,0.724,107.4,2025-01-04 23:46:00
5747,147,rf,0.799,68.0,2025-01-04 23:47:00
5748,148,rf,0.835,195.9,2025-01-04 23:48:00
5749,149,rf,0.704,265.2,2025-01-04 23:49:00
5750,150,rf,0.73,114.1,2025-01-04 23:50:00
5751,151,rf,0.922,48.6,2025-01-04 23:51:00
5752,152,xgb,0.558,235.8,2025-01-04 23:52:00
5753,153,svm,0.621,289.6,2025-01-04 23:53:00
5754,154,svm,0.533,116.7,2025-01-04 23:54:00
5755,155,xgb,0.574,25.3,2025-01-04 23:55:00
5756,156,xgb,0.96,126.5,2025-01-04 23:56:00
5757,157,rf,0.746,110.7,2025-01-04 23:57:00
5758,158,svm,0.975,125.9,2025-01-04 23:58:00
5759,159,logreg,0.726,226.2,2025-01-04 23:59:00
5760,160,rf,0.688,210.4,2025-01-05 00:00:00
5761,161,xgb,0.541,154.1,2025-01-05 00:01:00
5762,162,logreg,0.677,19.1,2025-01-05 00:02:00
5763,163,svm,0.882,235.2,2025-01-05 00:03:00
5764,164,svm,0.821,132.9,2025-01-05 00:04:00
5765,165,logreg,0.692,59.7,2025-01-05 00:05:00
5766,166,svm,0.796,57.4,2025-01-05 00:06:00
5767,167,xgb,0.778,103.8,2025-01-05 00:07:00
5768,168,svm,0.817,113.7,2025-01-05 00:08:00
5769,169,logreg,0.593,254.1,2025-01-05 00:09:00
5770,170,logreg,0.566,264.7,2025-01-05 00:10:00
5771,171,rf,0.543,290.6,2025-01-05 00:11:00
5772,172,svm,0.606,123.9,2025-01-05 00:12:00
5773,173,xgb,0.951,221.9,2025-01-05 00:13:00
5774,174,svm,0.631,46.2,2025-01-05 00:14:00
5775,175,rf,0.762,148.4,2025-01-05 00:15:00
5776,176,rf,0.863,279.2,2025-01-05 00:16:00
5777,177,xgb,0.813,217.6,2025-01-05 00:17:00
5778,178,rf,0.822,171.7,2025-01-05 00:18:00
5779,179,logreg,0.629,61.1,2025-01-05 00:19:00
5780,180,svm,0.894,266.3,2025-01-05 00:20:00
5781,181,svm,0.964,292.3,2025-01-05 00:21:00
5782,182,xgb,0.936,200.3,2025-01-05 00:22:00
5783,183,svm,0.76,68.2,2025-01-05 00:23:00
5784,184,svm,0.965,284.9,2025-01-05 00:24:00
5785,185,rf,0.896,73.0,2025-01-05 00:25:00
5786,186,rf,0.846,110.4,2025-01-05 00:26:00
5787,187,logreg,0.699,112.8,2025-01-05 00:27:00
5788,188,svm,0.681,140.6,2025-01-05 00:28:00
5789,189,logreg,0.949,169.6,2025-01-05 00:29:00
5790,190,svm,0.745,239.0,2025-01-05 00:30:00
5791,191,logreg,0.788,268.6,2025-01-05 00:31:00
5792,192,svm,0.854,282.9,2025-01-05 00:32:00
5793,193,svm,0.964,108.8,2025-01-05 00:33:00
5794,194,xgb,0.714,169.7,2025-01-05 00:34:00
5795,195,svm,0.693,279.4,2025-01-05 00:35:00
5796,196,logreg,0.972,20.0,2025-01-05 00:36:00
5797,197,xgb,0.944,38.8,2025-01-05 00:37:00
5798,198,xgb,0.668,111.6,2025-01-05 00:38:00
5799,199,rf,0.781,277.7,2025-01-05 00:39:00
5800,0,svm,0.749,244.6,2025-01-05 00:40:00
5801,1,xgb,0.873,179.2,2025-01-05 00:41:00
5802,2,svm,0.885,112.0,2025-01-05 00:42:00
5803,3,logreg,0.695,253.4,2025-01-05 00:43:00
5804,4,xgb,0.555,276.9,2025-01-05 00:44:00
5805,5,rf,0.722,294.3,2025-01-05 00:45:00
5806,6,xgb,0.617,233.3,2025-01-05 00:46:00
5807,7,rf,0.63,116.1,2025-01-05 00:47:00
5808,8,svm,0.526,200.6,2025-01-05 00:48:00
5809,9,svm,0.819,175.5,2025-01-05 00:49:00
5810,10,xgb,0.888,48.1,2025-01-05 00:50:00
5811,11,logreg,0.9,91.0,2025-01-05 00:51:00
5812,12,svm,0.934,64.8,2025-01-05 00:52:00
5813,13,rf,0.722,124.4,2025-01-05 00:53:00
5814,14,logreg,0.611,288.4,2025-01-05 00:54:00
5815,15,rf,0.515,194.0,2025-01-05 00:55:00
5816,16,rf,0.743,159.7,2025-01-05 00:56:00
5817,17,svm,0.951,43.5,2025-01-05 00:57:00
5818,18,rf,0.539,219.2,2025-01-05 00:58:00
5819,19,logreg,0.545,279.8,2025-01-05 00:59:00
5820,20,svm,0.656,63.5,2025-01-05 01:00:00
5821,21,svm,0.862,53.7,2025-01-05 01:01:00
5822,22,logreg,0.627,253.4,2025-01-05 01:02:00
5823,23,logreg,0.524,149.7,2025-01-05 01:03:00
5824,24,xgb,0.926,280.2,2025-01-05 01:04:00
5825,25,rf,0.839,123.9,2025-01-05 01:05:00
5826,26,svm,0.929,246.3,2025-01-05 01:06:00
5827,27,xgb,0.943,139.4,2025-01-05 01:07:00
5828,28,xgb,0.783,120.7,2025-01-05 01:08:00
5829,29,svm,0.699,59.3,2025-01-05 01:09:00
5830,30,rf,0.555,273.4,2025-01-05 01:10:00
5831,31,rf,0.953,189.2,2025-01-05 01:11:00
5832,32,svm,0.899,244.3,2025-01-05 01:12:00
5833,33,rf,0.512,280.9,2025-01-05 01:13:00
5834,34,svm,0.818,197.8,2025-01-05 01:14:00
5835,35,rf,0.518,276.3,2025-01-05 01:15:00
5836,36,logreg,0.92,54.3,2025-01-05 01:16:00
5837,37,xgb,0.532,56.7,2025-01-05 01:17:00
5838,38,logreg,0.825,283.7,2025-01-05 01:18:00
5839,39,rf,0.708,181.7,2025-01-05 01:19:00
5840,40,xgb,0.974,208.0,2025-01-05 01:20:00
5841,41,rf,0.877,66.1,2025-01-05 01:21:00
5842,42,logreg,0.759,188.6,2025-01-05 01:22:00
5843,43,rf,0.742,50.2,2025-01-05 01:23:00
5844,44,rf,0.597,60.2,2025-01-05 01:24:00
5845,45,svm,0.672,47.1,2025-01-05 01:25:00
5846,46,logreg,0.586,216.5,2025-01-05 01:26:00
5847,47,xgb,0.782,189.7,2025-01-05 01:27:00
5848,48,logreg,0.884,103.8,2025-01-05 01:28:00
5849,49,svm,0.974,106.3,2025-01-05 01:29:00
5850,50,xgb,0.946,45.4,2025-01-05 01:30:00
5851,51,xgb,0.814,231.5,2025-01-05 01:31:00
5852,52,logreg,0.611,185.2,2025-01-05 01:32:00
5853,53,xgb,0.501,109.7,2025-01-05 01:33:00
5854,54,logreg,0.839,248.7,2025-01-05 01:34:00
5855,55,xgb,0.883,68.4,2025-01-05 01:35:00
5856,56,xgb,0.707,27.0,2025-01-05 01:36:00
5857,57,svm,0.976,141.4,2025-01-05 01:37:00
5858,58,rf,0.945,165.8,2025-01-05 01:38:00
5859,59,logreg,0.522,57.0,2025-01-05 01:39:00
5860,60,logreg,0.886,37.1,2025-01-05 01:40:00
5861,61,xgb,0.907,60.8,2025-01-05 01:41:00
5862,62,rf,0.548,147.9,2025-01-05 01:42:00
5863,63,xgb,0.694,106.9,2025-01-05 01:43:00
5864,64,xgb,0.938,167.9,2025-01-05 01:44:00
5865,65,xgb,0.846,289.1,2025-01-05 01:45:00
5866,66,logreg,0.826,252.7,2025-01-05 01:46:00
5867,67,logreg,0.952,228.9,2025-01-05 01:47:00
5868,68,svm,0.882,144.1,2025-01-05 01:48:00
5869,69,svm,0.717,79.5,2025-01-05 01:49:00
5870,70,xgb,0.603,291.0,2025-01-05 01:50:00
5871,71,xgb,0.981,294.8,2025-01-05 01:51:00
5872,72,xgb,0.967,276.0,2025-01-05 01:52:00
5873,73,rf,0.811,226.6,2025-01-05 01:53:00
5874,74,svm,0.624,47.0,2025-01-05 01:54:00
5875,75,xgb,0.852,199.8,2025-01-05 01:55:00
5876,76,xgb,0.588,287.5,2025-01-05 01:56:00
5877,77,logreg,0.528,55.7,2025-01-05 01:57:00
5878,78,svm,0.603,197.2,2025-01-05 01:58:00
5879,79,logreg,0.619,269.2,2025-01-05 01:59:00
5880,80,logreg,0.924,74.1,2025-01-05 02:00:00
5881,81,rf,0.76,82.2,2025-01-05 02:01:00
5882,82,logreg,0.635,248.5,2025-01-05 02:02:00
5883,83,rf,0.738,95.3,2025-01-05 02:03:00
5884,84,svm,0.878,196.3,2025-01-05 02:04:00
5885,85,svm,0.573,266.7,2025-01-05 02:05:00
5886,86,rf,0.608,116.2,2025-01-05 02:06:00
5887,87,logreg,0.824,153.1,2025-01-05 02:07:00
5888,88,svm,0.825,69.5,2025-01-05 02:08:00
5889,89,logreg,0.822,116.4,2025-01-05 02:09:00
5890,90,svm,0.858,237.4,2025-01-05 02:10:00
5891,91,rf,0.677,76.2,2025-01-05 02:11:00
5892,92,rf,0.892,281.1,2025-01-05 02:12:00
5893,93,rf,0.68,129.0,2025-01-05 02:13:00
5894,94,svm,0.535,170.3,2025-01-05 02:14:00
5895,95,svm,0.662,82.2,2025-01-05 02:15:00
5896,96,rf,0.782,113.4,2025-01-05 02:16:00
5897,97,xgb,0.79,135.8,2025-01-05 02:17:00
5898,98,logreg,0.675,56.3,2025-01-05 02:18:00
5899,99,logreg,0.894,243.5,2025-01-05 02:19:00
5900,100,rf,0.624,130.9,2025-01-05 02:20:00
5901,101,xgb,0.827,22.3,2025-01-05 02:21:00
5902,102,logreg,0.547,219.0,2025-01-05 02:22:00
5903,103,rf,0.573,22.9,2025-01-05 02:23:00
5904,104,xgb,0.78,225.8,2025-01-05 02:24:00
5905,105,logreg,0.944,186.5,2025-01-05 02:25:00
5906,106,logreg,0.761,194.5,2025-01-05 02:26:00
5907,107,logreg,0.518,286.5,2025-01-05 02:27:00
5908,108,logreg,0.606,50.3,2025-01-05 02:28:00
5909,109,logreg,0.938,70.2,2025-01-05 02:29:00
5910,110,xgb,0.565,196.0,2025-01-05 02:30:00
5911,111,rf,0.726,102.4,2025-01-05 02:31:00
5912,112,logreg,0.818,126.7,2025-01-05 02:32:00
5913,113,xgb,0.912,280.9,2025-01-05 02:33:00
5914,114,svm,0.599,181.2,2025-01-05 02:34:00
5915,115,logreg,0.661,57.3,2025-01-05 02:35:00
5916,116,svm,0.589,38.3,2025-01-05 02:36:00
5917,117,rf,0.578,176.2,2025-01-05 02:37:00
5918,118,svm,0.913,232.6,2025-01-05 02:38:00
5919,119,logreg,0.896,82.4,2025-01-05 02:39:00
5920,120,svm,0.776,137.4,2025-01-05 02:40:00
5921,121,svm,0.735,213.6,2025-01-05 02:41:00
5922,122,rf,0.569,290.5,2025-01-05 02:42:00
5923,123,logreg,0.694,93.4,2025-01-05 02:43:00
5924,124,logreg,0.743,90.0,2025-01-05 02:44:00
5925,125,logreg,0.791,277.1,2025-01-05 02:45:00
5926,126,rf,0.706,61.2,2025-01-05 02:46:00
5927,127,svm,0.709,297.2,2025-01-05 02:47:00
5928,128,svm,0.92,10.9,2025-01-05 02:48:00
5929,129,logreg,0.62,95.1,2025-01-05 02:49:00
5930,130,xgb,0.73,12.3,2025-01-05 02:50:00
5931,131,logreg,0.978,169.9,2025-01-05 02:51:00
5932,132,xgb,0.972,133.0,2025-01-05 02:52:00
5933,133,rf,0.933,170.1,2025-01-05 02:53:00
5934,134,svm,0.567,209.1,2025-01-05 02:54:00
5935,135,xgb,0.657,15.8,2025-01-05 02:55:00
5936,136,svm,0.791,216.0,2025-01-05 02:56:00
5937,137,xgb,0.68,33.9,2025-01-05 02:57:00
5938,138,xgb,0.727,202.7,2025-01-05 02:58:00
5939,139,logreg,0.647,296.2,2025-01-05 02:59:00
5940,140,svm,0.801,274.9,2025-01-05 03:00:00
5941,141,svm,0.8,105.3,2025-01-05 03:01:00
5942,142,svm,0.703,131.0,2025-01-05 03:02:00
5943,143,svm,0.976,226.4,2025-01-05 03:03:00
5944,144,svm,0.865,92.9,2025-01-05 03:04:00
5945,145,svm,0.885,237.7,2025-01-05 03:05:00
5946,146,svm,0.8,119.3,2025-01-05 03:06:00
5947,147,xgb,0.869,73.5,2025-01-05 03:07:00
5948,148,svm,0.635,135.8,2025-01-05 03:08:00
5949,149,xgb,0.782,81.6,2025-01-05 03:09:00
5950,150,logreg,0.629,158.2,2025-01-05 03:10:00
5951,151,xgb,0.572,15.3,2025-01-05 03:11:00
5952,152,svm,0.745,39.4,2025-01-05 03:12:00
5953,153,logreg,0.855,66.3,2025-01-05 03:13:00
5954,154,svm,0.549,48.2,2025-01-05 03:14:00
5955,155,rf,0.989,228.3,2025-01-05 03:15:00
5956,156,logreg,0.563,207.7,2025-01-05 03:16:00
5957,157,rf,0.922,228.7,2025-01-05 03:17:00
5958,158,logreg,0.66,269.9,2025-01-05 03:18:00
5959,159,svm,0.594,189.5,2025-01-05 03:19:00
5960,160,logreg,0.682,142.3,2025-01-05 03:20:00
5961,161,xgb,0.921,38.6,2025-01-05 03:21:00
5962,162,xgb,0.505,91.2,2025-01-05 03:22:00
5963,163,logreg,0.916,115.1,2025-01-05 03:23:00
5964,164,rf,0.573,183.7,2025-01-05 03:24:00
5965,165,rf,0.903,43.3,2025-01-05 03:25:00
5966,166,svm,0.552,233.9,2025-01-05 03:26:00
5967,167,xgb,0.86,139.0,2025-01-05 03:27:00
5968,168,logreg,0.924,159.1,2025-01-05 03:28:00
5969,169,logreg,0.593,175.1,2025-01-05 03:29:00
5970,170,logreg,0.972,167.1,2025-01-05 03:30:00
5971,171,logreg,0.976,24.6,2025-01-05 03:31:00
5972,172,xgb,0.963,79.1,2025-01-05 03:32:00
5973,173,svm,0.771,57.6,2025-01-05 03:33:00
5974,174,svm,0.694,67.2,2025-01-05 03:34:00
5975,175,rf,0.609,163.1,2025-01-05 03:35:00
5976,176,svm,0.524,62.2,2025-01-05 03:36:00
5977,177,xgb,0.593,122.8,2025-01-05 03:37:00
5978,178,xgb,0.516,75.3,2025-01-05 03:38:00
5979,179,svm,0.724,55.8,2025-01-05 03:39:00
5980,180,logreg,0.602,33.2,2025-01-05 03:40:00
5981,181,svm,0.614,135.8,2025-01-05 03:41:00
5982,182,logreg,0.747,208.3,2025-01-05 03:42:00
5983,183,logreg,0.883,162.5,2025-01-05 03:43:00
5984,184,rf,0.516,237.6,2025-01-05 03:44:00
5985,185,svm,0.848,269.3,2025-01-05 03:45:00
5986,186,svm,0.687,175.2,2025-01-05 03:46:00
5987,187,rf,0.575,241.6,2025-01-05 03:47:00
5988,188,rf,0.817,291.7,2025-01-05 03:48:00
5989,189,logreg,0.936,20.3,2025-01-05 03:49:00
5990,190,svm,0.592,12.2,2025-01-05 03:50:00
5991,191,xgb,0.912,18.5,2025-01-05 03:51:00
5992,192,xgb,0.763,237.6,2025-01-05 03:52:00
5993,193,svm,0.964,49.8,2025-01-05 03:53:00
5994,194,svm,0.707,102.2,2025-01-05 03:54:00
5995,195,logreg,0.868,219.2,2025-01-05 03:55:00
5996,196,xgb,0.597,40.9,2025-01-05 03:56:00
5997,197,xgb,0.806,70.9,2025-01-05 03:57:00
5998,198,xgb,0.508,99.7,2025-01-05 03:58:00
5999,199,rf,0.606,263.5,2025-01-05 03:59:00
6000,0,xgb,0.511,60.0,2025-01-05 04:00:00
6001,1,logreg,0.73,21.2,2025-01-05 04:01:00
6002,2,rf,0.828,128.9,2025-01-05 04:02:00
6003,3,logreg,0.679,244.9,2025-01-05 04:03:00
6004,4,logreg,0.919,43.5,2025-01-05 04:04:00
6005,5,logreg,0.799,104.9,2025-01-05 04:05:00
6006,6,svm,0.622,224.8,2025-01-05 04:06:00
6007,7,xgb,0.636,111.7,2025-01-05 04:07:00
6008,8,rf,0.538,271.1,2025-01-05 04:08:00
6009,9,xgb,0.86,167.3,2025-01-05 04:09:00
6010,10,svm,0.9,52.0,2025-01-05 04:10:00
6011,11,rf,0.606,215.3,2025-01-05 04:11:00
6012,12,xgb,0.523,162.5,2025-01-05 04:12:00
6013,13,logreg,0.533,291.7,2025-01-05 04:13:00
6014,14,rf,0.545,215.6,2025-01-05 04:14:00
6015,15,xgb,0.824,40.6,2025-01-05 04:15:00
6016,16,rf,0.932,18.5,2025-01-05 04:16:00
6017,17,logreg,0.949,78.4,2025-01-05 04:17:00
6018,18,logreg,0.858,287.6,2025-01-05 04:18:00
6019,19,logreg,0.815,207.6,2025-01-05 04:19:00
6020,20,svm,0.904,124.8,2025-01-05 04:20:00
6021,21,xgb,0.954,16.0,2025-01-05 04:21:00
6022,22,svm,0.814,69.0,2025-01-05 04:22:00
6023,23,logreg,0.576,203.6,2025-01-05 04:23:00
6024,24,xgb,0.666,261.8,2025-01-05 04:24:00
6025,25,rf,0.588,95.7,2025-01-05 04:25:00
6026,26,rf,0.893,175.9,2025-01-05 04:26:00
6027,27,svm,0.689,227.7,2025-01-05 04:27:00
6028,28,svm,0.849,274.5,2025-01-05 04:28:00
6029,29,xgb,0.964,146.2,2025-01-05 04:29:00
6030,30,xgb,0.721,231.1,2025-01-05 04:30:00
6031,31,rf,0.889,30.8,2025-01-05 04:31:00
6032,32,rf,0.542,15.1,2025-01-05 04:32:00
6033,33,logreg,0.973,13.5,2025-01-05 04:33:00
6034,34,svm,0.981,166.3,2025-01-05 04:34:00
6035,35,rf,0.828,267.4,2025-01-05 04:35:00
6036,36,rf,0.723,15.8,2025-01-05 04:36:00
6037,37,logreg,0.643,11.8,2025-01-05 04:37:00
6038,38,xgb,0.793,106.4,2025-01-05 04:38:00
6039,39,svm,0.84,54.3,2025-01-05 04:39:00
6040,40,svm,0.86,269.3,2025-01-05 04:40:00
6041,41,rf,0.742,52.6,2025-01-05 04:41:00
6042,42,xgb,0.944,283.7,2025-01-05 04:42:00
6043,43,svm,0.622,167.7,2025-01-05 04:43:00
6044,44,xgb,0.58,108.9,2025-01-05 04:44:00
6045,45,svm,0.573,34.8,2025-01-05 04:45:00
6046,46,xgb,0.685,96.8,2025-01-05 04:46:00
6047,47,svm,0.79,194.2,2025-01-05 04:47:00
6048,48,xgb,0.945,222.3,2025-01-05 04:48:00
6049,49,rf,0.839,245.1,2025-01-05 04:49:00
6050,50,xgb,0.978,89.0,2025-01-05 04:50:00
6051,51,logreg,0.93,250.2,2025-01-05 04:51:00
6052,52,svm,0.746,156.1,2025-01-05 04:52:00
6053,53,svm,0.506,139.9,2025-01-05 04:53:00
6054,54,xgb,0.505,112.9,2025-01-05 04:54:00
6055,55,logreg,0.875,205.6,2025-01-05 04:55:00
6056,56,rf,0.8,262.6,2025-01-05 04:56:00
6057,57,xgb,0.886,135.0,2025-01-05 04:57:00
6058,58,svm,0.806,271.2,2025-01-05 04:58:00
6059,59,logreg,0.709,197.7,2025-01-05 04:59:00
6060,60,xgb,0.964,179.7,2025-01-05 05:00:00
6061,61,svm,0.703,81.1,2025-01-05 05:01:00
6062,62,logreg,0.951,142.8,2025-01-05 05:02:00
6063,63,xgb,0.578,108.2,2025-01-05 05:03:00
6064,64,xgb,0.509,25.1,2025-01-05 05:04:00
6065,65,logreg,0.671,26.0,2025-01-05 05:05:00
6066,66,xgb,0.514,111.3,2025-01-05 05:06:00
6067,67,xgb,0.574,86.5,2025-01-05 05:07:00
6068,68,rf,0.658,259.5,2025-01-05 05:08:00
6069,69,logreg,0.607,46.3,2025-01-05 05:09:00
6070,70,svm,0.655,199.8,2025-01-05 05:10:00
6071,71,logreg,0.614,74.1,2025-01-05 05:11:00
6072,72,xgb,0.816,52.5,2025-01-05 05:12:00
6073,73,svm,0.825,286.2,2025-01-05 05:13:00
6074,74,rf,0.711,23.7,2025-01-05 05:14:00
6075,75,svm,0.806,9.1,2025-01-05 05:15:00
6076,76,svm,0.548,62.2,2025-01-05 05:16:00
6077,77,rf,0.609,162.0,2025-01-05 05:17:00
6078,78,rf,0.521,172.6,2025-01-05 05:18:00
6079,79,xgb,0.845,48.0,2025-01-05 05:19:00
6080,80,rf,0.587,46.4,2025-01-05 05:20:00
6081,81,xgb,0.883,112.3,2025-01-05 05:21:00
6082,82,svm,0.751,273.6,2025-01-05 05:22:00
6083,83,rf,0.849,162.0,2025-01-05 05:23:00
6084,84,logreg,0.766,161.2,2025-01-05 05:24:00
6085,85,logreg,0.646,3.5,2025-01-05 05:25:00
6086,86,rf,0.76,79.4,2025-01-05 05:26:00
6087,87,rf,0.691,296.7,2025-01-05 05:27:00
6088,88,xgb,0.91,202.4,2025-01-05 05:28:00
6089,89,rf,0.889,54.1,2025-01-05 05:29:00
6090,90,logreg,0.717,157.8,2025-01-05 05:30:00
6091,91,xgb,0.908,156.7,2025-01-05 05:31:00
6092,92,logreg,0.813,85.2,2025-01-05 05:32:00
6093,93,logreg,0.867,232.7,2025-01-05 05:33:00
6094,94,rf,0.792,217.5,2025-01-05 05:34:00
6095,95,xgb,0.645,54.9,2025-01-05 05:35:00
6096,96,xgb,0.85,131.4,2025-01-05 05:36:00
6097,97,xgb,0.588,58.8,2025-01-05 05:37:00
6098,98,rf,0.65,20.1,2025-01-05 05:38:00
6099,99,svm,0.58,76.6,2025-01-05 05:39:00
6100,100,xgb,0.89,34.7,2025-01-05 05:40:00
6101,101,logreg,0.959,275.2,2025-01-05 05:41:00
6102,102,rf,0.544,258.9,2025-01-05 05:42:00
6103,103,logreg,0.575,228.3,2025-01-05 05:43:00
6104,104,svm,0.782,158.5,2025-01-05 05:44:00
6105,105,xgb,0.752,60.5,2025-01-05 05:45:00
6106,106,rf,0.528,262.7,2025-01-05 05:46:00
6107,107,logreg,0.701,221.5,2025-01-05 05:47:00
6108,108,xgb,0.846,19.7,2025-01-05 05:48:00
6109,109,svm,0.959,224.7,2025-01-05 05:49:00
6110,110,svm,0.595,119.4,2025-01-05 05:50:00
6111,111,rf,0.502,189.9,2025-01-05 05:51:00
6112,112,svm,0.897,81.8,2025-01-05 05:52:00
6113,113,xgb,0.769,1.6,2025-01-05 05:53:00
6114,114,svm,0.771,49.4,2025-01-05 05:54:00
6115,115,logreg,0.913,185.2,2025-01-05 05:55:00
6116,116,rf,0.529,120.0,2025-01-05 05:56:00
6117,117,logreg,0.58,137.8,2025-01-05 05:57:00
6118,118,logreg,0.957,257.5,2025-01-05 05:58:00
6119,119,xgb,0.913,297.9,2025-01-05 05:59:00
6120,120,xgb,0.932,151.0,2025-01-05 06:00:00
6121,121,logreg,0.83,264.9,2025-01-05 06:01:00
6122,122,xgb,0.605,145.6,2025-01-05 06:02:00
6123,123,rf,0.748,190.9,2025-01-05 06:03:00
6124,124,logreg,0.587,137.0,2025-01-05 06:04:00
6125,125,xgb,0.713,92.1,2025-01-05 06:05:00
6126,126,rf,0.5,23.2,2025-01-05 06:06:00
6127,127,xgb,0.825,237.5,2025-01-05 06:07:00
6128,128,xgb,0.941,215.4,2025-01-05 06:08:00
6129,129,xgb,0.549,162.6,2025-01-05 06:09:00
6130,130,xgb,0.671,56.9,2025-01-05 06:10:00
6131,131,rf,0.759,98.3,2025-01-05 06:11:00
6132,132,rf,0.699,268.8,2025-01-05 06:12:00
6133,133,logreg,0.689,195.5,2025-01-05 06:13:00
6134,134,logreg,0.87,217.3,2025-01-05 06:14:00
6135,135,xgb,0.503,269.8,2025-01-05 06:15:00
6136,136,rf,0.92,244.2,2025-01-05 06:16:00
6137,137,xgb,0.877,186.7,2025-01-05 06:17:00
6138,138,logreg,0.797,287.0,2025-01-05 06:18:00
6139,139,rf,0.726,151.4,2025-01-05 06:19:00
6140,140,rf,0.673,178.4,2025-01-05 06:20:00
6141,141,xgb,0.765,90.4,2025-01-05 06:21:00
6142,142,logreg,0.587,203.0,2025-01-05 06:22:00
6143,143,xgb,0.844,113.7,2025-01-05 06:23:00
6144,144,logreg,0.762,229.4,2025-01-05 06:24:00
6145,145,svm,0.782,29.2,2025-01-05 06:25:00
6146,146,svm,0.72,93.1,2025-01-05 06:26:00
6147,147,xgb,0.668,67.8,2025-01-05 06:27:00
6148,148,svm,0.829,188.9,2025-01-05 06:28:00
6149,149,rf,0.874,221.7,2025-01-05 06:29:00
6150,150,xgb,0.784,182.7,2025-01-05 06:30:00
6151,151,logreg,0.631,143.1,2025-01-05 06:31:00
6152,152,logreg,0.707,296.6,2025-01-05 06:32:00
6153,153,svm,0.531,131.9,2025-01-05 06:33:00
6154,154,logreg,0.737,169.2,2025-01-05 06:34:00
6155,155,logreg,0.65,204.2,2025-01-05 06:35:00
6156,156,svm,0.774,206.0,2025-01-05 06:36:00
6157,157,svm,0.699,23.5,2025-01-05 06:37:00
6158,158,xgb,0.893,240.8,2025-01-05 06:38:00
6159,159,svm,0.555,139.2,2025-01-05 06:39:00
6160,160,svm,0.911,156.2,2025-01-05 06:40:00
6161,161,svm,0.601,220.2,2025-01-05 06:41:00
6162,162,rf,0.989,88.6,2025-01-05 06:42:00
6163,163,rf,0.63,95.5,2025-01-05 06:43:00
6164,164,xgb,0.825,154.9,2025-01-05 06:44:00
6165,165,logreg,0.929,98.7,2025-01-05 06:45:00
6166,166,xgb,0.558,266.4,2025-01-05 06:46:00
6167,167,rf,0.58,42.7,2025-01-05 06:47:00
6168,168,logreg,0.519,120.7,2025-01-05 06:48:00
6169,169,rf,0.509,163.8,2025-01-05 06:49:00
6170,170,svm,0.762,76.5,2025-01-05 06:50:00
6171,171,rf,0.877,1.2,2025-01-05 06:51:00
6172,172,xgb,0.929,241.5,2025-01-05 06:52:00
6173,173,svm,0.736,200.4,2025-01-05 06:53:00
6174,174,xgb,0.803,221.3,2025-01-05 06:54:00
6175,175,svm,0.908,223.3,2025-01-05 06:55:00
6176,176,rf,0.771,125.4,2025-01-05 06:56:00
6177,177,xgb,0.507,277.7,2025-01-05 06:57:00
6178,178,logreg,0.886,274.6,2025-01-05 06:58:00
6179,179,rf,0.5,14.7,2025-01-05 06:59:00
6180,180,svm,0.853,228.2,2025-01-05 07:00:00
6181,181,logreg,0.55,266.7,2025-01-05 07:01:00
6182,182,svm,0.816,6.2,2025-01-05 07:02:00
6183,183,svm,0.69,30.0,2025-01-05 07:03:00
6184,184,svm,0.876,58.3,2025-01-05 07:04:00
6185,185,logreg,0.98,199.8,2025-01-05 07:05:00
6186,186,svm,0.712,171.3,2025-01-05 07:06:00
6187,187,logreg,0.948,273.8,2025-01-05 07:07:00
6188,188,rf,0.76,49.4,2025-01-05 07:08:00
6189,189,rf,0.515,189.7,2025-01-05 07:09:00
6190,190,xgb,0.71,266.7,2025-01-05 07:10:00
6191,191,rf,0.523,82.1,2025-01-05 07:11:00
6192,192,svm,0.648,290.7,2025-01-05 07:12:00
6193,193,xgb,0.795,281.5,2025-01-05 07:13:00
6194,194,logreg,0.737,199.9,2025-01-05 07:14:00
6195,195,logreg,0.774,278.8,2025-01-05 07:15:00
6196,196,svm,0.581,282.1,2025-01-05 07:16:00
6197,197,logreg,0.569,233.7,2025-01-05 07:17:00
6198,198,rf,0.659,103.9,2025-01-05 07:18:00
6199,199,logreg,0.927,41.9,2025-01-05 07:19:00
6200,0,logreg,0.876,56.1,2025-01-05 07:20:00
6201,1,xgb,0.561,3.4,2025-01-05 07:21:00
6202,2,xgb,0.606,190.9,2025-01-05 07:22:00
6203,3,svm,0.715,9.8,2025-01-05 07:23:00
6204,4,logreg,0.651,270.3,2025-01-05 07:24:00
6205,5,svm,0.765,205.7,2025-01-05 07:25:00
6206,6,svm,0.682,67.6,2025-01-05 07:26:00
6207,7,logreg,0.66,29.8,2025-01-05 07:27:00
6208,8,xgb,0.762,94.4,2025-01-05 07:28:00
6209,9,logreg,0.907,290.9,2025-01-05 07:29:00
6210,10,svm,0.663,105.0,2025-01-05 07:30:00
6211,11,rf,0.581,248.8,2025-01-05 07:31:00
6212,12,rf,0.502,75.5,2025-01-05 07:32:00
6213,13,xgb,0.823,284.0,2025-01-05 07:33:00
6214,14,rf,0.955,234.0,2025-01-05 07:34:00
6215,15,xgb,0.952,192.4,2025-01-05 07:35:00
6216,16,logreg,0.742,128.3,2025-01-05 07:36:00
6217,17,svm,0.763,164.1,2025-01-05 07:37:00
6218,18,xgb,0.803,167.1,2025-01-05 07:38:00
6219,19,svm,0.772,52.1,2025-01-05 07:39:00
6220,20,svm,0.583,252.7,2025-01-05 07:40:00
6221,21,xgb,0.849,94.5,2025-01-05 07:41:00
6222,22,logreg,0.557,151.2,2025-01-05 07:42:00
6223,23,logreg,0.68,26.1,2025-01-05 07:43:00
6224,24,rf,0.527,275.0,2025-01-05 07:44:00
6225,25,rf,0.678,180.2,2025-01-05 07:45:00
6226,26,svm,0.72,92.9,2025-01-05 07:46:00
6227,27,logreg,0.613,110.5,2025-01-05 07:47:00
6228,28,xgb,0.675,43.2,2025-01-05 07:48:00
6229,29,logreg,0.928,219.8,2025-01-05 07:49:00
6230,30,svm,0.555,237.1,2025-01-05 07:50:00
6231,31,logreg,0.558,174.6,2025-01-05 07:51:00
6232,32,logreg,0.598,87.5,2025-01-05 07:52:00
6233,33,xgb,0.518,70.2,2025-01-05 07:53:00
6234,34,rf,0.609,38.3,2025-01-05 07:54:00
6235,35,xgb,0.706,262.3,2025-01-05 07:55:00
6236,36,rf,0.837,72.7,2025-01-05 07:56:00
6237,37,xgb,0.709,12.2,2025-01-05 07:57:00
6238,38,logreg,0.748,267.0,2025-01-05 07:58:00
6239,39,rf,0.673,53.1,2025-01-05 07:59:00
6240,40,logreg,0.596,86.3,2025-01-05 08:00:00
6241,41,logreg,0.59,205.6,2025-01-05 08:01:00
6242,42,svm,0.589,134.1,2025-01-05 08:02:00
6243,43,svm,0.7,249.7,2025-01-05 08:03:00
6244,44,xgb,0.954,219.0,2025-01-05 08:04:00
6245,45,logreg,0.898,235.5,2025-01-05 08:05:00
6246,46,rf,0.55,169.8,2025-01-05 08:06:00
6247,47,rf,0.675,206.0,2025-01-05 08:07:00
6248,48,xgb,0.643,260.9,2025-01-05 08:08:00
6249,49,logreg,0.543,144.3,2025-01-05 08:09:00
6250,50,logreg,0.957,178.2,2025-01-05 08:10:00
6251,51,logreg,0.789,20.5,2025-01-05 08:11:00
6252,52,svm,0.61,244.3,2025-01-05 08:12:00
6253,53,xgb,0.788,173.1,2025-01-05 08:13:00
6254,54,logreg,0.808,129.6,2025-01-05 08:14:00
6255,55,svm,0.526,176.7,2025-01-05 08:15:00
6256,56,rf,0.838,34.5,2025-01-05 08:16:00
6257,57,svm,0.735,173.7,2025-01-05 08:17:00
6258,58,xgb,0.908,205.4,2025-01-05 08:18:00
6259,59,svm,0.58,211.6,2025-01-05 08:19:00
6260,60,logreg,0.825,87.9,2025-01-05 08:20:00
6261,61,svm,0.583,89.1,2025-01-05 08:21:00
6262,62,svm,0.861,154.9,2025-01-05 08:22:00
6263,63,svm,0.803,281.8,2025-01-05 08:23:00
6264,64,logreg,0.786,132.0,2025-01-05 08:24:00
6265,65,svm,0.904,267.1,2025-01-05 08:25:00
6266,66,svm,0.811,171.7,2025-01-05 08:26:00
6267,67,xgb,0.963,222.8,2025-01-05 08:27:00
6268,68,rf,0.588,22.4,2025-01-05 08:28:00
6269,69,logreg,0.858,183.2,2025-01-05 08:29:00
6270,70,rf,0.902,90.5,2025-01-05 08:30:00
6271,71,xgb,0.813,272.3,2025-01-05 08:31:00
6272,72,logreg,0.94,139.2,2025-01-05 08:32:00
6273,73,svm,0.868,159.2,2025-01-05 08:33:00
6274,74,svm,0.953,243.5,2025-01-05 08:34:00
6275,75,svm,0.889,62.6,2025-01-05 08:35:00
6276,76,logreg,0.873,48.8,2025-01-05 08:36:00
6277,77,logreg,0.981,32.3,2025-01-05 08:37:00
6278,78,xgb,0.856,191.8,2025-01-05 08:38:00
6279,79,xgb,0.759,103.2,2025-01-05 08:39:00
6280,80,logreg,0.916,35.1,2025-01-05 08:40:00
6281,81,rf,0.783,183.3,2025-01-05 08:41:00
6282,82,logreg,0.909,24.9,2025-01-05 08:42:00
6283,83,svm,0.782,266.4,2025-01-05 08:43:00
6284,84,rf,0.862,185.5,2025-01-05 08:44:00
6285,85,xgb,0.908,134.1,2025-01-05 08:45:00
6286,86,rf,0.681,45.2,2025-01-05 08:46:00
6287,87,logreg,0.953,176.0,2025-01-05 08:47:00
6288,88,xgb,0.903,112.7,2025-01-05 08:48:00
6289,89,svm,0.865,162.0,2025-01-05 08:49:00
6290,90,rf,0.87,139.9,2025-01-05 08:50:00
6291,91,rf,0.877,201.0,2025-01-05 08:51:00
6292,92,xgb,0.562,119.0,2025-01-05 08:52:00
6293,93,rf,0.56,73.1,2025-01-05 08:53:00
6294,94,rf,0.505,287.6,2025-01-05 08:54:00
6295,95,xgb,0.918,295.4,2025-01-05 08:55:00
6296,96,svm,0.566,260.0,2025-01-05 08:56:00
6297,97,svm,0.559,217.3,2025-01-05 08:57:00
6298,98,rf,0.781,207.3,2025-01-05 08:58:00
6299,99,svm,0.905,239.5,2025-01-05 08:59:00
6300,100,rf,0.521,99.0,2025-01-05 09:00:00
6301,101,xgb,0.647,214.7,2025-01-05 09:01:00
6302,102,xgb,0.696,271.8,2025-01-05 09:02:00
6303,103,logreg,0.601,227.5,2025-01-05 09:03:00
6304,104,xgb,0.948,24.6,2025-01-05 09:04:00
6305,105,svm,0.75,180.3,2025-01-05 09:05:00
6306,106,xgb,0.602,73.4,2025-01-05 09:06:00
6307,107,rf,0.845,188.4,2025-01-05 09:07:00
6308,108,svm,0.978,293.0,2025-01-05 09:08:00
6309,109,logreg,0.544,190.2,2025-01-05 09:09:00
6310,110,svm,0.721,74.6,2025-01-05 09:10:00
6311,111,svm,0.922,246.3,2025-01-05 09:11:00
6312,112,xgb,0.787,170.9,2025-01-05 09:12:00
6313,113,svm,0.67,263.3,2025-01-05 09:13:00
6314,114,rf,0.686,74.6,2025-01-05 09:14:00
6315,115,rf,0.823,251.7,2025-01-05 09:15:00
6316,116,xgb,0.731,55.3,2025-01-05 09:16:00
6317,117,rf,0.919,163.9,2025-01-05 09:17:00
6318,118,logreg,0.988,195.4,2025-01-05 09:18:00
6319,119,logreg,0.502,274.3,2025-01-05 09:19:00
6320,120,svm,0.587,25.6,2025-01-05 09:20:00
6321,121,svm,0.626,245.3,2025-01-05 09:21:00
6322,122,logreg,0.538,268.1,2025-01-05 09:22:00
6323,123,logreg,0.97,97.7,2025-01-05 09:23:00
6324,124,xgb,0.664,261.8,2025-01-05 09:24:00
6325,125,svm,0.701,80.4,2025-01-05 09:25:00
6326,126,svm,0.972,12.2,2025-01-05 09:26:00
6327,127,rf,0.566,294.1,2025-01-05 09:27:00
6328,128,rf,0.629,146.5,2025-01-05 09:28:00
6329,129,xgb,0.707,280.2,2025-01-05 09:29:00
6330,130,rf,0.629,78.5,2025-01-05 09:30:00
6331,131,svm,0.722,159.1,2025-01-05 09:31:00
6332,132,xgb,0.79,238.5,2025-01-05 09:32:00
6333,133,rf,0.782,173.0,2025-01-05 09:33:00
6334,134,rf,0.705,121.2,2025-01-05 09:34:00
6335,135,rf,0.779,52.8,2025-01-05 09:35:00
6336,136,svm,0.96,153.2,2025-01-05 09:36:00
6337,137,svm,0.927,226.6,2025-01-05 09:37:00
6338,138,svm,0.555,212.4,2025-01-05 09:38:00
6339,139,svm,0.763,267.9,2025-01-05 09:39:00
6340,140,xgb,0.914,37.9,2025-01-05 09:40:00
6341,141,svm,0.935,7.4,2025-01-05 09:41:00
6342,142,logreg,0.895,288.0,2025-01-05 09:42:00
6343,143,rf,0.887,227.5,2025-01-05 09:43:00
6344,144,svm,0.88,229.9,2025-01-05 09:44:00
6345,145,rf,0.6,284.2,2025-01-05 09:45:00
6346,146,rf,0.749,62.5,2025-01-05 09:46:00
6347,147,logreg,0.717,224.5,2025-01-05 09:47:00
6348,148,xgb,0.859,65.1,2025-01-05 09:48:00
6349,149,svm,0.873,135.4,2025-01-05 09:49:00
6350,150,svm,0.546,215.5,2025-01-05 09:50:00
6351,151,rf,0.805,34.7,2025-01-05 09:51:00
6352,152,svm,0.595,247.9,2025-01-05 09:52:00
6353,153,logreg,0.975,56.7,2025-01-05 09:53:00
6354,154,xgb,0.694,105.3,2025-01-05 09:54:00
6355,155,xgb,0.975,277.2,2025-01-05 09:55:00
6356,156,rf,0.821,51.9,2025-01-05 09:56:00
6357,157,xgb,0.938,183.8,2025-01-05 09:57:00
6358,158,svm,0.721,41.1,2025-01-05 09:58:00
6359,159,svm,0.871,20.8,2025-01-05 09:59:00
6360,160,rf,0.847,148.9,2025-01-05 10:00:00
6361,161,svm,0.549,65.3,2025-01-05 10:01:00
6362,162,svm,0.682,234.5,2025-01-05 10:02:00
6363,163,rf,0.529,145.3,2025-01-05 10:03:00
6364,164,svm,0.548,190.7,2025-01-05 10:04:00
6365,165,xgb,0.571,83.8,2025-01-05 10:05:00
6366,166,logreg,0.514,219.3,2025-01-05 10:06:00
6367,167,logreg,0.574,117.5,2025-01-05 10:07:00
6368,168,svm,0.924,172.7,2025-01-05 10:08:00
6369,169,xgb,0.59,112.6,2025-01-05 10:09:00
6370,170,logreg,0.913,238.2,2025-01-05 10:10:00
6371,171,xgb,0.642,80.2,2025-01-05 10:11:00
6372,172,xgb,0.584,30.8,2025-01-05 10:12:00
6373,173,rf,0.517,92.3,2025-01-05 10:13:00
6374,174,logreg,0.549,115.1,2025-01-05 10:14:00
6375,175,rf,0.733,45.6,2025-01-05 10:15:00
6376,176,logreg,0.72,196.2,2025-01-05 10:16:00
6377,177,rf,0.958,46.3,2025-01-05 10:17:00
6378,178,rf,0.516,101.2,2025-01-05 10:18:00
6379,179,xgb,0.692,241.0,2025-01-05 10:19:00
6380,180,xgb,0.534,108.8,2025-01-05 10:20:00
6381,181,logreg,0.97,175.4,2025-01-05 10:21:00
6382,182,rf,0.666,143.3,2025-01-05 10:22:00
6383,183,svm,0.515,29.6,2025-01-05 10:23:00
6384,184,xgb,0.567,286.6,2025-01-05 10:24:00
6385,185,rf,0.513,139.0,2025-01-05 10:25:00
6386,186,logreg,0.544,226.0,2025-01-05 10:26:00
6387,187,rf,0.821,52.3,2025-01-05 10:27:00
6388,188,rf,0.553,162.6,2025-01-05 10:28:00
6389,189,logreg,0.778,223.2,2025-01-05 10:29:00
6390,190,logreg,0.933,196.9,2025-01-05 10:30:00
6391,191,logreg,0.57,36.9,2025-01-05 10:31:00
6392,192,svm,0.655,276.7,2025-01-05 10:32:00
6393,193,svm,0.864,237.9,2025-01-05 10:33:00
6394,194,logreg,0.554,51.0,2025-01-05 10:34:00
6395,195,rf,0.732,2.9,2025-01-05 10:35:00
6396,196,svm,0.65,122.7,2025-01-05 10:36:00
6397,197,xgb,0.904,228.1,2025-01-05 10:37:00
6398,198,svm,0.92,279.3,2025-01-05 10:38:00
6399,199,xgb,0.59,44.1,2025-01-05 10:39:00
6400,0,logreg,0.508,103.4,2025-01-05 10:40:00
6401,1,xgb,0.947,81.7,2025-01-05 10:41:00
6402,2,rf,0.57,220.0,2025-01-05 10:42:00
6403,3,rf,0.786,92.2,2025-01-05 10:43:00
6404,4,logreg,0.891,142.9,2025-01-05 10:44:00
6405,5,xgb,0.684,7.8,2025-01-05 10:45:00
6406,6,xgb,0.706,188.0,2025-01-05 10:46:00
6407,7,svm,0.546,277.0,2025-01-05 10:47:00
6408,8,logreg,0.7,195.8,2025-01-05 10:48:00
6409,9,svm,0.853,8.2,2025-01-05 10:49:00
6410,10,xgb,0.632,104.1,2025-01-05 10:50:00
6411,11,svm,0.786,105.9,2025-01-05 10:51:00
6412,12,logreg,0.518,32.6,2025-01-05 10:52:00
6413,13,rf,0.657,279.1,2025-01-05 10:53:00
6414,14,rf,0.584,129.5,2025-01-05 10:54:00
6415,15,logreg,0.987,211.2,2025-01-05 10:55:00
6416,16,logreg,0.625,167.2,2025-01-05 10:56:00
6417,17,logreg,0.562,139.6,2025-01-05 10:57:00
6418,18,rf,0.945,150.6,2025-01-05 10:58:00
6419,19,svm,0.653,78.4,2025-01-05 10:59:00
6420,20,xgb,0.715,197.5,2025-01-05 11:00:00
6421,21,rf,0.979,33.8,2025-01-05 11:01:00
6422,22,rf,0.74,186.3,2025-01-05 11:02:00
6423,23,xgb,0.542,90.9,2025-01-05 11:03:00
6424,24,rf,0.698,221.4,2025-01-05 11:04:00
6425,25,xgb,0.693,288.6,2025-01-05 11:05:00
6426,26,xgb,0.908,235.8,2025-01-05 11:06:00
6427,27,xgb,0.637,81.4,2025-01-05 11:07:00
6428,28,logreg,0.633,283.4,2025-01-05 11:08:00
6429,29,rf,0.747,36.1,2025-01-05 11:09:00
6430,30,logreg,0.656,130.1,2025-01-05 11:10:00
6431,31,xgb,0.85,3.9,2025-01-05 11:11:00
6432,32,rf,0.989,60.6,2025-01-05 11:12:00
6433,33,logreg,0.836,223.0,2025-01-05 11:13:00
6434,34,rf,0.676,99.3,2025-01-05 11:14:00
6435,35,xgb,0.873,1.6,2025-01-05 11:15:00
6436,36,rf,0.509,156.2,2025-01-05 11:16:00
6437,37,xgb,0.889,223.4,2025-01-05 11:17:00
6438,38,logreg,0.722,178.5,2025-01-05 11:18:00
6439,39,rf,0.502,156.8,2025-01-05 11:19:00
6440,40,rf,0.559,36.6,2025-01-05 11:20:00
6441,41,rf,0.511,286.5,2025-01-05 11:21:00
6442,42,rf,0.688,226.1,2025-01-05 11:22:00
6443,43,xgb,0.902,42.5,2025-01-05 11:23:00
6444,44,logreg,0.599,137.6,2025-01-05 11:24:00
6445,45,logreg,0.863,185.7,2025-01-05 11:25:00
6446,46,logreg,0.504,238.8,2025-01-05 11:26:00
6447,47,svm,0.647,296.7,2025-01-05 11:27:00
6448,48,rf,0.962,260.1,2025-01-05 11:28:00
6449,49,logreg,0.735,78.1,2025-01-05 11:29:00
6450,50,xgb,0.52,7.9,2025-01-05 11:30:00
6451,51,svm,0.835,75.5,2025-01-05 11:31:00
6452,52,rf,0.936,217.2,2025-01-05 11:32:00
6453,53,xgb,0.967,25.7,2025-01-05 11:33:00
6454,54,rf,0.756,26.5,2025-01-05 11:34:00
6455,55,rf,0.824,167.0,2025-01-05 11:35:00
6456,56,svm,0.84,99.6,2025-01-05 11:36:00
6457,57,xgb,0.872,288.9,2025-01-05 11:37:00
6458,58,svm,0.574,6.4,2025-01-05 11:38:00
6459,59,svm,0.894,199.8,2025-01-05 11:39:00
6460,60,rf,0.678,97.9,2025-01-05 11:40:00
6461,61,xgb,0.636,123.9,2025-01-05 11:41:00
6462,62,logreg,0.658,283.1,2025-01-05 11:42:00
6463,63,svm,0.639,267.3,2025-01-05 11:43:00
6464,64,svm,0.923,130.2,2025-01-05 11:44:00
6465,65,xgb,0.851,29.6,2025-01-05 11:45:00
6466,66,xgb,0.631,193.5,2025-01-05 11:46:00
6467,67,rf,0.897,212.2,2025-01-05 11:47:00
6468,68,rf,0.837,46.5,2025-01-05 11:48:00
6469,69,xgb,0.82,154.5,2025-01-05 11:49:00
6470,70,svm,0.974,45.6,2025-01-05 11:50:00
6471,71,logreg,0.569,159.7,2025-01-05 11:51:00
6472,72,rf,0.743,207.0,2025-01-05 11:52:00
6473,73,xgb,0.729,237.1,2025-01-05 11:53:00
6474,74,svm,0.812,58.6,2025-01-05 11:54:00
6475,75,svm,0.578,279.2,2025-01-05 11:55:00
6476,76,svm,0.988,6.2,2025-01-05 11:56:00
6477,77,svm,0.543,186.3,2025-01-05 11:57:00
6478,78,xgb,0.77,100.3,2025-01-05 11:58:00
6479,79,rf,0.836,281.5,2025-01-05 11:59:00
6480,80,xgb,0.885,292.4,2025-01-05 12:00:00
6481,81,svm,0.777,86.8,2025-01-05 12:01:00
6482,82,logreg,0.556,10.5,2025-01-05 12:02:00
6483,83,logreg,0.795,66.5,2025-01-05 12:03:00
6484,84,svm,0.709,8.0,2025-01-05 12:04:00
6485,85,rf,0.563,73.4,2025-01-05 12:05:00
6486,86,xgb,0.725,9.9,2025-01-05 12:06:00
6487,87,xgb,0.598,271.3,2025-01-05 12:07:00
6488,88,logreg,0.534,27.8,2025-01-05 12:08:00
6489,89,rf,0.821,80.1,2025-01-05 12:09:00
6490,90,svm,0.506,220.9,2025-01-05 12:10:00
6491,91,logreg,0.868,68.1,2025-01-05 12:11:00
6492,92,svm,0.653,217.9,2025-01-05 12:12:00
6493,93,svm,0.821,268.3,2025-01-05 12:13:00
6494,94,logreg,0.705,66.4,2025-01-05 12:14:00
6495,95,svm,0.688,290.0,2025-01-05 12:15:00
6496,96,rf,0.805,100.5,2025-01-05 12:16:00
6497,97,rf,0.679,216.0,2025-01-05 12:17:00
6498,98,xgb,0.972,93.4,2025-01-05 12:18:00
6499,99,xgb,0.627,105.6,2025-01-05 12:19:00
6500,100,logreg,0.541,299.8,2025-01-05 12:20:00
6501,101,xgb,0.58,96.0,2025-01-05 12:21:00
6502,102,rf,0.867,38.7,2025-01-05 12:22:00
6503,103,logreg,0.827,55.8,2025-01-05 12:23:00
6504,104,logreg,0.984,153.3,2025-01-05 12:24:00
6505,105,logreg,0.845,116.8,2025-01-05 12:25:00
6506,106,svm,0.957,235.2,2025-01-05 12:26:00
6507,107,xgb,0.919,83.5,2025-01-05 12:27:00
6508,108,rf,0.969,186.8,2025-01-05 12:28:00
6509,109,logreg,0.933,123.2,2025-01-05 12:29:00
6510,110,logreg,0.75,253.4,2025-01-05 12:30:00
6511,111,svm,0.732,249.1,2025-01-05 12:31:00
6512,112,xgb,0.783,192.1,2025-01-05 12:32:00
6513,113,svm,0.507,124.4,2025-01-05 12:33:00
6514,114,rf,0.895,91.7,2025-01-05 12:34:00
6515,115,logreg,0.987,292.1,2025-01-05 12:35:00
6516,116,xgb,0.615,259.4,2025-01-05 12:36:00
6517,117,xgb,0.651,92.9,2025-01-05 12:37:00
6518,118,logreg,0.931,226.4,2025-01-05 12:38:00
6519,119,xgb,0.964,46.1,2025-01-05 12:39:00
6520,120,svm,0.887,130.4,2025-01-05 12:40:00
6521,121,svm,0.796,225.6,2025-01-05 12:41:00
6522,122,xgb,0.675,172.9,2025-01-05 12:42:00
6523,123,xgb,0.508,120.5,2025-01-05 12:43:00
6524,124,svm,0.893,193.2,2025-01-05 12:44:00
6525,125,rf,0.876,31.2,2025-01-05 12:45:00
6526,126,logreg,0.879,164.5,2025-01-05 12:46:00
6527,127,rf,0.76,139.6,2025-01-05 12:47:00
6528,128,rf,0.92,129.3,2025-01-05 12:48:00
6529,129,svm,0.61,203.5,2025-01-05 12:49:00
6530,130,svm,0.745,259.3,2025-01-05 12:50:00
6531,131,xgb,0.855,158.9,2025-01-05 12:51:00
6532,132,svm,0.787,126.5,2025-01-05 12:52:00
6533,133,rf,0.987,122.1,2025-01-05 12:53:00
6534,134,rf,0.67,30.4,2025-01-05 12:54:00
6535,135,rf,0.987,55.3,2025-01-05 12:55:00
6536,136,xgb,0.899,111.9,2025-01-05 12:56:00
6537,137,xgb,0.822,84.4,2025-01-05 12:57:00
6538,138,xgb,0.621,9.8,2025-01-05 12:58:00
6539,139,logreg,0.525,183.8,2025-01-05 12:59:00
6540,140,logreg,0.502,283.8,2025-01-05 13:00:00
6541,141,logreg,0.57,214.3,2025-01-05 13:01:00
6542,142,logreg,0.526,18.5,2025-01-05 13:02:00
6543,143,xgb,0.531,210.0,2025-01-05 13:03:00
6544,144,rf,0.791,165.7,2025-01-05 13:04:00
6545,145,rf,0.539,242.5,2025-01-05 13:05:00
6546,146,rf,0.96,63.7,2025-01-05 13:06:00
6547,147,logreg,0.899,73.0,2025-01-05 13:07:00
6548,148,logreg,0.866,177.3,2025-01-05 13:08:00
6549,149,logreg,0.873,166.9,2025-01-05 13:09:00
6550,150,rf,0.883,32.4,2025-01-05 13:10:00
6551,151,logreg,0.933,47.5,2025-01-05 13:11:00
6552,152,svm,0.835,185.4,2025-01-05 13:12:00
6553,153,rf,0.854,78.3,2025-01-05 13:13:00
6554,154,svm,0.914,191.2,2025-01-05 13:14:00
6555,155,svm,0.925,276.5,2025-01-05 13:15:00
6556,156,rf,0.538,287.5,2025-01-05 13:16:00
6557,157,svm,0.609,159.5,2025-01-05 13:17:00
6558,158,rf,0.511,276.9,2025-01-05 13:18:00
6559,159,logreg,0.756,2.0,2025-01-05 13:19:00
6560,160,xgb,0.882,180.0,2025-01-05 13:20:00
6561,161,rf,0.85,140.9,2025-01-05 13:21:00
6562,162,logreg,0.552,9.2,2025-01-05 13:22:00
6563,163,rf,0.882,141.5,2025-01-05 13:23:00
6564,164,xgb,0.564,61.6,2025-01-05 13:24:00
6565,165,logreg,0.623,147.6,2025-01-05 13:25:00
6566,166,rf,0.762,146.1,2025-01-05 13:26:00
6567,167,xgb,0.52,263.6,2025-01-05 13:27:00
6568,168,rf,0.941,3.1,2025-01-05 13:28:00
6569,169,svm,0.768,202.4,2025-01-05 13:29:00
6570,170,svm,0.884,140.2,2025-01-05 13:30:00
6571,171,rf,0.507,195.7,2025-01-05 13:31:00
6572,172,svm,0.595,230.6,2025-01-05 13:32:00
6573,173,xgb,0.929,289.2,2025-01-05 13:33:00
6574,174,xgb,0.975,37.3,2025-01-05 13:34:00
6575,175,rf,0.887,116.0,2025-01-05 13:35:00
6576,176,logreg,0.77,254.2,2025-01-05 13:36:00
6577,177,svm,0.695,142.2,2025-01-05 13:37:00
6578,178,logreg,0.892,205.0,2025-01-05 13:38:00
6579,179,svm,0.532,186.3,2025-01-05 13:39:00
6580,180,rf,0.62,255.1,2025-01-05 13:40:00
6581,181,svm,0.842,281.9,2025-01-05 13:41:00
6582,182,xgb,0.544,17.4,2025-01-05 13:42:00
6583,183,rf,0.911,268.5,2025-01-05 13:43:00
6584,184,xgb,0.69,2.3,2025-01-05 13:44:00
6585,185,rf,0.607,109.8,2025-01-05 13:45:00
6586,186,svm,0.937,47.8,2025-01-05 13:46:00
6587,187,xgb,0.844,208.8,2025-01-05 13:47:00
6588,188,xgb,0.783,87.3,2025-01-05 13:48:00
6589,189,svm,0.747,66.9,2025-01-05 13:49:00
6590,190,rf,0.648,33.0,2025-01-05 13:50:00
6591,191,logreg,0.794,243.0,2025-01-05 13:51:00
6592,192,rf,0.655,69.4,2025-01-05 13:52:00
6593,193,xgb,0.549,273.6,2025-01-05 13:53:00
6594,194,logreg,0.733,110.1,2025-01-05 13:54:00
6595,195,logreg,0.842,121.9,2025-01-05 13:55:00
6596,196,xgb,0.613,260.5,2025-01-05 13:56:00
6597,197,svm,0.614,165.4,2025-01-05 13:57:00
6598,198,rf,0.502,6.1,2025-01-05 13:58:00
6599,199,rf,0.931,83.6,2025-01-05 13:59:00
6600,0,logreg,0.706,230.8,2025-01-05 14:00:00
6601,1,xgb,0.74,246.3,2025-01-05 14:01:00
6602,2,logreg,0.919,37.6,2025-01-05 14:02:00
6603,3,logreg,0.621,101.8,2025-01-05 14:03:00
6604,4,rf,0.567,231.4,2025-01-05 14:04:00
6605,5,logreg,0.945,99.5,2025-01-05 14:05:00
6606,6,rf,0.566,178.1,2025-01-05 14:06:00
6607,7,logreg,0.748,103.1,2025-01-05 14:07:00
6608,8,svm,0.576,256.4,2025-01-05 14:08:00
6609,9,rf,0.874,243.8,2025-01-05 14:09:00
6610,10,logreg,0.579,220.6,2025-01-05 14:10:00
6611,11,rf,0.575,236.2,2025-01-05 14:11:00
6612,12,logreg,0.872,252.9,2025-01-05 14:12:00
6613,13,svm,0.878,127.4,2025-01-05 14:13:00
6614,14,logreg,0.73,12.0,2025-01-05 14:14:00
6615,15,rf,0.716,9.2,2025-01-05 14:15:00
6616,16,xgb,0.53,150.5,2025-01-05 14:16:00
6617,17,rf,0.677,241.8,2025-01-05 14:17:00
6618,18,logreg,0.76,192.7,2025-01-05 14:18:00
6619,19,xgb,0.736,217.1,2025-01-05 14:19:00
6620,20,xgb,0.548,96.1,2025-01-05 14:20:00
6621,21,xgb,0.76,233.1,2025-01-05 14:21:00
6622,22,logreg,0.645,22.8,2025-01-05 14:22:00
6623,23,svm,0.747,98.0,2025-01-05 14:23:00
6624,24,logreg,0.829,115.6,2025-01-05 14:24:00
6625,25,xgb,0.776,100.4,2025-01-05 14:25:00
6626,26,logreg,0.836,121.4,2025-01-05 14:26:00
6627,27,xgb,0.938,56.6,2025-01-05 14:27:00
6628,28,svm,0.989,135.2,2025-01-05 14:28:00
6629,29,logreg,0.623,4.1,2025-01-05 14:29:00
6630,30,logreg,0.835,44.0,2025-01-05 14:30:00
6631,31,rf,0.921,212.2,2025-01-05 14:31:00
6632,32,svm,0.602,165.0,2025-01-05 14:32:00
6633,33,logreg,0.733,207.8,2025-01-05 14:33:00
6634,34,svm,0.796,66.1,2025-01-05 14:34:00
6635,35,logreg,0.854,250.9,2025-01-05 14:35:00
6636,36,rf,0.699,201.9,2025-01-05 14:36:00
6637,37,rf,0.891,155.6,2025-01-05 14:37:00
6638,38,logreg,0.79,70.9,2025-01-05 14:38:00
6639,39,rf,0.84,234.3,2025-01-05 14:39:00
6640,40,xgb,0.627,104.7,2025-01-05 14:40:00
6641,41,rf,0.837,283.1,2025-01-05 14:41:00
6642,42,xgb,0.732,173.7,2025-01-05 14:42:00
6643,43,rf,0.969,98.9,2025-01-05 14:43:00
6644,44,logreg,0.71,78.0,2025-01-05 14:44:00
6645,45,rf,0.654,204.9,2025-01-05 14:45:00
6646,46,svm,0.702,18.3,2025-01-05 14:46:00
6647,47,logreg,0.745,264.7,2025-01-05 14:47:00
6648,48,logreg,0.848,103.9,2025-01-05 14:48:00
6649,49,xgb,0.714,24.0,2025-01-05 14:49:00
6650,50,rf,0.618,234.6,2025-01-05 14:50:00
6651,51,svm,0.572,55.1,2025-01-05 14:51:00
6652,52,xgb,0.922,225.1,2025-01-05 14:52:00
6653,53,xgb,0.723,62.7,2025-01-05 14:53:00
6654,54,rf,0.846,53.5,2025-01-05 14:54:00
6655,55,xgb,0.736,32.8,2025-01-05 14:55:00
6656,56,rf,0.91,249.2,2025-01-05 14:56:00
6657,57,logreg,0.709,37.1,2025-01-05 14:57:00
6658,58,logreg,0.552,50.2,2025-01-05 14:58:00
6659,59,svm,0.577,265.0,2025-01-05 14:59:00
6660,60,svm,0.556,81.2,2025-01-05 15:00:00
6661,61,logreg,0.783,70.6,2025-01-05 15:01:00
6662,62,svm,0.586,32.0,2025-01-05 15:02:00
6663,63,logreg,0.968,3.4,2025-01-05 15:03:00
6664,64,xgb,0.592,269.6,2025-01-05 15:04:00
6665,65,logreg,0.988,295.2,2025-01-05 15:05:00
6666,66,rf,0.547,293.8,2025-01-05 15:06:00
6667,67,svm,0.59,119.9,2025-01-05 15:07:00
6668,68,logreg,0.906,19.1,2025-01-05 15:08:00
6669,69,rf,0.925,135.7,2025-01-05 15:09:00
6670,70,rf,0.952,242.1,2025-01-05 15:10:00
6671,71,rf,0.696,59.0,2025-01-05 15:11:00
6672,72,rf,0.935,205.9,2025-01-05 15:12:00
6673,73,rf,0.643,60.3,2025-01-05 15:13:00
6674,74,xgb,0.703,138.2,2025-01-05 15:14:00
6675,75,svm,0.949,113.6,2025-01-05 15:15:00
6676,76,xgb,0.918,259.0,2025-01-05 15:16:00
6677,77,logreg,0.578,84.3,2025-01-05 15:17:00
6678,78,logreg,0.712,73.3,2025-01-05 15:18:00
6679,79,rf,0.765,287.4,2025-01-05 15:19:00
6680,80,rf,0.863,227.1,2025-01-05 15:20:00
6681,81,svm,0.627,47.7,2025-01-05 15:21:00
6682,82,svm,0.802,184.2,2025-01-05 15:22:00
6683,83,svm,0.553,181.5,2025-01-05 15:23:00
6684,84,xgb,0.562,210.5,2025-01-05 15:24:00
6685,85,logreg,0.588,258.5,2025-01-05 15:25:00
6686,86,xgb,0.938,36.2,2025-01-05 15:26:00
6687,87,logreg,0.609,196.0,2025-01-05 15:27:00
6688,88,svm,0.978,169.4,2025-01-05 15:28:00
6689,89,logreg,0.529,249.3,2025-01-05 15:29:00
6690,90,logreg,0.722,194.1,2025-01-05 15:30:00
6691,91,xgb,0.722,50.7,2025-01-05 15:31:00
6692,92,svm,0.674,62.4,2025-01-05 15:32:00
6693,93,logreg,0.63,224.9,2025-01-05 15:33:00
6694,94,svm,0.511,217.1,2025-01-05 15:34:00
6695,95,logreg,0.648,1.8,2025-01-05 15:35:00
6696,96,logreg,0.987,226.3,2025-01-05 15:36:00
6697,97,rf,0.583,164.1,2025-01-05 15:37:00
6698,98,rf,0.777,252.9,2025-01-05 15:38:00
6699,99,xgb,0.792,50.6,2025-01-05 15:39:00
6700,100,rf,0.943,233.2,2025-01-05 15:40:00
6701,101,svm,0.932,72.2,2025-01-05 15:41:00
6702,102,rf,0.637,163.1,2025-01-05 15:42:00
6703,103,rf,0.787,52.8,2025-01-05 15:43:00
6704,104,xgb,0.671,58.5,2025-01-05 15:44:00
6705,105,xgb,0.585,287.3,2025-01-05 15:45:00
6706,106,xgb,0.675,13.2,2025-01-05 15:46:00
6707,107,svm,0.944,241.8,2025-01-05 15:47:00
6708,108,svm,0.918,18.8,2025-01-05 15:48:00
6709,109,xgb,0.985,85.8,2025-01-05 15:49:00
6710,110,rf,0.611,122.0,2025-01-05 15:50:00
6711,111,svm,0.841,63.2,2025-01-05 15:51:00
6712,112,xgb,0.87,74.4,2025-01-05 15:52:00
6713,113,xgb,0.644,74.6,2025-01-05 15:53:00
6714,114,xgb,0.79,40.5,2025-01-05 15:54:00
6715,115,rf,0.67,224.2,2025-01-05 15:55:00
6716,116,xgb,0.56,249.7,2025-01-05 15:56:00
6717,117,svm,0.869,28.0,2025-01-05 15:57:00
6718,118,rf,0.718,100.7,2025-01-05 15:58:00
6719,119,logreg,0.653,262.5,2025-01-05 15:59:00
6720,120,xgb,0.966,36.3,2025-01-05 16:00:00
6721,121,xgb,0.974,121.0,2025-01-05 16:01:00
6722,122,rf,0.736,93.4,2025-01-05 16:02:00
6723,123,svm,0.636,20.6,2025-01-05 16:03:00
6724,124,rf,0.688,179.0,2025-01-05 16:04:00
6725,125,svm,0.814,170.3,2025-01-05 16:05:00
6726,126,logreg,0.668,295.8,2025-01-05 16:06:00
6727,127,rf,0.787,55.1,2025-01-05 16:07:00
6728,128,logreg,0.537,69.5,2025-01-05 16:08:00
6729,129,logreg,0.682,217.0,2025-01-05 16:09:00
6730,130,xgb,0.963,256.6,2025-01-05 16:10:00
6731,131,svm,0.732,46.2,2025-01-05 16:11:00
6732,132,logreg,0.623,31.8,2025-01-05 16:12:00
6733,133,xgb,0.844,267.2,2025-01-05 16:13:00
6734,134,logreg,0.559,242.8,2025-01-05 16:14:00
6735,135,xgb,0.513,171.8,2025-01-05 16:15:00
6736,136,xgb,0.823,263.9,2025-01-05 16:16:00
6737,137,svm,0.655,42.1,2025-01-05 16:17:00
6738,138,rf,0.594,211.8,2025-01-05 16:18:00
6739,139,rf,0.673,69.9,2025-01-05 16:19:00
6740,140,svm,0.674,96.0,2025-01-05 16:20:00
6741,141,svm,0.603,231.8,2025-01-05 16:21:00
6742,142,rf,0.785,32.4,2025-01-05 16:22:00
6743,143,xgb,0.826,15.8,2025-01-05 16:23:00
6744,144,logreg,0.738,177.8,2025-01-05 16:24:00
6745,145,xgb,0.628,182.0,2025-01-05 16:25:00
6746,146,xgb,0.683,222.6,2025-01-05 16:26:00
6747,147,xgb,0.575,28.9,2025-01-05 16:27:00
6748,148,xgb,0.847,77.1,2025-01-05 16:28:00
6749,149,svm,0.843,162.4,2025-01-05 16:29:00
6750,150,rf,0.789,221.1,2025-01-05 16:30:00
6751,151,rf,0.648,163.3,2025-01-05 16:31:00
6752,152,logreg,0.52,148.3,2025-01-05 16:32:00
6753,153,logreg,0.906,60.3,2025-01-05 16:33:00
6754,154,xgb,0.932,227.5,2025-01-05 16:34:00
6755,155,logreg,0.674,108.0,2025-01-05 16:35:00
6756,156,rf,0.581,140.7,2025-01-05 16:36:00
6757,157,svm,0.97,83.2,2025-01-05 16:37:00
6758,158,svm,0.812,235.9,2025-01-05 16:38:00
6759,159,svm,0.86,159.6,2025-01-05 16:39:00
6760,160,xgb,0.977,96.9,2025-01-05 16:40:00
6761,161,logreg,0.848,143.9,2025-01-05 16:41:00
6762,162,logreg,0.886,6.4,2025-01-05 16:42:00
6763,163,svm,0.695,38.5,2025-01-05 16:43:00
6764,164,xgb,0.678,277.3,2025-01-05 16:44:00
6765,165,svm,0.861,25.0,2025-01-05 16:45:00
6766,166,logreg,0.583,48.5,2025-01-05 16:46:00
6767,167,xgb,0.926,3.6,2025-01-05 16:47:00
6768,168,rf,0.761,106.4,2025-01-05 16:48:00
6769,169,logreg,0.582,265.0,2025-01-05 16:49:00
6770,170,svm,0.719,166.2,2025-01-05 16:50:00
6771,171,xgb,0.789,76.3,2025-01-05 16:51:00
6772,172,xgb,0.817,28.1,2025-01-05 16:52:00
6773,173,xgb,0.889,74.5,2025-01-05 16:53:00
6774,174,svm,0.543,171.3,2025-01-05 16:54:00
6775,175,xgb,0.791,236.6,2025-01-05 16:55:00
6776,176,logreg,0.693,249.6,2025-01-05 16:56:00
6777,177,logreg,0.519,123.6,2025-01-05 16:57:00
6778,178,rf,0.629,249.5,2025-01-05 16:58:00
6779,179,svm,0.906,16.7,2025-01-05 16:59:00
6780,180,svm,0.711,56.3,2025-01-05 17:00:00
6781,181,logreg,0.91,194.5,2025-01-05 17:01:00
6782,182,rf,0.851,184.7,2025-01-05 17:02:00
6783,183,rf,0.861,26.2,2025-01-05 17:03:00
6784,184,xgb,0.62,229.1,2025-01-05 17:04:00
6785,185,xgb,0.566,90.1,2025-01-05 17:05:00
6786,186,logreg,0.546,284.9,2025-01-05 17:06:00
6787,187,xgb,0.687,2.7,2025-01-05 17:07:00
6788,188,rf,0.706,7.4,2025-01-05 17:08:00
6789,189,xgb,0.726,198.1,2025-01-05 17:09:00
6790,190,svm,0.696,120.7,2025-01-05 17:10:00
6791,191,logreg,0.907,17.4,2025-01-05 17:11:00
6792,192,logreg,0.926,117.9,2025-01-05 17:12:00
6793,193,xgb,0.847,214.3,2025-01-05 17:13:00
6794,194,svm,0.505,172.2,2025-01-05 17:14:00
6795,195,xgb,0.727,60.8,2025-01-05 17:15:00
6796,196,logreg,0.544,248.0,2025-01-05 17:16:00
6797,197,xgb,0.92,202.3,2025-01-05 17:17:00
6798,198,xgb,0.982,265.9,2025-01-05 17:18:00
6799,199,logreg,0.556,193.2,2025-01-05 17:19:00
6800,0,svm,0.639,28.9,2025-01-05 17:20:00
6801,1,logreg,0.647,281.7,2025-01-05 17:21:00
6802,2,rf,0.691,83.5,2025-01-05 17:22:00
6803,3,svm,0.557,224.9,2025-01-05 17:23:00
6804,4,logreg,0.588,141.5,2025-01-05 17:24:00
6805,5,logreg,0.756,143.5,2025-01-05 17:25:00
6806,6,logreg,0.938,225.9,2025-01-05 17:26:00
6807,7,logreg,0.921,63.3,2025-01-05 17:27:00
6808,8,svm,0.796,54.8,2025-01-05 17:28:00
6809,9,rf,0.901,264.1,2025-01-05 17:29:00
6810,10,rf,0.732,257.6,2025-01-05 17:30:00
6811,11,rf,0.751,133.0,2025-01-05 17:31:00
6812,12,rf,0.91,148.8,2025-01-05 17:32:00
6813,13,xgb,0.584,209.5,2025-01-05 17:33:00
6814,14,rf,0.932,86.8,2025-01-05 17:34:00
6815,15,xgb,0.718,80.7,2025-01-05 17:35:00
6816,16,svm,0.538,149.4,2025-01-05 17:36:00
6817,17,xgb,0.632,129.1,2025-01-05 17:37:00
6818,18,svm,0.89,150.8,2025-01-05 17:38:00
6819,19,logreg,0.781,135.1,2025-01-05 17:39:00
6820,20,rf,0.581,262.4,2025-01-05 17:40:00
6821,21,svm,0.865,114.2,2025-01-05 17:41:00
6822,22,xgb,0.705,170.8,2025-01-05 17:42:00
6823,23,svm,0.837,52.7,2025-01-05 17:43:00
6824,24,logreg,0.86,80.6,2025-01-05 17:44:00
6825,25,rf,0.98,2.0,2025-01-05 17:45:00
6826,26,svm,0.611,262.4,2025-01-05 17:46:00
6827,27,svm,0.736,283.1,2025-01-05 17:47:00
6828,28,xgb,0.545,218.1,2025-01-05 17:48:00
6829,29,xgb,0.657,177.4,2025-01-05 17:49:00
6830,30,rf,0.909,10.7,2025-01-05 17:50:00
6831,31,xgb,0.734,24.2,2025-01-05 17:51:00
6832,32,logreg,0.524,147.1,2025-01-05 17:52:00
6833,33,logreg,0.861,88.8,2025-01-05 17:53:00
6834,34,logreg,0.748,272.1,2025-01-05 17:54:00
6835,35,svm,0.635,137.7,2025-01-05 17:55:00
6836,36,logreg,0.857,25.6,2025-01-05 17:56:00
6837,37,logreg,0.913,288.9,2025-01-05 17:57:00
6838,38,svm,0.93,77.7,2025-01-05 17:58:00
6839,39,logreg,0.916,40.3,2025-01-05 17:59:00
6840,40,logreg,0.87,121.8,2025-01-05 18:00:00
6841,41,rf,0.68,89.8,2025-01-05 18:01:00
6842,42,rf,0.755,245.1,2025-01-05 18:02:00
6843,43,rf,0.96,45.6,2025-01-05 18:03:00
6844,44,logreg,0.953,50.9,2025-01-05 18:04:00
6845,45,rf,0.505,155.6,2025-01-05 18:05:00
6846,46,svm,0.52,136.9,2025-01-05 18:06:00
6847,47,logreg,0.51,292.9,2025-01-05 18:07:00
6848,48,svm,0.702,264.8,2025-01-05 18:08:00
6849,49,rf,0.665,11.9,2025-01-05 18:09:00
6850,50,xgb,0.718,274.5,2025-01-05 18:10:00
6851,51,xgb,0.604,119.5,2025-01-05 18:11:00
6852,52,logreg,0.826,7.7,2025-01-05 18:12:00
6853,53,logreg,0.731,237.6,2025-01-05 18:13:00
6854,54,rf,0.769,41.6,2025-01-05 18:14:00
6855,55,xgb,0.706,266.5,2025-01-05 18:15:00
6856,56,logreg,0.947,193.1,2025-01-05 18:16:00
6857,57,rf,0.801,231.6,2025-01-05 18:17:00
6858,58,logreg,0.749,152.6,2025-01-05 18:18:00
6859,59,svm,0.607,228.2,2025-01-05 18:19:00
6860,60,rf,0.69,225.7,2025-01-05 18:20:00
6861,61,logreg,0.6,204.2,2025-01-05 18:21:00
6862,62,xgb,0.841,208.4,2025-01-05 18:22:00
6863,63,logreg,0.984,8.2,2025-01-05 18:23:00
6864,64,svm,0.891,191.7,2025-01-05 18:24:00
6865,65,rf,0.913,191.4,2025-01-05 18:25:00
6866,66,xgb,0.568,36.3,2025-01-05 18:26:00
6867,67,logreg,0.529,194.7,2025-01-05 18:27:00
6868,68,logreg,0.875,229.7,2025-01-05 18:28:00
6869,69,logreg,0.835,133.4,2025-01-05 18:29:00
6870,70,logreg,0.691,56.9,2025-01-05 18:30:00
6871,71,rf,0.874,121.3,2025-01-05 18:31:00
6872,72,xgb,0.783,288.7,2025-01-05 18:32:00
6873,73,rf,0.733,283.1,2025-01-05 18:33:00
6874,74,xgb,0.876,153.2,2025-01-05 18:34:00
6875,75,rf,0.83,170.4,2025-01-05 18:35:00
6876,76,xgb,0.74,169.0,2025-01-05 18:36:00
6877,77,logreg,0.844,289.8,2025-01-05 18:37:00
6878,78,xgb,0.879,70.8,2025-01-05 18:38:00
6879,79,rf,0.724,274.4,2025-01-05 18:39:00
6880,80,rf,0.762,246.9,2025-01-05 18:40:00
6881,81,svm,0.799,52.3,2025-01-05 18:41:00
6882,82,svm,0.577,62.7,2025-01-05 18:42:00
6883,83,xgb,0.977,27.0,2025-01-05 18:43:00
6884,84,xgb,0.969,91.4,2025-01-05 18:44:00
6885,85,rf,0.555,108.3,2025-01-05 18:45:00
6886,86,logreg,0.72,298.2,2025-01-05 18:46:00
6887,87,xgb,0.531,102.7,2025-01-05 18:47:00
6888,88,logreg,0.593,111.0,2025-01-05 18:48:00
6889,89,xgb,0.97,82.2,2025-01-05 18:49:00
6890,90,svm,0.823,74.4,2025-01-05 18:50:00
6891,91,rf,0.842,235.1,2025-01-05 18:51:00
6892,92,rf,0.728,162.1,2025-01-05 18:52:00
6893,93,logreg,0.731,258.1,2025-01-05 18:53:00
6894,94,rf,0.689,113.7,2025-01-05 18:54:00
6895,95,svm,0.825,203.7,2025-01-05 18:55:00
6896,96,svm,0.933,158.8,2025-01-05 18:56:00
6897,97,rf,0.55,195.5,2025-01-05 18:57:00
6898,98,svm,0.932,174.7,2025-01-05 18:58:00
6899,99,xgb,0.942,196.6,2025-01-05 18:59:00
6900,100,rf,0.661,60.7,2025-01-05 19:00:00
6901,101,logreg,0.88,35.2,2025-01-05 19:01:00
6902,102,rf,0.959,293.2,2025-01-05 19:02:00
6903,103,logreg,0.809,13.7,2025-01-05 19:03:00
6904,104,rf,0.6,154.4,2025-01-05 19:04:00
6905,105,rf,0.754,269.6,2025-01-05 19:05:00
6906,106,rf,0.723,121.2,2025-01-05 19:06:00
6907,107,xgb,0.794,125.0,2025-01-05 19:07:00
6908,108,xgb,0.819,231.3,2025-01-05 19:08:00
6909,109,svm,0.913,98.5,2025-01-05 19:09:00
6910,110,rf,0.824,6.8,2025-01-05 19:10:00
6911,111,xgb,0.753,198.3,2025-01-05 19:11:00
6912,112,svm,0.966,56.0,2025-01-05 19:12:00
6913,113,logreg,0.809,27.6,2025-01-05 19:13:00
6914,114,logreg,0.765,127.5,2025-01-05 19:14:00
6915,115,rf,0.852,265.5,2025-01-05 19:15:00
6916,116,logreg,0.921,52.3,2025-01-05 19:16:00
6917,117,logreg,0.699,40.6,2025-01-05 19:17:00
6918,118,rf,0.76,252.4,2025-01-05 19:18:00
6919,119,xgb,0.806,137.4,2025-01-05 19:19:00
6920,120,xgb,0.987,127.0,2025-01-05 19:20:00
6921,121,svm,0.637,66.3,2025-01-05 19:21:00
6922,122,logreg,0.809,56.0,2025-01-05 19:22:00
6923,123,svm,0.664,157.1,2025-01-05 19:23:00
6924,124,logreg,0.941,25.3,2025-01-05 19:24:00
6925,125,rf,0.861,89.3,2025-01-05 19:25:00
6926,126,xgb,0.646,197.6,2025-01-05 19:26:00
6927,127,svm,0.605,179.4,2025-01-05 19:27:00
6928,128,rf,0.96,47.7,2025-01-05 19:28:00
6929,129,xgb,0.725,75.3,2025-01-05 19:29:00
6930,130,xgb,0.77,80.6,2025-01-05 19:30:00
6931,131,logreg,0.698,245.1,2025-01-05 19:31:00
6932,132,rf,0.622,113.6,2025-01-05 19:32:00
6933,133,logreg,0.5,275.6,2025-01-05 19:33:00
6934,134,svm,0.619,96.2,2025-01-05 19:34:00
6935,135,svm,0.521,107.1,2025-01-05 19:35:00
6936,136,logreg,0.625,226.4,2025-01-05 19:36:00
6937,137,logreg,0.887,233.9,2025-01-05 19:37:00
6938,138,svm,0.833,291.3,2025-01-05 19:38:00
6939,139,logreg,0.905,82.3,2025-01-05 19:39:00
6940,140,xgb,0.558,262.4,2025-01-05 19:40:00
6941,141,logreg,0.989,75.4,2025-01-05 19:41:00
6942,142,svm,0.635,214.0,2025-01-05 19:42:00
6943,143,logreg,0.575,60.1,2025-01-05 19:43:00
6944,144,xgb,0.613,12.5,2025-01-05 19:44:00
6945,145,logreg,0.895,181.7,2025-01-05 19:45:00
6946,146,logreg,0.639,23.0,2025-01-05 19:46:00
6947,147,svm,0.785,170.5,2025-01-05 19:47:00
6948,148,logreg,0.974,256.7,2025-01-05 19:48:00
6949,149,xgb,0.566,16.1,2025-01-05 19:49:00
6950,150,svm,0.591,157.8,2025-01-05 19:50:00
6951,151,xgb,0.581,123.8,2025-01-05 19:51:00
6952,152,xgb,0.505,125.7,2025-01-05 19:52:00
6953,153,rf,0.974,284.6,2025-01-05 19:53:00
6954,154,logreg,0.587,267.9,2025-01-05 19:54:00
6955,155,logreg,0.799,177.4,2025-01-05 19:55:00
6956,156,xgb,0.788,221.4,2025-01-05 19:56:00
6957,157,xgb,0.606,225.7,2025-01-05 19:57:00
6958,158,logreg,0.924,120.5,2025-01-05 19:58:00
6959,159,logreg,0.848,135.8,2025-01-05 19:59:00
6960,160,xgb,0.682,234.5,2025-01-05 20:00:00
6961,161,rf,0.648,74.9,2025-01-05 20:01:00
6962,162,xgb,0.524,284.3,2025-01-05 20:02:00
6963,163,svm,0.939,244.1,2025-01-05 20:03:00
6964,164,rf,0.66,181.3,2025-01-05 20:04:00
6965,165,xgb,0.978,180.2,2025-01-05 20:05:00
6966,166,xgb,0.986,121.3,2025-01-05 20:06:00
6967,167,rf,0.502,20.9,2025-01-05 20:07:00
6968,168,svm,0.524,293.7,2025-01-05 20:08:00
6969,169,logreg,0.956,44.9,2025-01-05 20:09:00
6970,170,rf,0.969,92.2,2025-01-05 20:10:00
6971,171,xgb,0.918,261.3,2025-01-05 20:11:00
6972,172,rf,0.607,36.3,2025-01-05 20:12:00
6973,173,xgb,0.753,172.9,2025-01-05 20:13:00
6974,174,svm,0.575,191.0,2025-01-05 20:14:00
6975,175,logreg,0.565,177.8,2025-01-05 20:15:00
6976,176,logreg,0.816,250.0,2025-01-05 20:16:00
6977,177,logreg,0.646,222.9,2025-01-05 20:17:00
6978,178,xgb,0.645,4.4,2025-01-05 20:18:00
6979,179,xgb,0.527,55.6,2025-01-05 20:19:00
6980,180,svm,0.908,10.3,2025-01-05 20:20:00
6981,181,logreg,0.987,129.0,2025-01-05 20:21:00
6982,182,rf,0.805,79.0,2025-01-05 20:22:00
6983,183,logreg,0.561,281.4,2025-01-05 20:23:00
6984,184,rf,0.818,257.3,2025-01-05 20:24:00
6985,185,logreg,0.762,263.9,2025-01-05 20:25:00
6986,186,rf,0.732,110.0,2025-01-05 20:26:00
6987,187,rf,0.72,123.1,2025-01-05 20:27:00
6988,188,rf,0.959,129.8,2025-01-05 20:28:00
6989,189,svm,0.979,46.7,2025-01-05 20:29:00
6990,190,svm,0.916,3.0,2025-01-05 20:30:00
6991,191,xgb,0.89,92.9,2025-01-05 20:31:00
6992,192,svm,0.559,49.8,2025-01-05 20:32:00
6993,193,xgb,0.973,197.3,2025-01-05 20:33:00
6994,194,logreg,0.824,95.4,2025-01-05 20:34:00
6995,195,logreg,0.547,16.5,2025-01-05 20:35:00
6996,196,logreg,0.743,193.1,2025-01-05 20:36:00
6997,197,rf,0.743,291.2,2025-01-05 20:37:00
6998,198,rf,0.611,26.8,2025-01-05 20:38:00
6999,199,xgb,0.973,44.8,2025-01-05 20:39:00
7000,0,svm,0.908,223.5,2025-01-05 20:40:00
7001,1,rf,0.789,155.2,2025-01-05 20:41:00
7002,2,xgb,0.603,13.1,2025-01-05 20:42:00
7003,3,svm,0.859,243.3,2025-01-05 20:43:00
7004,4,svm,0.635,135.1,2025-01-05 20:44:00
7005,5,rf,0.882,148.5,2025-01-05 20:45:00
7006,6,rf,0.718,287.7,2025-01-05 20:46:00
7007,7,logreg,0.924,232.6,2025-01-05 20:47:00
7008,8,svm,0.983,277.0,2025-01-05 20:48:00
7009,9,rf,0.839,141.7,2025-01-05 20:49:00
7010,10,svm,0.537,227.4,2025-01-05 20:50:00
7011,11,rf,0.885,189.3,2025-01-05 20:51:00
7012,12,svm,0.544,208.8,2025-01-05 20:52:00
7013,13,xgb,0.923,178.3,2025-01-05 20:53:00
7014,14,rf,0.631,115.7,2025-01-05 20:54:00
7015,15,svm,0.518,244.4,2025-01-05 20:55:00
7016,16,svm,0.749,103.9,2025-01-05 20:56:00
7017,17,rf,0.857,242.5,2025-01-05 20:57:00
7018,18,svm,0.939,136.1,2025-01-05 20:58:00
7019,19,svm,0.852,186.1,2025-01-05 20:59:00
7020,20,svm,0.622,200.3,2025-01-05 21:00:00
7021,21,logreg,0.523,148.1,2025-01-05 21:01:00
7022,22,logreg,0.501,86.2,2025-01-05 21:02:00
7023,23,xgb,0.937,240.5,2025-01-05 21:03:00
7024,24,svm,0.656,94.2,2025-01-05 21:04:00
7025,25,svm,0.983,298.3,2025-01-05 21:05:00
7026,26,xgb,0.796,236.8,2025-01-05 21:06:00
7027,27,xgb,0.587,241.5,2025-01-05 21:07:00
7028,28,rf,0.834,177.0,2025-01-05 21:08:00
7029,29,logreg,0.877,230.4,2025-01-05 21:09:00
7030,30,rf,0.617,112.2,2025-01-05 21:10:00
7031,31,logreg,0.835,84.3,2025-01-05 21:11:00
7032,32,rf,0.823,160.7,2025-01-05 21:12:00
7033,33,rf,0.574,97.2,2025-01-05 21:13:00
7034,34,svm,0.544,270.5,2025-01-05 21:14:00
7035,35,svm,0.839,213.1,2025-01-05 21:15:00
7036,36,xgb,0.925,217.0,2025-01-05 21:16:00
7037,37,svm,0.853,40.5,2025-01-05 21:17:00
7038,38,rf,0.957,181.9,2025-01-05 21:18:00
7039,39,logreg,0.647,255.2,2025-01-05 21:19:00
7040,40,rf,0.873,252.3,2025-01-05 21:20:00
7041,41,logreg,0.521,216.2,2025-01-05 21:21:00
7042,42,logreg,0.986,13.7,2025-01-05 21:22:00
7043,43,xgb,0.52,204.2,2025-01-05 21:23:00
7044,44,rf,0.794,184.9,2025-01-05 21:24:00
7045,45,svm,0.924,24.6,2025-01-05 21:25:00
7046,46,xgb,0.834,273.2,2025-01-05 21:26:00
7047,47,logreg,0.686,29.8,2025-01-05 21:27:00
7048,48,svm,0.771,168.7,2025-01-05 21:28:00
7049,49,svm,0.58,120.4,2025-01-05 21:29:00
7050,50,xgb,0.822,34.3,2025-01-05 21:30:00
7051,51,logreg,0.516,298.3,2025-01-05 21:31:00
7052,52,xgb,0.572,94.7,2025-01-05 21:32:00
7053,53,logreg,0.832,143.3,2025-01-05 21:33:00
7054,54,svm,0.678,84.3,2025-01-05 21:34:00
7055,55,logreg,0.856,287.6,2025-01-05 21:35:00
7056,56,rf,0.923,204.0,2025-01-05 21:36:00
7057,57,xgb,0.95,268.7,2025-01-05 21:37:00
7058,58,rf,0.717,20.0,2025-01-05 21:38:00
7059,59,logreg,0.865,247.0,2025-01-05 21:39:00
7060,60,svm,0.857,173.4,2025-01-05 21:40:00
7061,61,logreg,0.929,146.3,2025-01-05 21:41:00
7062,62,logreg,0.989,40.5,2025-01-05 21:42:00
7063,63,logreg,0.588,98.7,2025-01-05 21:43:00
7064,64,logreg,0.952,109.6,2025-01-05 21:44:00
7065,65,rf,0.568,115.9,2025-01-05 21:45:00
7066,66,svm,0.508,112.8,2025-01-05 21:46:00
7067,67,logreg,0.503,272.1,2025-01-05 21:47:00
7068,68,logreg,0.524,278.5,2025-01-05 21:48:00
7069,69,rf,0.693,13.4,2025-01-05 21:49:00
7070,70,logreg,0.617,248.9,2025-01-05 21:50:00
7071,71,svm,0.522,219.5,2025-01-05 21:51:00
7072,72,rf,0.817,129.3,2025-01-05 21:52:00
7073,73,rf,0.806,176.7,2025-01-05 21:53:00
7074,74,rf,0.921,176.4,2025-01-05 21:54:00
7075,75,rf,0.984,18.6,2025-01-05 21:55:00
7076,76,xgb,0.813,43.8,2025-01-05 21:56:00
7077,77,xgb,0.511,79.4,2025-01-05 21:57:00
7078,78,xgb,0.837,230.5,2025-01-05 21:58:00
7079,79,logreg,0.871,171.0,2025-01-05 21:59:00
7080,80,svm,0.613,34.5,2025-01-05 22:00:00
7081,81,xgb,0.975,13.5,2025-01-05 22:01:00
7082,82,logreg,0.521,259.0,2025-01-05 22:02:00
7083,83,logreg,0.671,244.6,2025-01-05 22:03:00
7084,84,logreg,0.958,198.8,2025-01-05 22:04:00
7085,85,svm,0.898,294.5,2025-01-05 22:05:00
7086,86,xgb,0.521,86.5,2025-01-05 22:06:00
7087,87,svm,0.84,277.8,2025-01-05 22:07:00
7088,88,xgb,0.752,38.2,2025-01-05 22:08:00
7089,89,rf,0.809,37.1,2025-01-05 22:09:00
7090,90,logreg,0.67,105.8,2025-01-05 22:10:00
7091,91,xgb,0.639,251.9,2025-01-05 22:11:00
7092,92,svm,0.873,120.0,2025-01-05 22:12:00
7093,93,logreg,0.577,51.2,2025-01-05 22:13:00
7094,94,svm,0.573,148.5,2025-01-05 22:14:00
7095,95,logreg,0.526,210.1,2025-01-05 22:15:00
7096,96,logreg,0.506,290.9,2025-01-05 22:16:00
7097,97,logreg,0.55,126.6,2025-01-05 22:17:00
7098,98,xgb,0.652,127.5,2025-01-05 22:18:00
7099,99,logreg,0.505,135.2,2025-01-05 22:19:00
7100,100,xgb,0.871,270.6,2025-01-05 22:20:00
7101,101,logreg,0.508,59.8,2025-01-05 22:21:00
7102,102,rf,0.679,110.2,2025-01-05 22:22:00
7103,103,rf,0.683,60.5,2025-01-05 22:23:00
7104,104,rf,0.533,69.9,2025-01-05 22:24:00
7105,105,rf,0.707,242.9,2025-01-05 22:25:00
7106,106,svm,0.707,104.7,2025-01-05 22:26:00
7107,107,logreg,0.78,112.7,2025-01-05 22:27:00
7108,108,xgb,0.625,23.4,2025-01-05 22:28:00
7109,109,xgb,0.789,93.0,2025-01-05 22:29:00
7110,110,svm,0.528,113.2,2025-01-05 22:30:00
7111,111,svm,0.859,110.2,2025-01-05 22:31:00
7112,112,rf,0.833,96.6,2025-01-05 22:32:00
7113,113,logreg,0.786,96.5,2025-01-05 22:33:00
7114,114,logreg,0.56,280.1,2025-01-05 22:34:00
7115,115,rf,0.872,279.8,2025-01-05 22:35:00
7116,116,logreg,0.713,223.3,2025-01-05 22:36:00
7117,117,svm,0.915,122.0,2025-01-05 22:37:00
7118,118,xgb,0.711,117.1,2025-01-05 22:38:00
7119,119,rf,0.771,59.2,2025-01-05 22:39:00
7120,120,svm,0.85,149.0,2025-01-05 22:40:00
7121,121,logreg,0.694,286.5,2025-01-05 22:41:00
7122,122,svm,0.836,15.7,2025-01-05 22:42:00
7123,123,xgb,0.976,298.2,2025-01-05 22:43:00
7124,124,logreg,0.915,240.6,2025-01-05 22:44:00
7125,125,rf,0.766,74.1,2025-01-05 22:45:00
7126,126,rf,0.895,31.0,2025-01-05 22:46:00
7127,127,xgb,0.58,181.4,2025-01-05 22:47:00
7128,128,logreg,0.74,65.9,2025-01-05 22:48:00
7129,129,xgb,0.838,181.5,2025-01-05 22:49:00
7130,130,logreg,0.604,205.1,2025-01-05 22:50:00
7131,131,xgb,0.777,258.3,2025-01-05 22:51:00
7132,132,svm,0.627,56.6,2025-01-05 22:52:00
7133,133,xgb,0.658,229.2,2025-01-05 22:53:00
7134,134,logreg,0.958,268.8,2025-01-05 22:54:00
7135,135,logreg,0.684,258.0,2025-01-05 22:55:00
7136,136,xgb,0.627,132.3,2025-01-05 22:56:00
7137,137,xgb,0.805,213.0,2025-01-05 22:57:00
7138,138,xgb,0.853,260.4,2025-01-05 22:58:00
7139,139,xgb,0.523,72.3,2025-01-05 22:59:00
7140,140,xgb,0.511,29.1,2025-01-05 23:00:00
7141,141,rf,0.532,185.4,2025-01-05 23:01:00
7142,142,xgb,0.873,53.4,2025-01-05 23:02:00
7143,143,svm,0.644,64.5,2025-01-05 23:03:00
7144,144,svm,0.742,22.1,2025-01-05 23:04:00
7145,145,xgb,0.936,3.7,2025-01-05 23:05:00
7146,146,logreg,0.662,97.0,2025-01-05 23:06:00
7147,147,rf,0.661,81.3,2025-01-05 23:07:00
7148,148,svm,0.562,117.3,2025-01-05 23:08:00
7149,149,logreg,0.659,170.9,2025-01-05 23:09:00
7150,150,rf,0.599,287.9,2025-01-05 23:10:00
7151,151,rf,0.514,215.3,2025-01-05 23:11:00
7152,152,logreg,0.886,295.4,2025-01-05 23:12:00
7153,153,xgb,0.83,56.1,2025-01-05 23:13:00
7154,154,logreg,0.987,217.7,2025-01-05 23:14:00
7155,155,xgb,0.948,148.3,2025-01-05 23:15:00
7156,156,logreg,0.729,61.9,2025-01-05 23:16:00
7157,157,rf,0.703,218.1,2025-01-05 23:17:00
7158,158,rf,0.968,121.1,2025-01-05 23:18:00
7159,159,svm,0.858,9.5,2025-01-05 23:19:00
7160,160,logreg,0.502,168.0,2025-01-05 23:20:00
7161,161,rf,0.617,239.5,2025-01-05 23:21:00
7162,162,svm,0.801,51.7,2025-01-05 23:22:00
7163,163,svm,0.566,87.0,2025-01-05 23:23:00
7164,164,rf,0.814,237.5,2025-01-05 23:24:00
7165,165,svm,0.857,40.6,2025-01-05 23:25:00
7166,166,logreg,0.632,202.9,2025-01-05 23:26:00
7167,167,logreg,0.732,227.8,2025-01-05 23:27:00
7168,168,xgb,0.71,126.7,2025-01-05 23:28:00
7169,169,svm,0.779,1.7,2025-01-05 23:29:00
7170,170,logreg,0.907,5.1,2025-01-05 23:30:00
7171,171,rf,0.62,122.0,2025-01-05 23:31:00
7172,172,svm,0.811,238.4,2025-01-05 23:32:00
7173,173,logreg,0.933,238.8,2025-01-05 23:33:00
7174,174,logreg,0.857,85.5,2025-01-05 23:34:00
7175,175,logreg,0.631,178.9,2025-01-05 23:35:00
7176,176,xgb,0.551,277.7,2025-01-05 23:36:00
7177,177,logreg,0.867,251.8,2025-01-05 23:37:00
7178,178,svm,0.913,179.8,2025-01-05 23:38:00
7179,179,rf,0.626,274.3,2025-01-05 23:39:00
7180,180,logreg,0.517,222.3,2025-01-05 23:40:00
7181,181,svm,0.899,5.2,2025-01-05 23:41:00
7182,182,svm,0.793,240.3,2025-01-05 23:42:00
7183,183,xgb,0.57,125.7,2025-01-05 23:43:00
7184,184,logreg,0.645,39.1,2025-01-05 23:44:00
7185,185,xgb,0.978,77.9,2025-01-05 23:45:00
7186,186,logreg,0.55,31.2,2025-01-05 23:46:00
7187,187,rf,0.824,273.2,2025-01-05 23:47:00
7188,188,svm,0.802,169.2,2025-01-05 23:48:00
7189,189,svm,0.612,5.9,2025-01-05 23:49:00
7190,190,rf,0.589,135.7,2025-01-05 23:50:00
7191,191,xgb,0.567,58.7,2025-01-05 23:51:00
7192,192,svm,0.96,90.8,2025-01-05 23:52:00
7193,193,xgb,0.667,214.8,2025-01-05 23:53:00
7194,194,logreg,0.531,154.5,2025-01-05 23:54:00
7195,195,xgb,0.945,39.5,2025-01-05 23:55:00
7196,196,logreg,0.758,164.3,2025-01-05 23:56:00
7197,197,logreg,0.528,197.5,2025-01-05 23:57:00
7198,198,svm,0.533,157.1,2025-01-05 23:58:00
7199,199,logreg,0.842,296.2,2025-01-05 23:59:00
7200,0,xgb,0.842,77.4,2025-01-06 00:00:00
7201,1,svm,0.696,140.8,2025-01-06 00:01:00
7202,2,svm,0.692,226.2,2025-01-06 00:02:00
7203,3,svm,0.753,206.3,2025-01-06 00:03:00
7204,4,svm,0.778,239.2,2025-01-06 00:04:00
7205,5,xgb,0.933,162.9,2025-01-06 00:05:00
7206,6,rf,0.92,257.6,2025-01-06 00:06:00
7207,7,logreg,0.576,119.1,2025-01-06 00:07:00
7208,8,rf,0.525,163.4,2025-01-06 00:08:00
7209,9,xgb,0.704,115.9,2025-01-06 00:09:00
7210,10,xgb,0.504,126.2,2025-01-06 00:10:00
7211,11,svm,0.941,220.0,2025-01-06 00:11:00
7212,12,logreg,0.966,99.8,2025-01-06 00:12:00
7213,13,logreg,0.658,225.7,2025-01-06 00:13:00
7214,14,svm,0.935,106.3,2025-01-06 00:14:00
7215,15,xgb,0.625,129.9,2025-01-06 00:15:00
7216,16,rf,0.503,116.5,2025-01-06 00:16:00
7217,17,logreg,0.665,236.3,2025-01-06 00:17:00
7218,18,logreg,0.896,256.9,2025-01-06 00:18:00
7219,19,svm,0.835,107.9,2025-01-06 00:19:00
7220,20,logreg,0.687,77.4,2025-01-06 00:20:00
7221,21,rf,0.575,267.6,2025-01-06 00:21:00
7222,22,svm,0.627,231.2,2025-01-06 00:22:00
7223,23,logreg,0.957,2.5,2025-01-06 00:23:00
7224,24,xgb,0.599,122.6,2025-01-06 00:24:00
7225,25,logreg,0.508,232.9,2025-01-06 00:25:00
7226,26,svm,0.902,260.3,2025-01-06 00:26:00
7227,27,rf,0.722,287.5,2025-01-06 00:27:00
7228,28,logreg,0.595,264.7,2025-01-06 00:28:00
7229,29,svm,0.897,81.1,2025-01-06 00:29:00
7230,30,xgb,0.751,124.0,2025-01-06 00:30:00
7231,31,xgb,0.522,208.4,2025-01-06 00:31:00
7232,32,rf,0.765,221.0,2025-01-06 00:32:00
7233,33,xgb,0.515,183.0,2025-01-06 00:33:00
7234,34,svm,0.866,64.6,2025-01-06 00:34:00
7235,35,rf,0.786,130.5,2025-01-06 00:35:00
7236,36,rf,0.904,143.2,2025-01-06 00:36:00
7237,37,logreg,0.925,275.9,2025-01-06 00:37:00
7238,38,logreg,0.566,82.5,2025-01-06 00:38:00
7239,39,xgb,0.772,33.7,2025-01-06 00:39:00
7240,40,svm,0.691,81.8,2025-01-06 00:40:00
7241,41,rf,0.646,274.4,2025-01-06 00:41:00
7242,42,logreg,0.6,226.3,2025-01-06 00:42:00
7243,43,logreg,0.868,148.2,2025-01-06 00:43:00
7244,44,rf,0.781,150.0,2025-01-06 00:44:00
7245,45,xgb,0.781,203.4,2025-01-06 00:45:00
7246,46,svm,0.786,188.8,2025-01-06 00:46:00
7247,47,rf,0.569,294.8,2025-01-06 00:47:00
7248,48,rf,0.583,185.5,2025-01-06 00:48:00
7249,49,svm,0.572,261.7,2025-01-06 00:49:00
7250,50,rf,0.893,290.9,2025-01-06 00:50:00
7251,51,svm,0.947,180.5,2025-01-06 00:51:00
7252,52,xgb,0.663,84.8,2025-01-06 00:52:00
7253,53,rf,0.73,253.5,2025-01-06 00:53:00
7254,54,xgb,0.52,29.8,2025-01-06 00:54:00
7255,55,logreg,0.826,141.9,2025-01-06 00:55:00
7256,56,logreg,0.726,183.3,2025-01-06 00:56:00
7257,57,rf,0.822,20.9,2025-01-06 00:57:00
7258,58,logreg,0.862,298.0,2025-01-06 00:58:00
7259,59,xgb,0.599,150.8,2025-01-06 00:59:00
7260,60,xgb,0.911,96.7,2025-01-06 01:00:00
7261,61,logreg,0.841,242.0,2025-01-06 01:01:00
7262,62,svm,0.552,126.7,2025-01-06 01:02:00
7263,63,xgb,0.817,66.7,2025-01-06 01:03:00
7264,64,logreg,0.515,193.2,2025-01-06 01:04:00
7265,65,logreg,0.851,227.3,2025-01-06 01:05:00
7266,66,xgb,0.725,251.8,2025-01-06 01:06:00
7267,67,svm,0.955,63.7,2025-01-06 01:07:00
7268,68,logreg,0.594,1.7,2025-01-06 01:08:00
7269,69,logreg,0.589,177.5,2025-01-06 01:09:00
7270,70,rf,0.682,294.5,2025-01-06 01:10:00
7271,71,rf,0.73,150.7,2025-01-06 01:11:00
7272,72,svm,0.882,266.0,2025-01-06 01:12:00
7273,73,svm,0.903,169.4,2025-01-06 01:13:00
7274,74,logreg,0.805,178.5,2025-01-06 01:14:00
7275,75,rf,0.957,278.4,2025-01-06 01:15:00
7276,76,xgb,0.565,217.8,2025-01-06 01:16:00
7277,77,xgb,0.82,36.6,2025-01-06 01:17:00
7278,78,rf,0.981,265.3,2025-01-06 01:18:00
7279,79,xgb,0.731,248.4,2025-01-06 01:19:00
7280,80,rf,0.518,244.0,2025-01-06 01:20:00
7281,81,logreg,0.655,82.5,2025-01-06 01:21:00
7282,82,logreg,0.527,266.7,2025-01-06 01:22:00
7283,83,svm,0.897,295.3,2025-01-06 01:23:00
7284,84,svm,0.845,22.1,2025-01-06 01:24:00
7285,85,logreg,0.706,94.9,2025-01-06 01:25:00
7286,86,xgb,0.791,24.1,2025-01-06 01:26:00
7287,87,rf,0.913,224.9,2025-01-06 01:27:00
7288,88,logreg,0.752,106.5,2025-01-06 01:28:00
7289,89,rf,0.657,181.2,2025-01-06 01:29:00
7290,90,svm,0.681,296.3,2025-01-06 01:30:00
7291,91,logreg,0.582,248.2,2025-01-06 01:31:00
7292,92,xgb,0.748,165.6,2025-01-06 01:32:00
7293,93,logreg,0.701,158.0,2025-01-06 01:33:00
7294,94,xgb,0.97,205.9,2025-01-06 01:34:00
7295,95,logreg,0.539,72.1,2025-01-06 01:35:00
7296,96,logreg,0.834,54.9,2025-01-06 01:36:00
7297,97,rf,0.81,100.8,2025-01-06 01:37:00
7298,98,rf,0.768,242.4,2025-01-06 01:38:00
7299,99,rf,0.576,170.6,2025-01-06 01:39:00
7300,100,logreg,0.915,235.5,2025-01-06 01:40:00
7301,101,rf,0.75,41.0,2025-01-06 01:41:00
7302,102,rf,0.818,147.0,2025-01-06 01:42:00
7303,103,logreg,0.69,228.4,2025-01-06 01:43:00
7304,104,rf,0.928,15.1,2025-01-06 01:44:00
7305,105,xgb,0.608,234.0,2025-01-06 01:45:00
7306,106,xgb,0.69,182.4,2025-01-06 01:46:00
7307,107,xgb,0.61,271.7,2025-01-06 01:47:00
7308,108,logreg,0.824,182.6,2025-01-06 01:48:00
7309,109,logreg,0.951,73.5,2025-01-06 01:49:00
7310,110,svm,0.522,147.8,2025-01-06 01:50:00
7311,111,logreg,0.75,124.7,2025-01-06 01:51:00
7312,112,xgb,0.988,58.1,2025-01-06 01:52:00
7313,113,svm,0.838,5.0,2025-01-06 01:53:00
7314,114,logreg,0.717,222.2,2025-01-06 01:54:00
7315,115,xgb,0.912,197.8,2025-01-06 01:55:00
7316,116,xgb,0.549,99.5,2025-01-06 01:56:00
7317,117,rf,0.834,230.5,2025-01-06 01:57:00
7318,118,logreg,0.831,10.8,2025-01-06 01:58:00
7319,119,xgb,0.815,157.9,2025-01-06 01:59:00
7320,120,xgb,0.753,213.6,2025-01-06 02:00:00
7321,121,svm,0.629,94.0,2025-01-06 02:01:00
7322,122,xgb,0.551,23.8,2025-01-06 02:02:00
7323,123,rf,0.651,145.5,2025-01-06 02:03:00
7324,124,rf,0.819,210.8,2025-01-06 02:04:00
7325,125,xgb,0.959,293.4,2025-01-06 02:05:00
7326,126,svm,0.917,60.3,2025-01-06 02:06:00
7327,127,logreg,0.556,188.7,2025-01-06 02:07:00
7328,128,logreg,0.901,233.2,2025-01-06 02:08:00
7329,129,rf,0.864,175.3,2025-01-06 02:09:00
7330,130,logreg,0.93,135.6,2025-01-06 02:10:00
7331,131,logreg,0.763,262.2,2025-01-06 02:11:00
7332,132,xgb,0.614,292.1,2025-01-06 02:12:00
7333,133,svm,0.675,154.2,2025-01-06 02:13:00
7334,134,svm,0.702,142.4,2025-01-06 02:14:00
7335,135,svm,0.512,228.6,2025-01-06 02:15:00
7336,136,xgb,0.902,127.6,2025-01-06 02:16:00
7337,137,logreg,0.967,244.5,2025-01-06 02:17:00
7338,138,rf,0.712,281.4,2025-01-06 02:18:00
7339,139,svm,0.735,227.8,2025-01-06 02:19:00
7340,140,xgb,0.926,107.2,2025-01-06 02:20:00
7341,141,logreg,0.679,212.2,2025-01-06 02:21:00
7342,142,xgb,0.795,211.3,2025-01-06 02:22:00
7343,143,xgb,0.825,70.8,2025-01-06 02:23:00
7344,144,logreg,0.971,232.4,2025-01-06 02:24:00
7345,145,xgb,0.848,41.9,2025-01-06 02:25:00
7346,146,rf,0.662,111.1,2025-01-06 02:26:00
7347,147,svm,0.815,298.8,2025-01-06 02:27:00
7348,148,xgb,0.611,90.7,2025-01-06 02:28:00
7349,149,logreg,0.919,221.2,2025-01-06 02:29:00
7350,150,rf,0.769,188.4,2025-01-06 02:30:00
7351,151,svm,0.763,175.3,2025-01-06 02:31:00
7352,152,logreg,0.512,140.5,2025-01-06 02:32:00
7353,153,xgb,0.647,238.6,2025-01-06 02:33:00
7354,154,logreg,0.847,117.2,2025-01-06 02:34:00
7355,155,rf,0.669,190.0,2025-01-06 02:35:00
7356,156,svm,0.767,195.4,2025-01-06 02:36:00
7357,157,logreg,0.631,279.6,2025-01-06 02:37:00
7358,158,rf,0.708,133.1,2025-01-06 02:38:00
7359,159,svm,0.506,49.3,2025-01-06 02:39:00
7360,160,xgb,0.538,199.7,2025-01-06 02:40:00
7361,161,logreg,0.777,22.5,2025-01-06 02:41:00
7362,162,svm,0.937,30.6,2025-01-06 02:42:00
7363,163,svm,0.911,200.6,2025-01-06 02:43:00
7364,164,logreg,0.843,18.5,2025-01-06 02:44:00
7365,165,svm,0.9,61.8,2025-01-06 02:45:00
7366,166,logreg,0.897,87.1,2025-01-06 02:46:00
7367,167,xgb,0.79,216.0,2025-01-06 02:47:00
7368,168,xgb,0.763,87.3,2025-01-06 02:48:00
7369,169,xgb,0.976,231.4,2025-01-06 02:49:00
7370,170,rf,0.898,128.0,2025-01-06 02:50:00
7371,171,svm,0.975,225.0,2025-01-06 02:51:00
7372,172,logreg,0.846,57.0,2025-01-06 02:52:00
7373,173,xgb,0.704,136.3,2025-01-06 02:53:00
7374,174,rf,0.794,113.9,2025-01-06 02:54:00
7375,175,logreg,0.703,285.8,2025-01-06 02:55:00
7376,176,rf,0.568,94.7,2025-01-06 02:56:00
7377,177,logreg,0.948,84.1,2025-01-06 02:57:00
7378,178,rf,0.566,254.9,2025-01-06 02:58:00
7379,179,xgb,0.565,210.0,2025-01-06 02:59:00
7380,180,xgb,0.632,176.9,2025-01-06 03:00:00
7381,181,rf,0.535,296.6,2025-01-06 03:01:00
7382,182,logreg,0.976,166.6,2025-01-06 03:02:00
7383,183,logreg,0.739,185.5,2025-01-06 03:03:00
7384,184,rf,0.546,259.4,2025-01-06 03:04:00
7385,185,rf,0.66,191.1,2025-01-06 03:05:00
7386,186,svm,0.899,37.0,2025-01-06 03:06:00
7387,187,svm,0.513,50.1,2025-01-06 03:07:00
7388,188,xgb,0.881,105.8,2025-01-06 03:08:00
7389,189,logreg,0.649,119.2,2025-01-06 03:09:00
7390,190,svm,0.713,92.8,2025-01-06 03:10:00
7391,191,logreg,0.899,33.9,2025-01-06 03:11:00
7392,192,logreg,0.621,225.7,2025-01-06 03:12:00
7393,193,logreg,0.607,170.7,2025-01-06 03:13:00
7394,194,svm,0.86,193.2,2025-01-06 03:14:00
7395,195,svm,0.674,227.6,2025-01-06 03:15:00
7396,196,xgb,0.738,132.2,2025-01-06 03:16:00
7397,197,svm,0.898,90.3,2025-01-06 03:17:00
7398,198,rf,0.513,278.3,2025-01-06 03:18:00
7399,199,svm,0.501,54.5,2025-01-06 03:19:00
7400,0,svm,0.668,218.9,2025-01-06 03:20:00
7401,1,xgb,0.908,234.8,2025-01-06 03:21:00
7402,2,svm,0.882,277.7,2025-01-06 03:22:00
7403,3,svm,0.929,120.4,2025-01-06 03:23:00
7404,4,xgb,0.588,273.3,2025-01-06 03:24:00
7405,5,xgb,0.781,90.9,2025-01-06 03:25:00
7406,6,xgb,0.969,20.8,2025-01-06 03:26:00
7407,7,svm,0.635,219.6,2025-01-06 03:27:00
7408,8,rf,0.683,145.2,2025-01-06 03:28:00
7409,9,xgb,0.573,28.7,2025-01-06 03:29:00
7410,10,svm,0.841,176.9,2025-01-06 03:30:00
7411,11,logreg,0.789,95.7,2025-01-06 03:31:00
7412,12,rf,0.566,206.8,2025-01-06 03:32:00
7413,13,svm,0.507,97.3,2025-01-06 03:33:00
7414,14,xgb,0.716,195.5,2025-01-06 03:34:00
7415,15,logreg,0.546,59.1,2025-01-06 03:35:00
7416,16,svm,0.746,18.9,2025-01-06 03:36:00
7417,17,logreg,0.973,26.6,2025-01-06 03:37:00
7418,18,xgb,0.785,98.0,2025-01-06 03:38:00
7419,19,rf,0.623,130.5,2025-01-06 03:39:00
7420,20,logreg,0.584,32.1,2025-01-06 03:40:00
7421,21,rf,0.738,165.0,2025-01-06 03:41:00
7422,22,logreg,0.548,184.9,2025-01-06 03:42:00
7423,23,logreg,0.809,96.7,2025-01-06 03:43:00
7424,24,svm,0.563,228.5,2025-01-06 03:44:00
7425,25,rf,0.699,164.8,2025-01-06 03:45:00
7426,26,rf,0.57,128.9,2025-01-06 03:46:00
7427,27,xgb,0.62,242.8,2025-01-06 03:47:00
7428,28,rf,0.682,79.7,2025-01-06 03:48:00
7429,29,xgb,0.506,10.9,2025-01-06 03:49:00
7430,30,xgb,0.596,56.3,2025-01-06 03:50:00
7431,31,logreg,0.928,293.1,2025-01-06 03:51:00
7432,32,svm,0.946,6.6,2025-01-06 03:52:00
7433,33,svm,0.949,42.3,2025-01-06 03:53:00
7434,34,svm,0.863,29.7,2025-01-06 03:54:00
7435,35,xgb,0.513,123.2,2025-01-06 03:55:00
7436,36,rf,0.551,23.5,2025-01-06 03:56:00
7437,37,svm,0.862,170.4,2025-01-06 03:57:00
7438,38,rf,0.547,258.1,2025-01-06 03:58:00
7439,39,logreg,0.937,62.5,2025-01-06 03:59:00
7440,40,xgb,0.563,256.0,2025-01-06 04:00:00
7441,41,svm,0.518,297.4,2025-01-06 04:01:00
7442,42,xgb,0.926,176.5,2025-01-06 04:02:00
7443,43,xgb,0.826,15.1,2025-01-06 04:03:00
7444,44,logreg,0.569,9.2,2025-01-06 04:04:00
7445,45,rf,0.917,35.0,2025-01-06 04:05:00
7446,46,xgb,0.625,92.7,2025-01-06 04:06:00
7447,47,xgb,0.782,58.5,2025-01-06 04:07:00
7448,48,xgb,0.678,155.6,2025-01-06 04:08:00
7449,49,rf,0.89,48.3,2025-01-06 04:09:00
7450,50,svm,0.664,258.1,2025-01-06 04:10:00
7451,51,svm,0.663,65.8,2025-01-06 04:11:00
7452,52,xgb,0.745,90.2,2025-01-06 04:12:00
7453,53,svm,0.799,129.0,2025-01-06 04:13:00
7454,54,rf,0.585,175.5,2025-01-06 04:14:00
7455,55,logreg,0.71,81.0,2025-01-06 04:15:00
7456,56,rf,0.858,175.4,2025-01-06 04:16:00
7457,57,svm,0.621,225.4,2025-01-06 04:17:00
7458,58,logreg,0.806,260.2,2025-01-06 04:18:00
7459,59,xgb,0.636,172.3,2025-01-06 04:19:00
7460,60,svm,0.587,142.1,2025-01-06 04:20:00
7461,61,xgb,0.675,250.6,2025-01-06 04:21:00
7462,62,rf,0.664,54.1,2025-01-06 04:22:00
7463,63,logreg,0.981,121.9,2025-01-06 04:23:00
7464,64,svm,0.776,20.8,2025-01-06 04:24:00
7465,65,logreg,0.874,117.6,2025-01-06 04:25:00
7466,66,xgb,0.681,74.6,2025-01-06 04:26:00
7467,67,rf,0.804,125.6,2025-01-06 04:27:00
7468,68,svm,0.552,142.3,2025-01-06 04:28:00
7469,69,svm,0.607,121.9,2025-01-06 04:29:00
7470,70,svm,0.578,263.6,2025-01-06 04:30:00
7471,71,svm,0.953,118.7,2025-01-06 04:31:00
7472,72,svm,0.827,102.1,2025-01-06 04:32:00
7473,73,logreg,0.562,190.5,2025-01-06 04:33:00
7474,74,svm,0.866,47.1,2025-01-06 04:34:00
7475,75,xgb,0.93,212.4,2025-01-06 04:35:00
7476,76,logreg,0.742,178.1,2025-01-06 04:36:00
7477,77,svm,0.551,143.0,2025-01-06 04:37:00
7478,78,xgb,0.814,259.2,2025-01-06 04:38:00
7479,79,logreg,0.966,223.7,2025-01-06 04:39:00
7480,80,xgb,0.659,64.5,2025-01-06 04:40:00
7481,81,svm,0.701,99.2,2025-01-06 04:41:00
7482,82,logreg,0.621,173.7,2025-01-06 04:42:00
7483,83,logreg,0.885,118.6,2025-01-06 04:43:00
7484,84,xgb,0.645,141.6,2025-01-06 04:44:00
7485,85,xgb,0.802,225.9,2025-01-06 04:45:00
7486,86,rf,0.703,107.0,2025-01-06 04:46:00
7487,87,xgb,0.83,150.5,2025-01-06 04:47:00
7488,88,rf,0.693,234.7,2025-01-06 04:48:00
7489,89,xgb,0.84,27.4,2025-01-06 04:49:00
7490,90,xgb,0.511,242.1,2025-01-06 04:50:00
7491,91,logreg,0.564,18.6,2025-01-06 04:51:00
7492,92,xgb,0.88,232.2,2025-01-06 04:52:00
7493,93,rf,0.634,184.4,2025-01-06 04:53:00
7494,94,logreg,0.97,271.2,2025-01-06 04:54:00
7495,95,rf,0.772,42.8,2025-01-06 04:55:00
7496,96,svm,0.781,36.2,2025-01-06 04:56:00
7497,97,rf,0.98,120.1,2025-01-06 04:57:00
7498,98,xgb,0.79,90.1,2025-01-06 04:58:00
7499,99,logreg,0.694,97.7,2025-01-06 04:59:00
7500,100,svm,0.911,224.9,2025-01-06 05:00:00
7501,101,xgb,0.69,211.1,2025-01-06 05:01:00
7502,102,svm,0.868,62.3,2025-01-06 05:02:00
7503,103,xgb,0.793,138.5,2025-01-06 05:03:00
7504,104,svm,0.506,119.2,2025-01-06 05:04:00
7505,105,svm,0.748,199.8,2025-01-06 05:05:00
7506,106,rf,0.589,124.7,2025-01-06 05:06:00
7507,107,logreg,0.852,170.6,2025-01-06 05:07:00
7508,108,rf,0.804,136.0,2025-01-06 05:08:00
7509,109,rf,0.702,266.8,2025-01-06 05:09:00
7510,110,xgb,0.607,67.0,2025-01-06 05:10:00
7511,111,rf,0.516,286.8,2025-01-06 05:11:00
7512,112,rf,0.583,235.8,2025-01-06 05:12:00
7513,113,rf,0.556,233.0,2025-01-06 05:13:00
7514,114,xgb,0.778,82.4,2025-01-06 05:14:00
7515,115,rf,0.873,25.3,2025-01-06 05:15:00
7516,116,xgb,0.613,291.6,2025-01-06 05:16:00
7517,117,xgb,0.733,200.1,2025-01-06 05:17:00
7518,118,logreg,0.822,62.3,2025-01-06 05:18:00
7519,119,svm,0.761,31.0,2025-01-06 05:19:00
7520,120,rf,0.905,164.1,2025-01-06 05:20:00
7521,121,svm,0.543,19.6,2025-01-06 05:21:00
7522,122,rf,0.924,148.6,2025-01-06 05:22:00
7523,123,xgb,0.518,298.2,2025-01-06 05:23:00
7524,124,rf,0.551,4.1,2025-01-06 05:24:00
7525,125,svm,0.783,213.4,2025-01-06 05:25:00
7526,126,rf,0.878,15.2,2025-01-06 05:26:00
7527,127,svm,0.822,276.9,2025-01-06 05:27:00
7528,128,rf,0.574,169.0,2025-01-06 05:28:00
7529,129,logreg,0.918,277.8,2025-01-06 05:29:00
7530,130,logreg,0.949,299.8,2025-01-06 05:30:00
7531,131,rf,0.929,181.1,2025-01-06 05:31:00
7532,132,xgb,0.643,37.5,2025-01-06 05:32:00
7533,133,xgb,0.626,268.7,2025-01-06 05:33:00
7534,134,svm,0.648,79.1,2025-01-06 05:34:00
7535,135,xgb,0.988,63.6,2025-01-06 05:35:00
7536,136,xgb,0.537,19.4,2025-01-06 05:36:00
7537,137,logreg,0.777,201.7,2025-01-06 05:37:00
7538,138,logreg,0.91,278.5,2025-01-06 05:38:00
7539,139,rf,0.601,163.5,2025-01-06 05:39:00
7540,140,rf,0.539,236.4,2025-01-06 05:40:00
7541,141,rf,0.919,265.2,2025-01-06 05:41:00
7542,142,logreg,0.557,263.2,2025-01-06 05:42:00
7543,143,rf,0.786,93.5,2025-01-06 05:43:00
7544,144,rf,0.988,91.7,2025-01-06 05:44:00
7545,145,logreg,0.828,2.3,2025-01-06 05:45:00
7546,146,rf,0.642,36.7,2025-01-06 05:46:00
7547,147,logreg,0.917,90.4,2025-01-06 05:47:00
7548,148,xgb,0.945,280.2,2025-01-06 05:48:00
7549,149,rf,0.879,182.7,2025-01-06 05:49:00
7550,150,logreg,0.733,153.5,2025-01-06 05:50:00
7551,151,logreg,0.686,258.2,2025-01-06 05:51:00
7552,152,xgb,0.797,72.4,2025-01-06 05:52:00
7553,153,rf,0.518,191.5,2025-01-06 05:53:00
7554,154,svm,0.801,34.2,2025-01-06 05:54:00
7555,155,logreg,0.56,173.7,2025-01-06 05:55:00
7556,156,svm,0.583,192.8,2025-01-06 05:56:00
7557,157,rf,0.671,263.2,2025-01-06 05:57:00
7558,158,rf,0.848,25.6,2025-01-06 05:58:00
7559,159,svm,0.607,16.4,2025-01-06 05:59:00
7560,160,logreg,0.973,56.5,2025-01-06 06:00:00
7561,161,rf,0.699,76.7,2025-01-06 06:01:00
7562,162,svm,0.665,299.5,2025-01-06 06:02:00
7563,163,xgb,0.871,149.6,2025-01-06 06:03:00
7564,164,svm,0.938,1.6,2025-01-06 06:04:00
7565,165,svm,0.639,216.5,2025-01-06 06:05:00
7566,166,rf,0.958,140.5,2025-01-06 06:06:00
7567,167,svm,0.755,274.6,2025-01-06 06:07:00
7568,168,svm,0.709,181.7,2025-01-06 06:08:00
7569,169,xgb,0.981,10.2,2025-01-06 06:09:00
7570,170,rf,0.79,189.0,2025-01-06 06:10:00
7571,171,svm,0.712,105.0,2025-01-06 06:11:00
7572,172,logreg,0.602,109.9,2025-01-06 06:12:00
7573,173,svm,0.934,255.7,2025-01-06 06:13:00
7574,174,xgb,0.72,217.6,2025-01-06 06:14:00
7575,175,logreg,0.576,121.9,2025-01-06 06:15:00
7576,176,svm,0.698,8.7,2025-01-06 06:16:00
7577,177,logreg,0.928,143.4,2025-01-06 06:17:00
7578,178,rf,0.541,257.8,2025-01-06 06:18:00
7579,179,svm,0.555,67.5,2025-01-06 06:19:00
7580,180,logreg,0.75,286.8,2025-01-06 06:20:00
7581,181,logreg,0.922,78.9,2025-01-06 06:21:00
7582,182,logreg,0.881,31.7,2025-01-06 06:22:00
7583,183,rf,0.502,191.8,2025-01-06 06:23:00
7584,184,logreg,0.7,180.3,2025-01-06 06:24:00
7585,185,svm,0.984,241.5,2025-01-06 06:25:00
7586,186,rf,0.738,161.4,2025-01-06 06:26:00
7587,187,rf,0.731,51.4,2025-01-06 06:27:00
7588,188,rf,0.56,261.2,2025-01-06 06:28:00
7589,189,xgb,0.569,43.7,2025-01-06 06:29:00
7590,190,xgb,0.589,167.3,2025-01-06 06:30:00
7591,191,svm,0.506,84.0,2025-01-06 06:31:00
7592,192,svm,0.925,158.3,2025-01-06 06:32:00
7593,193,svm,0.99,177.7,2025-01-06 06:33:00
7594,194,svm,0.516,82.6,2025-01-06 06:34:00
7595,195,rf,0.856,166.7,2025-01-06 06:35:00
7596,196,logreg,0.797,35.6,2025-01-06 06:36:00
7597,197,svm,0.936,31.4,2025-01-06 06:37:00
7598,198,rf,0.959,104.8,2025-01-06 06:38:00
7599,199,rf,0.905,283.8,2025-01-06 06:39:00
7600,0,svm,0.595,290.2,2025-01-06 06:40:00
7601,1,logreg,0.955,50.3,2025-01-06 06:41:00
7602,2,xgb,0.953,3.3,2025-01-06 06:42:00
7603,3,logreg,0.642,192.2,2025-01-06 06:43:00
7604,4,svm,0.969,167.4,2025-01-06 06:44:00
7605,5,rf,0.793,139.8,2025-01-06 06:45:00
7606,6,xgb,0.514,278.1,2025-01-06 06:46:00
7607,7,rf,0.917,8.1,2025-01-06 06:47:00
7608,8,svm,0.55,87.0,2025-01-06 06:48:00
7609,9,svm,0.619,24.1,2025-01-06 06:49:00
7610,10,svm,0.927,38.7,2025-01-06 06:50:00
7611,11,rf,0.956,79.5,2025-01-06 06:51:00
7612,12,logreg,0.772,240.2,2025-01-06 06:52:00
7613,13,svm,0.859,189.0,2025-01-06 06:53:00
7614,14,rf,0.586,192.8,2025-01-06 06:54:00
7615,15,xgb,0.511,67.4,2025-01-06 06:55:00
7616,16,svm,0.744,273.9,2025-01-06 06:56:00
7617,17,rf,0.83,69.0,2025-01-06 06:57:00
7618,18,rf,0.827,30.1,2025-01-06 06:58:00
7619,19,logreg,0.623,275.4,2025-01-06 06:59:00
7620,20,xgb,0.903,121.3,2025-01-06 07:00:00
7621,21,rf,0.656,100.2,2025-01-06 07:01:00
7622,22,svm,0.969,274.6,2025-01-06 07:02:00
7623,23,svm,0.79,92.5,2025-01-06 07:03:00
7624,24,rf,0.767,84.2,2025-01-06 07:04:00
7625,25,rf,0.909,181.2,2025-01-06 07:05:00
7626,26,logreg,0.778,15.6,2025-01-06 07:06:00
7627,27,svm,0.676,46.8,2025-01-06 07:07:00
7628,28,logreg,0.507,20.9,2025-01-06 07:08:00
7629,29,rf,0.69,126.7,2025-01-06 07:09:00
7630,30,xgb,0.614,227.1,2025-01-06 07:10:00
7631,31,svm,0.718,13.9,2025-01-06 07:11:00
7632,32,logreg,0.656,133.8,2025-01-06 07:12:00
7633,33,rf,0.954,126.1,2025-01-06 07:13:00
7634,34,rf,0.646,269.8,2025-01-06 07:14:00
7635,35,rf,0.569,66.8,2025-01-06 07:15:00
7636,36,rf,0.751,59.1,2025-01-06 07:16:00
7637,37,logreg,0.802,49.1,2025-01-06 07:17:00
7638,38,logreg,0.645,91.1,2025-01-06 07:18:00
7639,39,logreg,0.921,54.9,2025-01-06 07:19:00
7640,40,rf,0.76,202.9,2025-01-06 07:20:00
7641,41,xgb,0.865,270.4,2025-01-06 07:21:00
7642,42,xgb,0.604,154.2,2025-01-06 07:22:00
7643,43,rf,0.634,136.9,2025-01-06 07:23:00
7644,44,xgb,0.651,216.3,2025-01-06 07:24:00
7645,45,svm,0.621,262.1,2025-01-06 07:25:00
7646,46,rf,0.661,102.1,2025-01-06 07:26:00
7647,47,logreg,0.638,287.0,2025-01-06 07:27:00
7648,48,rf,0.688,250.4,2025-01-06 07:28:00
7649,49,logreg,0.507,84.0,2025-01-06 07:29:00
7650,50,svm,0.722,72.5,2025-01-06 07:30:00
7651,51,xgb,0.609,44.2,2025-01-06 07:31:00
7652,52,svm,0.831,88.0,2025-01-06 07:32:00
7653,53,xgb,0.956,254.6,2025-01-06 07:33:00
7654,54,svm,0.814,276.6,2025-01-06 07:34:00
7655,55,xgb,0.757,68.7,2025-01-06 07:35:00
7656,56,svm,0.51,248.6,2025-01-06 07:36:00
7657,57,logreg,0.692,271.5,2025-01-06 07:37:00
7658,58,rf,0.717,30.7,2025-01-06 07:38:00
7659,59,svm,0.966,180.5,2025-01-06 07:39:00
7660,60,xgb,0.513,27.0,2025-01-06 07:40:00
7661,61,logreg,0.765,231.0,2025-01-06 07:41:00
7662,62,rf,0.676,73.0,2025-01-06 07:42:00
7663,63,xgb,0.941,115.4,2025-01-06 07:43:00
7664,64,xgb,0.733,297.2,2025-01-06 07:44:00
7665,65,rf,0.694,295.9,2025-01-06 07:45:00
7666,66,svm,0.868,291.4,2025-01-06 07:46:00
7667,67,rf,0.911,176.3,2025-01-06 07:47:00
7668,68,rf,0.648,234.3,2025-01-06 07:48:00
7669,69,svm,0.504,46.2,2025-01-06 07:49:00
7670,70,logreg,0.547,175.9,2025-01-06 07:50:00
7671,71,rf,0.782,193.3,2025-01-06 07:51:00
7672,72,xgb,0.683,68.5,2025-01-06 07:52:00
7673,73,logreg,0.542,19.5,2025-01-06 07:53:00
7674,74,rf,0.817,56.0,2025-01-06 07:54:00
7675,75,svm,0.711,113.7,2025-01-06 07:55:00
7676,76,xgb,0.912,113.6,2025-01-06 07:56:00
7677,77,svm,0.843,20.1,2025-01-06 07:57:00
7678,78,svm,0.673,180.3,2025-01-06 07:58:00
7679,79,rf,0.856,174.2,2025-01-06 07:59:00
7680,80,xgb,0.611,86.4,2025-01-06 08:00:00
7681,81,svm,0.856,293.2,2025-01-06 08:01:00
7682,82,xgb,0.864,25.8,2025-01-06 08:02:00
7683,83,logreg,0.819,141.1,2025-01-06 08:03:00
7684,84,rf,0.64,113.7,2025-01-06 08:04:00
7685,85,logreg,0.86,251.5,2025-01-06 08:05:00
7686,86,logreg,0.506,222.3,2025-01-06 08:06:00
7687,87,svm,0.963,106.5,2025-01-06 08:07:00
7688,88,rf,0.951,201.4,2025-01-06 08:08:00
7689,89,logreg,0.71,126.8,2025-01-06 08:09:00
7690,90,logreg,0.667,104.0,2025-01-06 08:10:00
7691,91,logreg,0.818,228.1,2025-01-06 08:11:00
7692,92,rf,0.561,235.3,2025-01-06 08:12:00
7693,93,xgb,0.771,246.6,2025-01-06 08:13:00
7694,94,svm,0.734,17.4,2025-01-06 08:14:00
7695,95,rf,0.891,187.9,2025-01-06 08:15:00
7696,96,xgb,0.565,21.7,2025-01-06 08:16:00
7697,97,rf,0.691,188.2,2025-01-06 08:17:00
7698,98,logreg,0.512,189.1,2025-01-06 08:18:00
7699,99,logreg,0.81,62.1,2025-01-06 08:19:00
7700,100,xgb,0.566,60.3,2025-01-06 08:20:00
7701,101,logreg,0.56,107.4,2025-01-06 08:21:00
7702,102,xgb,0.535,42.3,2025-01-06 08:22:00
7703,103,svm,0.817,110.9,2025-01-06 08:23:00
7704,104,xgb,0.947,26.1,2025-01-06 08:24:00
7705,105,svm,0.914,182.3,2025-01-06 08:25:00
7706,106,xgb,0.511,9.6,2025-01-06 08:26:00
7707,107,xgb,0.722,101.7,2025-01-06 08:27:00
7708,108,xgb,0.779,161.8,2025-01-06 08:28:00
7709,109,xgb,0.928,211.2,2025-01-06 08:29:00
7710,110,rf,0.602,78.6,2025-01-06 08:30:00
7711,111,svm,0.794,188.3,2025-01-06 08:31:00
7712,112,logreg,0.686,63.4,2025-01-06 08:32:00
7713,113,logreg,0.87,161.1,2025-01-06 08:33:00
7714,114,svm,0.551,198.1,2025-01-06 08:34:00
7715,115,xgb,0.893,149.6,2025-01-06 08:35:00
7716,116,svm,0.779,264.8,2025-01-06 08:36:00
7717,117,svm,0.939,275.9,2025-01-06 08:37:00
7718,118,xgb,0.52,30.4,2025-01-06 08:38:00
7719,119,svm,0.827,10.1,2025-01-06 08:39:00
7720,120,logreg,0.894,49.9,2025-01-06 08:40:00
7721,121,logreg,0.693,56.0,2025-01-06 08:41:00
7722,122,logreg,0.924,263.2,2025-01-06 08:42:00
7723,123,svm,0.531,44.2,2025-01-06 08:43:00
7724,124,xgb,0.987,95.5,2025-01-06 08:44:00
7725,125,svm,0.608,242.5,2025-01-06 08:45:00
7726,126,xgb,0.74,250.5,2025-01-06 08:46:00
7727,127,logreg,0.654,225.7,2025-01-06 08:47:00
7728,128,logreg,0.979,78.8,2025-01-06 08:48:00
7729,129,logreg,0.751,177.0,2025-01-06 08:49:00
7730,130,xgb,0.581,244.4,2025-01-06 08:50:00
7731,131,svm,0.847,249.3,2025-01-06 08:51:00
7732,132,rf,0.65,188.0,2025-01-06 08:52:00
7733,133,svm,0.503,124.6,2025-01-06 08:53:00
7734,134,xgb,0.976,126.2,2025-01-06 08:54:00
7735,135,logreg,0.762,100.8,2025-01-06 08:55:00
7736,136,rf,0.57,202.0,2025-01-06 08:56:00
7737,137,logreg,0.875,225.5,2025-01-06 08:57:00
7738,138,logreg,0.848,54.6,2025-01-06 08:58:00
7739,139,xgb,0.862,210.9,2025-01-06 08:59:00
7740,140,logreg,0.786,65.4,2025-01-06 09:00:00
7741,141,svm,0.925,22.8,2025-01-06 09:01:00
7742,142,rf,0.648,260.7,2025-01-06 09:02:00
7743,143,svm,0.942,56.6,2025-01-06 09:03:00
7744,144,xgb,0.643,148.5,2025-01-06 09:04:00
7745,145,rf,0.641,104.1,2025-01-06 09:05:00
7746,146,logreg,0.854,139.6,2025-01-06 09:06:00
7747,147,xgb,0.683,259.3,2025-01-06 09:07:00
7748,148,svm,0.842,16.5,2025-01-06 09:08:00
7749,149,rf,0.6,195.3,2025-01-06 09:09:00
7750,150,xgb,0.546,136.4,2025-01-06 09:10:00
7751,151,xgb,0.879,58.7,2025-01-06 09:11:00
7752,152,xgb,0.84,278.0,2025-01-06 09:12:00
7753,153,svm,0.655,215.6,2025-01-06 09:13:00
7754,154,logreg,0.739,230.0,2025-01-06 09:14:00
7755,155,logreg,0.506,59.9,2025-01-06 09:15:00
7756,156,xgb,0.829,254.8,2025-01-06 09:16:00
7757,157,logreg,0.598,34.7,2025-01-06 09:17:00
7758,158,xgb,0.933,247.8,2025-01-06 09:18:00
7759,159,rf,0.903,252.5,2025-01-06 09:19:00
7760,160,svm,0.747,81.3,2025-01-06 09:20:00
7761,161,logreg,0.9,232.2,2025-01-06 09:21:00
7762,162,xgb,0.6,226.1,2025-01-06 09:22:00
7763,163,logreg,0.916,203.0,2025-01-06 09:23:00
7764,164,logreg,0.511,237.2,2025-01-06 09:24:00
7765,165,xgb,0.96,207.7,2025-01-06 09:25:00
7766,166,logreg,0.744,222.3,2025-01-06 09:26:00
7767,167,rf,0.842,115.0,2025-01-06 09:27:00
7768,168,svm,0.814,76.7,2025-01-06 09:28:00
7769,169,svm,0.936,263.1,2025-01-06 09:29:00
7770,170,xgb,0.512,295.6,2025-01-06 09:30:00
7771,171,logreg,0.637,214.8,2025-01-06 09:31:00
7772,172,rf,0.556,57.2,2025-01-06 09:32:00
7773,173,svm,0.805,229.3,2025-01-06 09:33:00
7774,174,rf,0.945,279.2,2025-01-06 09:34:00
7775,175,svm,0.524,196.3,2025-01-06 09:35:00
7776,176,rf,0.538,269.8,2025-01-06 09:36:00
7777,177,svm,0.692,143.1,2025-01-06 09:37:00
7778,178,rf,0.765,15.6,2025-01-06 09:38:00
7779,179,rf,0.64,191.8,2025-01-06 09:39:00
7780,180,rf,0.638,82.3,2025-01-06 09:40:00
7781,181,rf,0.671,116.1,2025-01-06 09:41:00
7782,182,svm,0.537,64.9,2025-01-06 09:42:00
7783,183,svm,0.594,190.7,2025-01-06 09:43:00
7784,184,rf,0.634,194.1,2025-01-06 09:44:00
7785,185,logreg,0.652,96.6,2025-01-06 09:45:00
7786,186,rf,0.597,187.7,2025-01-06 09:46:00
7787,187,rf,0.551,121.6,2025-01-06 09:47:00
7788,188,svm,0.687,134.8,2025-01-06 09:48:00
7789,189,logreg,0.912,135.8,2025-01-06 09:49:00
7790,190,svm,0.518,288.7,2025-01-06 09:50:00
7791,191,rf,0.576,139.3,2025-01-06 09:51:00
7792,192,rf,0.698,182.3,2025-01-06 09:52:00
7793,193,xgb,0.737,31.7,2025-01-06 09:53:00
7794,194,rf,0.552,155.3,2025-01-06 09:54:00
7795,195,logreg,0.708,239.9,2025-01-06 09:55:00
7796,196,logreg,0.555,171.1,2025-01-06 09:56:00
7797,197,logreg,0.905,116.2,2025-01-06 09:57:00
7798,198,svm,0.784,214.1,2025-01-06 09:58:00
7799,199,xgb,0.825,48.8,2025-01-06 09:59:00
7800,0,rf,0.733,13.5,2025-01-06 10:00:00
7801,1,svm,0.924,100.5,2025-01-06 10:01:00
7802,2,xgb,0.684,77.4,2025-01-06 10:02:00
7803,3,rf,0.788,127.2,2025-01-06 10:03:00
7804,4,logreg,0.846,164.1,2025-01-06 10:04:00
7805,5,xgb,0.679,72.6,2025-01-06 10:05:00
7806,6,xgb,0.783,178.4,2025-01-06 10:06:00
7807,7,xgb,0.638,117.0,2025-01-06 10:07:00
7808,8,xgb,0.546,271.7,2025-01-06 10:08:00
7809,9,logreg,0.664,14.0,2025-01-06 10:09:00
7810,10,svm,0.764,81.0,2025-01-06 10:10:00
7811,11,logreg,0.71,146.0,2025-01-06 10:11:00
7812,12,xgb,0.502,262.6,2025-01-06 10:12:00
7813,13,xgb,0.503,236.8,2025-01-06 10:13:00
7814,14,svm,0.6,270.4,2025-01-06 10:14:00
7815,15,logreg,0.588,226.4,2025-01-06 10:15:00
7816,16,logreg,0.79,243.5,2025-01-06 10:16:00
7817,17,xgb,0.625,21.8,2025-01-06 10:17:00
7818,18,svm,0.897,213.3,2025-01-06 10:18:00
7819,19,xgb,0.657,262.6,2025-01-06 10:19:00
7820,20,svm,0.962,128.5,2025-01-06 10:20:00
7821,21,xgb,0.502,163.8,2025-01-06 10:21:00
7822,22,xgb,0.961,3.3,2025-01-06 10:22:00
7823,23,logreg,0.561,216.9,2025-01-06 10:23:00
7824,24,rf,0.813,229.9,2025-01-06 10:24:00
7825,25,xgb,0.772,214.8,2025-01-06 10:25:00
7826,26,xgb,0.966,238.2,2025-01-06 10:26:00
7827,27,logreg,0.723,224.3,2025-01-06 10:27:00
7828,28,rf,0.559,228.2,2025-01-06 10:28:00
7829,29,svm,0.569,39.4,2025-01-06 10:29:00
7830,30,logreg,0.82,276.5,2025-01-06 10:30:00
7831,31,xgb,0.501,181.2,2025-01-06 10:31:00
7832,32,rf,0.717,25.8,2025-01-06 10:32:00
7833,33,rf,0.524,43.3,2025-01-06 10:33:00
7834,34,svm,0.569,89.3,2025-01-06 10:34:00
7835,35,svm,0.74,266.6,2025-01-06 10:35:00
7836,36,rf,0.671,197.9,2025-01-06 10:36:00
7837,37,logreg,0.983,29.1,2025-01-06 10:37:00
7838,38,logreg,0.958,203.7,2025-01-06 10:38:00
7839,39,logreg,0.553,110.1,2025-01-06 10:39:00
7840,40,logreg,0.671,120.2,2025-01-06 10:40:00
7841,41,logreg,0.699,13.2,2025-01-06 10:41:00
7842,42,logreg,0.757,71.1,2025-01-06 10:42:00
7843,43,svm,0.882,5.8,2025-01-06 10:43:00
7844,44,svm,0.575,280.9,2025-01-06 10:44:00
7845,45,svm,0.963,295.9,2025-01-06 10:45:00
7846,46,logreg,0.834,110.0,2025-01-06 10:46:00
7847,47,logreg,0.806,287.2,2025-01-06 10:47:00
7848,48,xgb,0.562,27.4,2025-01-06 10:48:00
7849,49,rf,0.873,73.9,2025-01-06 10:49:00
7850,50,rf,0.725,109.2,2025-01-06 10:50:00
7851,51,svm,0.734,73.7,2025-01-06 10:51:00
7852,52,rf,0.874,101.0,2025-01-06 10:52:00
7853,53,rf,0.54,283.5,2025-01-06 10:53:00
7854,54,rf,0.865,29.8,2025-01-06 10:54:00
7855,55,rf,0.695,248.8,2025-01-06 10:55:00
7856,56,xgb,0.705,10.2,2025-01-06 10:56:00
7857,57,rf,0.566,105.2,2025-01-06 10:57:00
7858,58,xgb,0.828,253.6,2025-01-06 10:58:00
7859,59,svm,0.793,259.2,2025-01-06 10:59:00
7860,60,xgb,0.608,87.4,2025-01-06 11:00:00
7861,61,xgb,0.675,268.4,2025-01-06 11:01:00
7862,62,xgb,0.553,171.6,2025-01-06 11:02:00
7863,63,logreg,0.779,245.6,2025-01-06 11:03:00
7864,64,logreg,0.619,269.0,2025-01-06 11:04:00
7865,65,logreg,0.983,116.8,2025-01-06 11:05:00
7866,66,svm,0.833,72.8,2025-01-06 11:06:00
7867,67,xgb,0.511,63.1,2025-01-06 11:07:00
7868,68,logreg,0.839,245.4,2025-01-06 11:08:00
7869,69,logreg,0.707,44.7,2025-01-06 11:09:00
7870,70,xgb,0.652,162.1,2025-01-06 11:10:00
7871,71,svm,0.921,178.1,2025-01-06 11:11:00
7872,72,xgb,0.984,149.9,2025-01-06 11:12:00
7873,73,xgb,0.642,12.8,2025-01-06 11:13:00
7874,74,rf,0.838,220.7,2025-01-06 11:14:00
7875,75,xgb,0.51,117.9,2025-01-06 11:15:00
7876,76,rf,0.542,200.3,2025-01-06 11:16:00
7877,77,logreg,0.887,96.6,2025-01-06 11:17:00
7878,78,rf,0.774,102.0,2025-01-06 11:18:00
7879,79,xgb,0.904,149.2,2025-01-06 11:19:00
7880,80,rf,0.696,195.9,2025-01-06 11:20:00
7881,81,rf,0.931,209.1,2025-01-06 11:21:00
7882,82,xgb,0.984,96.8,2025-01-06 11:22:00
7883,83,logreg,0.914,273.0,2025-01-06 11:23:00
7884,84,logreg,0.793,229.0,2025-01-06 11:24:00
7885,85,xgb,0.898,27.7,2025-01-06 11:25:00
7886,86,rf,0.528,12.3,2025-01-06 11:26:00
7887,87,rf,0.758,179.0,2025-01-06 11:27:00
7888,88,xgb,0.532,133.6,2025-01-06 11:28:00
7889,89,rf,0.856,243.1,2025-01-06 11:29:00
7890,90,svm,0.918,160.0,2025-01-06 11:30:00
7891,91,rf,0.585,193.5,2025-01-06 11:31:00
7892,92,xgb,0.665,285.6,2025-01-06 11:32:00
7893,93,rf,0.664,264.4,2025-01-06 11:33:00
7894,94,xgb,0.806,16.1,2025-01-06 11:34:00
7895,95,xgb,0.524,79.5,2025-01-06 11:35:00
7896,96,xgb,0.81,125.7,2025-01-06 11:36:00
7897,97,rf,0.619,125.8,2025-01-06 11:37:00
7898,98,xgb,0.762,193.2,2025-01-06 11:38:00
7899,99,rf,0.569,42.0,2025-01-06 11:39:00
7900,100,logreg,0.755,105.3,2025-01-06 11:40:00
7901,101,svm,0.882,268.3,2025-01-06 11:41:00
7902,102,svm,0.877,254.2,2025-01-06 11:42:00
7903,103,svm,0.947,66.9,2025-01-06 11:43:00
7904,104,rf,0.518,105.3,2025-01-06 11:44:00
7905,105,xgb,0.83,222.8,2025-01-06 11:45:00
7906,106,rf,0.922,130.4,2025-01-06 11:46:00
7907,107,xgb,0.796,186.0,2025-01-06 11:47:00
7908,108,svm,0.98,29.3,2025-01-06 11:48:00
7909,109,rf,0.866,42.8,2025-01-06 11:49:00
7910,110,logreg,0.797,142.8,2025-01-06 11:50:00
7911,111,logreg,0.859,107.4,2025-01-06 11:51:00
7912,112,rf,0.871,32.0,2025-01-06 11:52:00
7913,113,logreg,0.709,207.3,2025-01-06 11:53:00
7914,114,rf,0.749,144.1,2025-01-06 11:54:00
7915,115,xgb,0.823,163.3,2025-01-06 11:55:00
7916,116,xgb,0.7,71.6,2025-01-06 11:56:00
7917,117,svm,0.512,218.9,2025-01-06 11:57:00
7918,118,logreg,0.931,234.9,2025-01-06 11:58:00
7919,119,xgb,0.725,121.1,2025-01-06 11:59:00
7920,120,xgb,0.59,130.2,2025-01-06 12:00:00
7921,121,logreg,0.752,207.6,2025-01-06 12:01:00
7922,122,rf,0.779,206.6,2025-01-06 12:02:00
7923,123,logreg,0.815,26.6,2025-01-06 12:03:00
7924,124,logreg,0.985,98.1,2025-01-06 12:04:00
7925,125,xgb,0.77,192.6,2025-01-06 12:05:00
7926,126,rf,0.727,174.7,2025-01-06 12:06:00
7927,127,xgb,0.896,170.1,2025-01-06 12:07:00
7928,128,rf,0.566,103.1,2025-01-06 12:08:00
7929,129,logreg,0.735,46.5,2025-01-06 12:09:00
7930,130,svm,0.978,250.9,2025-01-06 12:10:00
7931,131,logreg,0.645,165.2,2025-01-06 12:11:00
7932,132,xgb,0.947,111.4,2025-01-06 12:12:00
7933,133,rf,0.655,277.4,2025-01-06 12:13:00
7934,134,svm,0.561,132.8,2025-01-06 12:14:00
7935,135,logreg,0.662,165.9,2025-01-06 12:15:00
7936,136,xgb,0.78,286.1,2025-01-06 12:16:00
7937,137,xgb,0.789,284.8,2025-01-06 12:17:00
7938,138,svm,0.925,105.9,2025-01-06 12:18:00
7939,139,rf,0.762,133.0,2025-01-06 12:19:00
7940,140,rf,0.912,93.2,2025-01-06 12:20:00
7941,141,logreg,0.519,262.0,2025-01-06 12:21:00
7942,142,svm,0.879,2.3,2025-01-06 12:22:00
7943,143,xgb,0.628,178.7,2025-01-06 12:23:00
7944,144,xgb,0.756,134.7,2025-01-06 12:24:00
7945,145,logreg,0.671,139.5,2025-01-06 12:25:00
7946,146,rf,0.807,193.1,2025-01-06 12:26:00
7947,147,xgb,0.789,6.4,2025-01-06 12:27:00
7948,148,rf,0.858,45.8,2025-01-06 12:28:00
7949,149,rf,0.531,152.6,2025-01-06 12:29:00
7950,150,rf,0.742,52.1,2025-01-06 12:30:00
7951,151,rf,0.697,193.3,2025-01-06 12:31:00
7952,152,svm,0.573,55.2,2025-01-06 12:32:00
7953,153,xgb,0.917,123.0,2025-01-06 12:33:00
7954,154,xgb,0.902,190.6,2025-01-06 12:34:00
7955,155,rf,0.688,266.0,2025-01-06 12:35:00
7956,156,rf,0.883,150.0,2025-01-06 12:36:00
7957,157,xgb,0.51,41.7,2025-01-06 12:37:00
7958,158,svm,0.885,271.5,2025-01-06 12:38:00
7959,159,logreg,0.568,210.8,2025-01-06 12:39:00
7960,160,logreg,0.678,141.4,2025-01-06 12:40:00
7961,161,svm,0.987,209.5,2025-01-06 12:41:00
7962,162,svm,0.742,234.8,2025-01-06 12:42:00
7963,163,rf,0.895,229.0,2025-01-06 12:43:00
7964,164,svm,0.692,199.3,2025-01-06 12:44:00
7965,165,svm,0.942,203.8,2025-01-06 12:45:00
7966,166,logreg,0.625,216.4,2025-01-06 12:46:00
7967,167,logreg,0.887,109.2,2025-01-06 12:47:00
7968,168,svm,0.624,112.4,2025-01-06 12:48:00
7969,169,svm,0.662,20.6,2025-01-06 12:49:00
7970,170,logreg,0.821,269.0,2025-01-06 12:50:00
7971,171,logreg,0.673,262.3,2025-01-06 12:51:00
7972,172,xgb,0.826,261.9,2025-01-06 12:52:00
7973,173,xgb,0.885,168.9,2025-01-06 12:53:00
7974,174,xgb,0.824,278.1,2025-01-06 12:54:00
7975,175,logreg,0.809,256.5,2025-01-06 12:55:00
7976,176,logreg,0.606,293.6,2025-01-06 12:56:00
7977,177,svm,0.754,72.9,2025-01-06 12:57:00
7978,178,rf,0.922,243.6,2025-01-06 12:58:00
7979,179,logreg,0.679,141.8,2025-01-06 12:59:00
7980,180,svm,0.619,232.2,2025-01-06 13:00:00
7981,181,logreg,0.878,183.4,2025-01-06 13:01:00
7982,182,xgb,0.822,195.0,2025-01-06 13:02:00
7983,183,svm,0.619,292.6,2025-01-06 13:03:00
7984,184,logreg,0.988,207.5,2025-01-06 13:04:00
7985,185,rf,0.674,229.2,2025-01-06 13:05:00
7986,186,svm,0.656,18.8,2025-01-06 13:06:00
7987,187,rf,0.792,160.1,2025-01-06 13:07:00
7988,188,logreg,0.727,220.1,2025-01-06 13:08:00
7989,189,rf,0.525,59.9,2025-01-06 13:09:00
7990,190,xgb,0.95,227.7,2025-01-06 13:10:00
7991,191,xgb,0.778,209.4,2025-01-06 13:11:00
7992,192,logreg,0.611,221.8,2025-01-06 13:12:00
7993,193,xgb,0.914,177.5,2025-01-06 13:13:00
7994,194,svm,0.811,276.7,2025-01-06 13:14:00
7995,195,rf,0.618,277.7,2025-01-06 13:15:00
7996,196,rf,0.707,101.2,2025-01-06 13:16:00
7997,197,svm,0.554,12.5,2025-01-06 13:17:00
7998,198,xgb,0.838,191.2,2025-01-06 13:18:00
7999,199,svm,0.986,7.9,2025-01-06 13:19:00
8000,0,xgb,,29.2,2025-01-06 13:20:00
8001,1,xgb,0.668,265.5,2025-01-06 13:21:00
8002,2,xgb,0.945,179.4,2025-01-06 13:22:00
8003,3,xgb,0.904,225.4,2025-01-06 13:23:00
8004,4,svm,0.592,239.4,2025-01-06 13:24:00
8005,5,rf,0.555,72.5,2025-01-06 13:25:00
8006,6,svm,0.782,83.2,2025-01-06 13:26:00
8007,7,xgb,0.697,56.2,2025-01-06 13:27:00
8008,8,logreg,0.9,45.5,2025-01-06 13:28:00
8009,9,logreg,0.912,114.7,2025-01-06 13:29:00
8010,10,xgb,0.895,103.8,2025-01-06 13:30:00
8011,11,rf,0.757,149.3,2025-01-06 13:31:00
8012,12,xgb,0.771,203.4,2025-01-06 13:32:00
8013,13,svm,0.643,286.4,2025-01-06 13:33:00
8014,14,svm,0.81,130.0,2025-01-06 13:34:00
8015,15,rf,0.891,247.3,2025-01-06 13:35:00
8016,16,rf,0.786,97.9,2025-01-06 13:36:00
8017,17,rf,0.734,270.7,2025-01-06 13:37:00
8018,18,svm,0.669,107.9,2025-01-06 13:38:00
8019,19,xgb,0.837,209.9,2025-01-06 13:39:00
8020,20,logreg,0.566,56.8,2025-01-06 13:40:00
8021,21,rf,0.704,60.7,2025-01-06 13:41:00
8022,22,logreg,0.623,29.5,2025-01-06 13:42:00
8023,23,xgb,0.914,200.7,2025-01-06 13:43:00
8024,24,logreg,0.684,127.5,2025-01-06 13:44:00
8025,25,xgb,0.873,77.9,2025-01-06 13:45:00
8026,26,rf,0.585,127.9,2025-01-06 13:46:00
8027,27,svm,0.758,153.8,2025-01-06 13:47:00
8028,28,logreg,0.692,5.2,2025-01-06 13:48:00
8029,29,rf,0.708,71.0,2025-01-06 13:49:00
8030,30,logreg,0.618,237.2,2025-01-06 13:50:00
8031,31,xgb,0.952,179.7,2025-01-06 13:51:00
8032,32,rf,0.714,148.7,2025-01-06 13:52:00
8033,33,rf,0.652,10.7,2025-01-06 13:53:00
8034,34,svm,0.853,246.6,2025-01-06 13:54:00
8035,35,xgb,0.95,38.4,2025-01-06 13:55:00
8036,36,logreg,0.716,203.3,2025-01-06 13:56:00
8037,37,rf,0.964,285.7,2025-01-06 13:57:00
8038,38,xgb,0.637,69.5,2025-01-06 13:58:00
8039,39,rf,0.651,103.9,2025-01-06 13:59:00
8040,40,rf,0.822,195.4,2025-01-06 14:00:00
8041,41,rf,0.571,182.7,2025-01-06 14:01:00
8042,42,xgb,0.696,110.5,2025-01-06 14:02:00
8043,43,xgb,0.771,235.8,2025-01-06 14:03:00
8044,44,xgb,0.552,77.4,2025-01-06 14:04:00
8045,45,logreg,0.677,112.0,2025-01-06 14:05:00
8046,46,logreg,0.729,182.3,2025-01-06 14:06:00
8047,47,rf,0.554,100.0,2025-01-06 14:07:00
8048,48,rf,0.867,189.0,2025-01-06 14:08:00
8049,49,xgb,0.939,156.9,2025-01-06 14:09:00
8050,50,xgb,0.817,75.4,2025-01-06 14:10:00
8051,51,svm,0.61,238.9,2025-01-06 14:11:00
8052,52,rf,0.836,256.9,2025-01-06 14:12:00
8053,53,logreg,0.737,203.8,2025-01-06 14:13:00
8054,54,rf,0.657,123.0,2025-01-06 14:14:00
8055,55,rf,0.965,280.9,2025-01-06 14:15:00
8056,56,xgb,0.691,234.9,2025-01-06 14:16:00
8057,57,svm,0.896,273.0,2025-01-06 14:17:00
8058,58,xgb,0.92,153.3,2025-01-06 14:18:00
8059,59,logreg,0.569,184.7,2025-01-06 14:19:00
8060,60,rf,0.858,147.3,2025-01-06 14:20:00
8061,61,xgb,0.577,178.5,2025-01-06 14:21:00
8062,62,xgb,0.695,270.1,2025-01-06 14:22:00
8063,63,svm,0.717,204.1,2025-01-06 14:23:00
8064,64,logreg,0.881,35.1,2025-01-06 14:24:00
8065,65,rf,0.676,169.9,2025-01-06 14:25:00
8066,66,logreg,0.739,133.2,2025-01-06 14:26:00
8067,67,svm,0.67,178.9,2025-01-06 14:27:00
8068,68,rf,0.683,59.8,2025-01-06 14:28:00
8069,69,svm,0.634,16.3,2025-01-06 14:29:00
8070,70,xgb,0.503,233.1,2025-01-06 14:30:00
8071,71,logreg,0.864,156.7,2025-01-06 14:31:00
8072,72,logreg,0.772,11.2,2025-01-06 14:32:00
8073,73,xgb,0.865,93.6,2025-01-06 14:33:00
8074,74,svm,0.931,51.9,2025-01-06 14:34:00
8075,75,svm,0.746,136.3,2025-01-06 14:35:00
8076,76,logreg,0.523,194.9,2025-01-06 14:36:00
8077,77,rf,0.633,181.8,2025-01-06 14:37:00
8078,78,xgb,0.634,205.8,2025-01-06 14:38:00
8079,79,logreg,0.833,90.0,2025-01-06 14:39:00
8080,80,rf,0.763,217.4,2025-01-06 14:40:00
8081,81,xgb,0.887,163.0,2025-01-06 14:41:00
8082,82,rf,0.522,266.7,2025-01-06 14:42:00
8083,83,xgb,0.719,22.4,2025-01-06 14:43:00
8084,84,svm,0.549,74.1,2025-01-06 14:44:00
8085,85,logreg,0.529,164.1,2025-01-06 14:45:00
8086,86,xgb,0.573,30.5,2025-01-06 14:46:00
8087,87,xgb,0.677,71.6,2025-01-06 14:47:00
8088,88,rf,0.878,222.3,2025-01-06 14:48:00
8089,89,rf,0.932,202.0,2025-01-06 14:49:00
8090,90,rf,0.855,191.5,2025-01-06 14:50:00
8091,91,xgb,0.704,3.7,2025-01-06 14:51:00
8092,92,rf,0.818,210.7,2025-01-06 14:52:00
8093,93,xgb,0.862,180.5,2025-01-06 14:53:00
8094,94,logreg,0.867,178.2,2025-01-06 14:54:00
8095,95,svm,0.818,129.1,2025-01-06 14:55:00
8096,96,xgb,0.523,7.9,2025-01-06 14:56:00
8097,97,xgb,0.54,209.9,2025-01-06 14:57:00
8098,98,rf,0.882,290.0,2025-01-06 14:58:00
8099,99,rf,0.724,130.7,2025-01-06 14:59:00
8100,100,svm,0.775,261.5,2025-01-06 15:00:00
8101,101,rf,0.889,201.7,2025-01-06 15:01:00
8102,102,svm,0.551,65.8,2025-01-06 15:02:00
8103,103,rf,0.759,25.2,2025-01-06 15:03:00
8104,104,rf,0.932,175.7,2025-01-06 15:04:00
8105,105,rf,0.805,239.8,2025-01-06 15:05:00
8106,106,svm,0.677,280.5,2025-01-06 15:06:00
8107,107,logreg,0.797,43.4,2025-01-06 15:07:00
8108,108,logreg,0.669,117.5,2025-01-06 15:08:00
8109,109,rf,0.794,136.6,2025-01-06 15:09:00
8110,110,logreg,0.538,132.3,2025-01-06 15:10:00
8111,111,rf,0.837,203.0,2025-01-06 15:11:00
8112,112,logreg,0.868,254.1,2025-01-06 15:12:00
8113,113,xgb,0.786,120.8,2025-01-06 15:13:00
8114,114,xgb,0.864,229.7,2025-01-06 15:14:00
8115,115,logreg,0.953,132.7,2025-01-06 15:15:00
8116,116,xgb,0.961,112.3,2025-01-06 15:16:00
8117,117,logreg,0.602,30.4,2025-01-06 15:17:00
8118,118,logreg,0.866,247.1,2025-01-06 15:18:00
8119,119,rf,0.581,42.8,2025-01-06 15:19:00
8120,120,svm,0.827,288.5,2025-01-06 15:20:00
8121,121,svm,0.646,117.9,2025-01-06 15:21:00
8122,122,logreg,0.586,127.9,2025-01-06 15:22:00
8123,123,xgb,0.5,285.5,2025-01-06 15:23:00
8124,124,rf,0.535,137.7,2025-01-06 15:24:00
8125,125,rf,0.835,53.1,2025-01-06 15:25:00
8126,126,rf,0.684,89.4,2025-01-06 15:26:00
8127,127,xgb,0.555,119.6,2025-01-06 15:27:00
8128,128,logreg,0.602,277.0,2025-01-06 15:28:00
8129,129,svm,0.735,252.7,2025-01-06 15:29:00
8130,130,logreg,0.653,162.1,2025-01-06 15:30:00
8131,131,logreg,0.791,270.8,2025-01-06 15:31:00
8132,132,rf,0.606,165.8,2025-01-06 15:32:00
8133,133,xgb,0.501,84.2,2025-01-06 15:33:00
8134,134,xgb,0.738,181.4,2025-01-06 15:34:00
8135,135,xgb,0.697,68.9,2025-01-06 15:35:00
8136,136,rf,0.875,173.4,2025-01-06 15:36:00
8137,137,xgb,0.866,44.3,2025-01-06 15:37:00
8138,138,rf,0.824,51.1,2025-01-06 15:38:00
8139,139,rf,0.688,179.9,2025-01-06 15:39:00
8140,140,svm,0.532,272.4,2025-01-06 15:40:00
8141,141,rf,0.685,281.1,2025-01-06 15:41:00
8142,142,xgb,0.784,25.5,2025-01-06 15:42:00
8143,143,logreg,0.583,154.6,2025-01-06 15:43:00
8144,144,svm,0.735,156.1,2025-01-06 15:44:00
8145,145,rf,0.543,35.1,2025-01-06 15:45:00
8146,146,logreg,0.819,254.5,2025-01-06 15:46:00
8147,147,logreg,0.664,135.0,2025-01-06 15:47:00
8148,148,svm,0.908,143.6,2025-01-06 15:48:00
8149,149,svm,0.785,135.2,2025-01-06 15:49:00
8150,150,rf,0.655,279.0,2025-01-06 15:50:00
8151,151,xgb,0.552,38.1,2025-01-06 15:51:00
8152,152,svm,0.768,123.4,2025-01-06 15:52:00
8153,153,svm,0.984,107.4,2025-01-06 15:53:00
8154,154,rf,0.771,160.8,2025-01-06 15:54:00
8155,155,rf,0.988,267.5,2025-01-06 15:55:00
8156,156,rf,0.712,148.3,2025-01-06 15:56:00
8157,157,svm,0.699,73.7,2025-01-06 15:57:00
8158,158,logreg,0.598,29.1,2025-01-06 15:58:00
8159,159,logreg,0.981,110.6,2025-01-06 15:59:00
8160,160,svm,0.72,54.2,2025-01-06 16:00:00
8161,161,logreg,0.551,179.4,2025-01-06 16:01:00
8162,162,logreg,0.607,274.2,2025-01-06 16:02:00
8163,163,rf,0.543,251.9,2025-01-06 16:03:00
8164,164,xgb,0.758,207.2,2025-01-06 16:04:00
8165,165,rf,0.692,293.4,2025-01-06 16:05:00
8166,166,xgb,0.842,35.0,2025-01-06 16:06:00
8167,167,xgb,0.815,4.9,2025-01-06 16:07:00
8168,168,rf,0.709,148.6,2025-01-06 16:08:00
8169,169,xgb,0.89,209.0,2025-01-06 16:09:00
8170,170,rf,0.691,240.9,2025-01-06 16:10:00
8171,171,xgb,0.707,37.0,2025-01-06 16:11:00
8172,172,xgb,0.538,184.6,2025-01-06 16:12:00
8173,173,svm,0.631,12.0,2025-01-06 16:13:00
8174,174,rf,0.652,181.0,2025-01-06 16:14:00
8175,175,rf,0.619,202.1,2025-01-06 16:15:00
8176,176,svm,0.867,112.1,2025-01-06 16:16:00
8177,177,svm,0.747,103.2,2025-01-06 16:17:00
8178,178,logreg,0.943,246.3,2025-01-06 16:18:00
8179,179,xgb,0.833,275.2,2025-01-06 16:19:00
8180,180,rf,0.575,255.3,2025-01-06 16:20:00
8181,181,xgb,0.796,47.1,2025-01-06 16:21:00
8182,182,svm,0.881,267.7,2025-01-06 16:22:00
8183,183,rf,0.715,82.4,2025-01-06 16:23:00
8184,184,xgb,0.658,264.3,2025-01-06 16:24:00
8185,185,rf,0.808,253.1,2025-01-06 16:25:00
8186,186,svm,0.908,260.4,2025-01-06 16:26:00
8187,187,xgb,0.943,32.8,2025-01-06 16:27:00
8188,188,xgb,0.846,122.3,2025-01-06 16:28:00
8189,189,rf,0.56,163.1,2025-01-06 16:29:00
8190,190,xgb,0.78,79.1,2025-01-06 16:30:00
8191,191,svm,0.548,63.2,2025-01-06 16:31:00
8192,192,svm,0.656,29.1,2025-01-06 16:32:00
8193,193,logreg,0.607,16.8,2025-01-06 16:33:00
8194,194,xgb,0.504,231.8,2025-01-06 16:34:00
8195,195,logreg,0.793,156.9,2025-01-06 16:35:00
8196,196,svm,0.88,186.9,2025-01-06 16:36:00
8197,197,logreg,0.841,92.5,2025-01-06 16:37:00
8198,198,logreg,0.566,84.0,2025-01-06 16:38:00
8199,199,rf,0.776,225.0,2025-01-06 16:39:00
8200,0,xgb,0.844,138.8,2025-01-06 16:40:00
8201,1,xgb,0.661,283.8,2025-01-06 16:41:00
8202,2,rf,0.705,153.0,2025-01-06 16:42:00
8203,3,rf,0.93,65.5,2025-01-06 16:43:00
8204,4,logreg,0.594,129.2,2025-01-06 16:44:00
8205,5,rf,0.734,41.7,2025-01-06 16:45:00
8206,6,logreg,0.822,212.3,2025-01-06 16:46:00
8207,7,rf,0.846,54.9,2025-01-06 16:47:00
8208,8,xgb,0.819,194.3,2025-01-06 16:48:00
8209,9,svm,0.546,185.4,2025-01-06 16:49:00
8210,10,xgb,0.897,19.3,2025-01-06 16:50:00
8211,11,xgb,0.591,71.2,2025-01-06 16:51:00
8212,12,svm,0.651,5.3,2025-01-06 16:52:00
8213,13,rf,0.818,93.7,2025-01-06 16:53:00
8214,14,svm,0.582,228.5,2025-01-06 16:54:00
8215,15,svm,0.576,295.6,2025-01-06 16:55:00
8216,16,rf,0.577,84.6,2025-01-06 16:56:00
8217,17,svm,0.504,180.7,2025-01-06 16:57:00
8218,18,logreg,0.702,210.8,2025-01-06 16:58:00
8219,19,rf,0.558,221.0,2025-01-06 16:59:00
8220,20,logreg,0.822,294.0,2025-01-06 17:00:00
8221,21,logreg,0.985,3.4,2025-01-06 17:01:00
8222,22,svm,0.55,149.0,2025-01-06 17:02:00
8223,23,xgb,0.804,186.4,2025-01-06 17:03:00
8224,24,rf,0.94,140.8,2025-01-06 17:04:00
8225,25,svm,0.652,191.2,2025-01-06 17:05:00
8226,26,svm,0.911,297.0,2025-01-06 17:06:00
8227,27,rf,0.749,247.6,2025-01-06 17:07:00
8228,28,logreg,0.921,200.6,2025-01-06 17:08:00
8229,29,rf,0.513,60.7,2025-01-06 17:09:00
8230,30,logreg,0.657,80.9,2025-01-06 17:10:00
8231,31,xgb,0.517,287.1,2025-01-06 17:11:00
8232,32,xgb,0.735,213.6,2025-01-06 17:12:00
8233,33,logreg,0.786,281.0,2025-01-06 17:13:00
8234,34,logreg,0.794,232.8,2025-01-06 17:14:00
8235,35,svm,0.615,161.6,2025-01-06 17:15:00
8236,36,rf,0.779,28.8,2025-01-06 17:16:00
8237,37,rf,0.806,163.0,2025-01-06 17:17:00
8238,38,xgb,0.798,5.9,2025-01-06 17:18:00
8239,39,xgb,0.884,92.4,2025-01-06 17:19:00
8240,40,svm,0.82,257.7,2025-01-06 17:20:00
8241,41,svm,0.501,128.0,2025-01-06 17:21:00
8242,42,xgb,0.751,57.2,2025-01-06 17:22:00
8243,43,logreg,0.594,242.0,2025-01-06 17:23:00
8244,44,xgb,0.967,77.9,2025-01-06 17:24:00
8245,45,logreg,0.682,281.8,2025-01-06 17:25:00
8246,46,logreg,0.714,184.1,2025-01-06 17:26:00
8247,47,rf,0.749,233.0,2025-01-06 17:27:00
8248,48,svm,0.898,53.5,2025-01-06 17:28:00
8249,49,xgb,0.856,53.8,2025-01-06 17:29:00
8250,50,xgb,0.772,103.7,2025-01-06 17:30:00
8251,51,logreg,0.632,102.7,2025-01-06 17:31:00
8252,52,rf,0.783,104.9,2025-01-06 17:32:00
8253,53,svm,0.798,263.9,2025-01-06 17:33:00
8254,54,logreg,0.913,259.8,2025-01-06 17:34:00
8255,55,xgb,0.779,242.2,2025-01-06 17:35:00
8256,56,logreg,0.639,63.6,2025-01-06 17:36:00
8257,57,rf,0.911,141.6,2025-01-06 17:37:00
8258,58,svm,0.522,137.9,2025-01-06 17:38:00
8259,59,xgb,0.502,228.8,2025-01-06 17:39:00
8260,60,svm,0.634,165.6,2025-01-06 17:40:00
8261,61,logreg,0.604,83.2,2025-01-06 17:41:00
8262,62,svm,0.862,183.5,2025-01-06 17:42:00
8263,63,logreg,0.827,155.4,2025-01-06 17:43:00
8264,64,logreg,0.711,177.1,2025-01-06 17:44:00
8265,65,svm,0.724,123.2,2025-01-06 17:45:00
8266,66,rf,0.724,256.2,2025-01-06 17:46:00
8267,67,rf,0.927,260.1,2025-01-06 17:47:00
8268,68,logreg,0.786,26.4,2025-01-06 17:48:00
8269,69,svm,0.804,272.5,2025-01-06 17:49:00
8270,70,rf,0.513,227.9,2025-01-06 17:50:00
8271,71,svm,0.89,285.4,2025-01-06 17:51:00
8272,72,logreg,0.55,118.3,2025-01-06 17:52:00
8273,73,svm,0.705,218.6,2025-01-06 17:53:00
8274,74,rf,0.82,23.9,2025-01-06 17:54:00
8275,75,logreg,0.962,206.2,2025-01-06 17:55:00
8276,76,logreg,0.741,88.5,2025-01-06 17:56:00
8277,77,xgb,0.6,208.6,2025-01-06 17:57:00
8278,78,svm,0.799,192.3,2025-01-06 17:58:00
8279,79,logreg,0.782,99.0,2025-01-06 17:59:00
8280,80,svm,0.659,272.9,2025-01-06 18:00:00
8281,81,svm,0.883,123.2,2025-01-06 18:01:00
8282,82,xgb,0.737,93.9,2025-01-06 18:02:00
8283,83,xgb,0.904,225.1,2025-01-06 18:03:00
8284,84,svm,0.942,238.8,2025-01-06 18:04:00
8285,85,logreg,0.535,249.6,2025-01-06 18:05:00
8286,86,xgb,0.941,240.7,2025-01-06 18:06:00
8287,87,rf,0.647,11.0,2025-01-06 18:07:00
8288,88,xgb,0.662,294.1,2025-01-06 18:08:00
8289,89,xgb,0.764,261.5,2025-01-06 18:09:00
8290,90,logreg,0.71,52.6,2025-01-06 18:10:00
8291,91,logreg,0.929,91.0,2025-01-06 18:11:00
8292,92,rf,0.808,228.4,2025-01-06 18:12:00
8293,93,xgb,0.753,87.0,2025-01-06 18:13:00
8294,94,xgb,0.872,122.8,2025-01-06 18:14:00
8295,95,rf,0.829,59.6,2025-01-06 18:15:00
8296,96,svm,0.608,216.3,2025-01-06 18:16:00
8297,97,rf,0.511,24.8,2025-01-06 18:17:00
8298,98,xgb,0.715,173.9,2025-01-06 18:18:00
8299,99,svm,0.541,242.1,2025-01-06 18:19:00
8300,100,xgb,0.501,88.9,2025-01-06 18:20:00
8301,101,svm,0.572,260.6,2025-01-06 18:21:00
8302,102,logreg,0.725,157.7,2025-01-06 18:22:00
8303,103,logreg,0.524,65.7,2025-01-06 18:23:00
8304,104,svm,0.703,16.4,2025-01-06 18:24:00
8305,105,xgb,0.866,65.5,2025-01-06 18:25:00
8306,106,svm,0.833,64.2,2025-01-06 18:26:00
8307,107,svm,0.697,234.5,2025-01-06 18:27:00
8308,108,logreg,0.866,215.9,2025-01-06 18:28:00
8309,109,xgb,0.551,22.5,2025-01-06 18:29:00
8310,110,xgb,0.596,111.9,2025-01-06 18:30:00
8311,111,logreg,0.544,214.5,2025-01-06 18:31:00
8312,112,rf,0.72,66.7,2025-01-06 18:32:00
8313,113,rf,0.934,91.1,2025-01-06 18:33:00
8314,114,svm,0.726,266.0,2025-01-06 18:34:00
8315,115,xgb,0.831,267.2,2025-01-06 18:35:00
8316,116,logreg,0.62,118.3,2025-01-06 18:36:00
8317,117,svm,0.841,153.3,2025-01-06 18:37:00
8318,118,logreg,0.899,80.2,2025-01-06 18:38:00
8319,119,logreg,0.973,257.7,2025-01-06 18:39:00
8320,120,svm,0.835,195.4,2025-01-06 18:40:00
8321,121,svm,0.911,214.1,2025-01-06 18:41:00
8322,122,xgb,0.788,254.7,2025-01-06 18:42:00
8323,123,logreg,0.867,236.4,2025-01-06 18:43:00
8324,124,rf,0.972,235.4,2025-01-06 18:44:00
8325,125,logreg,0.691,126.5,2025-01-06 18:45:00
8326,126,logreg,0.638,80.3,2025-01-06 18:46:00
8327,127,xgb,0.511,260.1,2025-01-06 18:47:00
8328,128,logreg,0.729,25.1,2025-01-06 18:48:00
8329,129,logreg,0.672,90.1,2025-01-06 18:49:00
8330,130,rf,0.655,141.9,2025-01-06 18:50:00
8331,131,xgb,0.819,63.2,2025-01-06 18:51:00
8332,132,rf,0.886,193.4,2025-01-06 18:52:00
8333,133,rf,0.78,84.1,2025-01-06 18:53:00
8334,134,rf,0.89,112.4,2025-01-06 18:54:00
8335,135,svm,0.856,45.9,2025-01-06 18:55:00
8336,136,svm,0.854,103.7,2025-01-06 18:56:00
8337,137,svm,0.821,127.4,2025-01-06 18:57:00
8338,138,xgb,0.668,54.9,2025-01-06 18:58:00
8339,139,xgb,0.924,39.9,2025-01-06 18:59:00
8340,140,logreg,0.711,10.5,2025-01-06 19:00:00
8341,141,rf,0.922,12.0,2025-01-06 19:01:00
8342,142,logreg,0.514,299.9,2025-01-06 19:02:00
8343,143,rf,0.534,220.9,2025-01-06 19:03:00
8344,144,svm,0.787,226.3,2025-01-06 19:04:00
8345,145,svm,0.904,24.3,2025-01-06 19:05:00
8346,146,logreg,0.908,298.1,2025-01-06 19:06:00
8347,147,rf,0.768,205.2,2025-01-06 19:07:00
8348,148,svm,0.746,224.9,2025-01-06 19:08:00
8349,149,logreg,0.886,83.7,2025-01-06 19:09:00
8350,150,logreg,0.537,219.3,2025-01-06 19:10:00
8351,151,logreg,0.72,277.1,2025-01-06 19:11:00
8352,152,logreg,0.75,201.0,2025-01-06 19:12:00
8353,153,svm,0.853,220.2,2025-01-06 19:13:00
8354,154,logreg,0.696,195.6,2025-01-06 19:14:00
8355,155,logreg,0.768,45.0,2025-01-06 19:15:00
8356,156,rf,0.863,213.9,2025-01-06 19:16:00
8357,157,svm,0.698,293.4,2025-01-06 19:17:00
8358,158,svm,0.508,192.9,2025-01-06 19:18:00
8359,159,rf,0.635,50.1,2025-01-06 19:19:00
8360,160,xgb,0.839,2.1,2025-01-06 19:20:00
8361,161,xgb,0.781,56.6,2025-01-06 19:21:00
8362,162,logreg,0.945,256.8,2025-01-06 19:22:00
8363,163,svm,0.636,144.9,2025-01-06 19:23:00
8364,164,xgb,0.805,127.3,2025-01-06 19:24:00
8365,165,xgb,0.533,17.4,2025-01-06 19:25:00
8366,166,rf,0.606,27.4,2025-01-06 19:26:00
8367,167,logreg,0.684,93.2,2025-01-06 19:27:00
8368,168,svm,0.721,73.8,2025-01-06 19:28:00
8369,169,rf,0.624,220.2,2025-01-06 19:29:00
8370,170,svm,0.582,137.1,2025-01-06 19:30:00
8371,171,svm,0.906,1.8,2025-01-06 19:31:00
8372,172,svm,0.797,85.3,2025-01-06 19:32:00
8373,173,rf,0.956,224.1,2025-01-06 19:33:00
8374,174,xgb,0.949,68.6,2025-01-06 19:34:00
8375,175,logreg,0.816,251.7,2025-01-06 19:35:00
8376,176,rf,0.763,224.6,2025-01-06 19:36:00
8377,177,logreg,0.703,277.8,2025-01-06 19:37:00
8378,178,logreg,0.735,29.6,2025-01-06 19:38:00
8379,179,rf,0.975,275.7,2025-01-06 19:39:00
8380,180,rf,0.748,57.2,2025-01-06 19:40:00
8381,181,xgb,0.674,112.8,2025-01-06 19:41:00
8382,182,svm,0.941,291.2,2025-01-06 19:42:00
8383,183,svm,0.762,24.5,2025-01-06 19:43:00
8384,184,xgb,0.966,280.8,2025-01-06 19:44:00
8385,185,svm,0.812,208.4,2025-01-06 19:45:00
8386,186,logreg,0.77,99.0,2025-01-06 19:46:00
8387,187,rf,0.896,157.2,2025-01-06 19:47:00
8388,188,rf,0.949,291.4,2025-01-06 19:48:00
8389,189,logreg,0.662,242.5,2025-01-06 19:49:00
8390,190,rf,0.685,104.2,2025-01-06 19:50:00
8391,191,xgb,0.605,62.5,2025-01-06 19:51:00
8392,192,rf,0.788,94.0,2025-01-06 19:52:00
8393,193,rf,0.768,215.2,2025-01-06 19:53:00
8394,194,rf,0.859,297.8,2025-01-06 19:54:00
8395,195,rf,0.901,260.0,2025-01-06 19:55:00
8396,196,xgb,0.627,211.4,2025-01-06 19:56:00
8397,197,xgb,0.653,47.9,2025-01-06 19:57:00
8398,198,svm,0.781,223.6,2025-01-06 19:58:00
8399,199,xgb,0.979,254.3,2025-01-06 19:59:00
8400,0,rf,0.585,155.0,2025-01-06 20:00:00
8401,1,xgb,0.731,58.8,2025-01-06 20:01:00
8402,2,rf,0.985,89.4,2025-01-06 20:02:00
8403,3,logreg,0.543,75.6,2025-01-06 20:03:00
8404,4,svm,0.933,107.6,2025-01-06 20:04:00
8405,5,xgb,0.916,285.7,2025-01-06 20:05:00
8406,6,svm,0.609,57.8,2025-01-06 20:06:00
8407,7,svm,0.645,135.5,2025-01-06 20:07:00
8408,8,rf,0.829,30.8,2025-01-06 20:08:00
8409,9,rf,0.802,266.5,2025-01-06 20:09:00
8410,10,logreg,0.677,165.2,2025-01-06 20:10:00
8411,11,svm,0.657,122.6,2025-01-06 20:11:00
8412,12,logreg,0.616,240.3,2025-01-06 20:12:00
8413,13,svm,0.984,91.8,2025-01-06 20:13:00
8414,14,xgb,0.793,30.4,2025-01-06 20:14:00
8415,15,logreg,0.96,257.4,2025-01-06 20:15:00
8416,16,svm,0.667,17.5,2025-01-06 20:16:00
8417,17,svm,0.835,280.5,2025-01-06 20:17:00
8418,18,rf,0.511,291.5,2025-01-06 20:18:00
8419,19,logreg,0.981,114.8,2025-01-06 20:19:00
8420,20,rf,0.508,268.7,2025-01-06 20:20:00
8421,21,xgb,0.578,75.8,2025-01-06 20:21:00
8422,22,rf,0.698,43.3,2025-01-06 20:22:00
8423,23,xgb,0.574,26.0,2025-01-06 20:23:00
8424,24,logreg,0.674,191.8,2025-01-06 20:24:00
8425,25,xgb,0.819,114.9,2025-01-06 20:25:00
8426,26,logreg,0.968,10.1,2025-01-06 20:26:00
8427,27,xgb,0.809,149.5,2025-01-06 20:27:00
8428,28,rf,0.865,4.3,2025-01-06 20:28:00
8429,29,xgb,0.568,240.1,2025-01-06 20:29:00
8430,30,svm,0.741,228.3,2025-01-06 20:30:00
8431,31,logreg,0.524,61.2,2025-01-06 20:31:00
8432,32,xgb,0.515,288.1,2025-01-06 20:32:00
8433,33,logreg,0.947,80.9,2025-01-06 20:33:00
8434,34,svm,0.802,220.8,2025-01-06 20:34:00
8435,35,svm,0.894,167.4,2025-01-06 20:35:00
8436,36,rf,0.571,105.5,2025-01-06 20:36:00
8437,37,svm,0.664,270.4,2025-01-06 20:37:00
8438,38,rf,0.662,298.8,2025-01-06 20:38:00
8439,39,rf,0.846,45.1,2025-01-06 20:39:00
8440,40,logreg,0.508,114.7,2025-01-06 20:40:00
8441,41,svm,0.771,52.9,2025-01-06 20:41:00
8442,42,xgb,0.628,126.1,2025-01-06 20:42:00
8443,43,svm,0.915,266.0,2025-01-06 20:43:00
8444,44,svm,0.721,241.6,2025-01-06 20:44:00
8445,45,svm,0.52,174.3,2025-01-06 20:45:00
8446,46,svm,0.927,190.7,2025-01-06 20:46:00
8447,47,svm,0.713,288.9,2025-01-06 20:47:00
8448,48,svm,0.6,29.0,2025-01-06 20:48:00
8449,49,logreg,0.661,252.5,2025-01-06 20:49:00
8450,50,logreg,0.895,66.9,2025-01-06 20:50:00
8451,51,logreg,0.76,278.1,2025-01-06 20:51:00
8452,52,logreg,0.857,114.9,2025-01-06 20:52:00
8453,53,logreg,0.842,273.5,2025-01-06 20:53:00
8454,54,xgb,0.536,117.4,2025-01-06 20:54:00
8455,55,rf,0.704,39.3,2025-01-06 20:55:00
8456,56,xgb,0.913,7.9,2025-01-06 20:56:00
8457,57,rf,0.986,240.0,2025-01-06 20:57:00
8458,58,xgb,0.772,3.7,2025-01-06 20:58:00
8459,59,svm,0.736,177.1,2025-01-06 20:59:00
8460,60,logreg,0.942,24.8,2025-01-06 21:00:00
8461,61,rf,0.605,6.0,2025-01-06 21:01:00
8462,62,svm,0.559,216.6,2025-01-06 21:02:00
8463,63,svm,0.92,156.8,2025-01-06 21:03:00
8464,64,svm,0.858,168.5,2025-01-06 21:04:00
8465,65,svm,0.651,177.1,2025-01-06 21:05:00
8466,66,rf,0.627,242.9,2025-01-06 21:06:00
8467,67,rf,0.969,70.8,2025-01-06 21:07:00
8468,68,logreg,0.563,72.6,2025-01-06 21:08:00
8469,69,svm,0.933,287.2,2025-01-06 21:09:00
8470,70,logreg,0.732,192.2,2025-01-06 21:10:00
8471,71,svm,0.857,38.7,2025-01-06 21:11:00
8472,72,logreg,0.742,242.5,2025-01-06 21:12:00
8473,73,svm,0.924,228.0,2025-01-06 21:13:00
8474,74,logreg,0.899,159.1,2025-01-06 21:14:00
8475,75,logreg,0.909,100.2,2025-01-06 21:15:00
8476,76,xgb,0.791,50.9,2025-01-06 21:16:00
8477,77,xgb,0.928,48.5,2025-01-06 21:17:00
8478,78,xgb,0.851,270.4,2025-01-06 21:18:00
8479,79,rf,0.758,47.1,2025-01-06 21:19:00
8480,80,svm,0.603,131.6,2025-01-06 21:20:00
8481,81,svm,0.709,218.5,2025-01-06 21:21:00
8482,82,logreg,0.738,123.4,2025-01-06 21:22:00
8483,83,logreg,0.746,183.6,2025-01-06 21:23:00
8484,84,logreg,0.636,240.7,2025-01-06 21:24:00
8485,85,xgb,0.735,81.4,2025-01-06 21:25:00
8486,86,svm,0.782,249.5,2025-01-06 21:26:00
8487,87,logreg,0.664,24.7,2025-01-06 21:27:00
8488,88,svm,0.812,25.3,2025-01-06 21:28:00
8489,89,logreg,0.658,104.0,2025-01-06 21:29:00
8490,90,svm,0.794,48.4,2025-01-06 21:30:00
8491,91,logreg,0.635,212.9,2025-01-06 21:31:00
8492,92,svm,0.543,206.1,2025-01-06 21:32:00
8493,93,svm,0.976,116.3,2025-01-06 21:33:00
8494,94,xgb,0.71,97.6,2025-01-06 21:34:00
8495,95,rf,0.911,195.9,2025-01-06 21:35:00
8496,96,logreg,0.708,101.1,2025-01-06 21:36:00
8497,97,svm,0.8,107.3,2025-01-06 21:37:00
8498,98,svm,0.535,108.1,2025-01-06 21:38:00
8499,99,logreg,0.652,34.4,2025-01-06 21:39:00
8500,100,logreg,0.716,180.1,2025-01-06 21:40:00
8501,101,xgb,0.958,3.4,2025-01-06 21:41:00
8502,102,rf,0.777,62.8,2025-01-06 21:42:00
8503,103,xgb,0.53,34.0,2025-01-06 21:43:00
8504,104,xgb,0.91,26.7,2025-01-06 21:44:00
8505,105,svm,0.782,196.0,2025-01-06 21:45:00
8506,106,xgb,0.585,85.0,2025-01-06 21:46:00
8507,107,xgb,0.757,228.0,2025-01-06 21:47:00
8508,108,xgb,0.65,199.2,2025-01-06 21:48:00
8509,109,xgb,0.735,123.7,2025-01-06 21:49:00
8510,110,rf,0.778,156.5,2025-01-06 21:50:00
8511,111,svm,0.714,208.6,2025-01-06 21:51:00
8512,112,rf,0.894,262.4,2025-01-06 21:52:00
8513,113,rf,0.635,238.3,2025-01-06 21:53:00
8514,114,xgb,0.946,166.5,2025-01-06 21:54:00
8515,115,rf,0.911,100.8,2025-01-06 21:55:00
8516,116,xgb,0.715,73.4,2025-01-06 21:56:00
8517,117,logreg,0.696,224.3,2025-01-06 21:57:00
8518,118,rf,0.955,98.6,2025-01-06 21:58:00
8519,119,svm,0.704,5.7,2025-01-06 21:59:00
8520,120,xgb,0.787,267.9,2025-01-06 22:00:00
8521,121,rf,0.801,131.8,2025-01-06 22:01:00
8522,122,svm,0.956,247.6,2025-01-06 22:02:00
8523,123,logreg,0.81,42.2,2025-01-06 22:03:00
8524,124,xgb,0.524,100.5,2025-01-06 22:04:00
8525,125,xgb,0.694,209.3,2025-01-06 22:05:00
8526,126,svm,0.806,19.8,2025-01-06 22:06:00
8527,127,xgb,0.848,246.5,2025-01-06 22:07:00
8528,128,svm,0.7,221.9,2025-01-06 22:08:00
8529,129,xgb,0.893,110.0,2025-01-06 22:09:00
8530,130,rf,0.584,26.6,2025-01-06 22:10:00
8531,131,svm,0.975,217.1,2025-01-06 22:11:00
8532,132,xgb,0.773,258.4,2025-01-06 22:12:00
8533,133,logreg,0.722,262.6,2025-01-06 22:13:00
8534,134,xgb,0.544,48.5,2025-01-06 22:14:00
8535,135,xgb,0.704,66.0,2025-01-06 22:15:00
8536,136,svm,0.695,192.8,2025-01-06 22:16:00
8537,137,svm,0.641,119.2,2025-01-06 22:17:00
8538,138,logreg,0.775,233.3,2025-01-06 22:18:00
8539,139,rf,0.907,249.2,2025-01-06 22:19:00
8540,140,rf,0.826,268.2,2025-01-06 22:20:00
8541,141,rf,0.798,20.3,2025-01-06 22:21:00
8542,142,logreg,0.684,21.5,2025-01-06 22:22:00
8543,143,svm,0.646,238.2,2025-01-06 22:23:00
8544,144,xgb,0.666,202.0,2025-01-06 22:24:00
8545,145,logreg,0.95,186.4,2025-01-06 22:25:00
8546,146,xgb,0.755,202.2,2025-01-06 22:26:00
8547,147,xgb,0.754,193.6,2025-01-06 22:27:00
8548,148,logreg,0.633,134.0,2025-01-06 22:28:00
8549,149,svm,0.686,96.5,2025-01-06 22:29:00
8550,150,rf,0.736,109.1,2025-01-06 22:30:00
8551,151,svm,0.855,79.7,2025-01-06 22:31:00
8552,152,xgb,0.813,92.5,2025-01-06 22:32:00
8553,153,logreg,0.763,197.5,2025-01-06 22:33:00
8554,154,rf,0.665,123.7,2025-01-06 22:34:00
8555,155,xgb,0.966,218.1,2025-01-06 22:35:00
8556,156,svm,0.876,257.7,2025-01-06 22:36:00
8557,157,rf,0.739,284.0,2025-01-06 22:37:00
8558,158,xgb,0.646,34.7,2025-01-06 22:38:00
8559,159,xgb,0.676,139.7,2025-01-06 22:39:00
8560,160,rf,0.987,199.5,2025-01-06 22:40:00
8561,161,rf,0.56,100.6,2025-01-06 22:41:00
8562,162,svm,0.727,257.8,2025-01-06 22:42:00
8563,163,svm,0.801,79.6,2025-01-06 22:43:00
8564,164,rf,0.901,198.1,2025-01-06 22:44:00
8565,165,logreg,0.565,106.4,2025-01-06 22:45:00
8566,166,svm,0.729,150.6,2025-01-06 22:46:00
8567,167,logreg,0.625,67.8,2025-01-06 22:47:00
8568,168,svm,0.818,219.6,2025-01-06 22:48:00
8569,169,logreg,0.651,118.7,2025-01-06 22:49:00
8570,170,svm,0.929,112.9,2025-01-06 22:50:00
8571,171,xgb,0.804,94.9,2025-01-06 22:51:00
8572,172,xgb,0.922,161.4,2025-01-06 22:52:00
8573,173,svm,0.671,6.3,2025-01-06 22:53:00
8574,174,svm,0.738,179.7,2025-01-06 22:54:00
8575,175,logreg,0.677,151.0,2025-01-06 22:55:00
8576,176,logreg,0.697,47.5,2025-01-06 22:56:00
8577,177,svm,0.808,36.1,2025-01-06 22:57:00
8578,178,xgb,0.701,72.3,2025-01-06 22:58:00
8579,179,svm,0.718,90.9,2025-01-06 22:59:00
8580,180,logreg,0.55,120.7,2025-01-06 23:00:00
8581,181,logreg,0.81,29.7,2025-01-06 23:01:00
8582,182,logreg,0.828,147.3,2025-01-06 23:02:00
8583,183,xgb,0.977,38.2,2025-01-06 23:03:00
8584,184,svm,0.85,172.0,2025-01-06 23:04:00
8585,185,rf,0.754,65.8,2025-01-06 23:05:00
8586,186,svm,0.683,230.2,2025-01-06 23:06:00
8587,187,rf,0.56,8.6,2025-01-06 23:07:00
8588,188,logreg,0.549,24.3,2025-01-06 23:08:00
8589,189,svm,0.802,10.3,2025-01-06 23:09:00
8590,190,rf,0.871,132.1,2025-01-06 23:10:00
8591,191,rf,0.961,138.5,2025-01-06 23:11:00
8592,192,svm,0.782,147.2,2025-01-06 23:12:00
8593,193,logreg,0.843,54.3,2025-01-06 23:13:00
8594,194,svm,0.654,30.3,2025-01-06 23:14:00
8595,195,xgb,0.554,239.6,2025-01-06 23:15:00
8596,196,xgb,0.826,231.4,2025-01-06 23:16:00
8597,197,logreg,0.718,203.4,2025-01-06 23:17:00
8598,198,svm,0.989,237.4,2025-01-06 23:18:00
8599,199,logreg,0.99,111.0,2025-01-06 23:19:00
8600,0,svm,0.845,178.7,2025-01-06 23:20:00
8601,1,rf,0.74,136.9,2025-01-06 23:21:00
8602,2,xgb,0.762,65.1,2025-01-06 23:22:00
8603,3,rf,0.974,69.9,2025-01-06 23:23:00
8604,4,svm,0.902,226.2,2025-01-06 23:24:00
8605,5,rf,0.536,57.7,2025-01-06 23:25:00
8606,6,logreg,0.946,93.7,2025-01-06 23:26:00
8607,7,logreg,0.811,292.7,2025-01-06 23:27:00
8608,8,xgb,0.712,255.5,2025-01-06 23:28:00
8609,9,xgb,0.654,214.0,2025-01-06 23:29:00
8610,10,logreg,0.716,246.2,2025-01-06 23:30:00
8611,11,rf,0.966,81.1,2025-01-06 23:31:00
8612,12,rf,0.596,230.5,2025-01-06 23:32:00
8613,13,rf,0.825,274.3,2025-01-06 23:33:00
8614,14,xgb,0.894,232.5,2025-01-06 23:34:00
8615,15,logreg,0.913,168.7,2025-01-06 23:35:00
8616,16,xgb,0.691,8.5,2025-01-06 23:36:00
8617,17,xgb,0.977,103.5,2025-01-06 23:37:00
8618,18,logreg,0.616,219.1,2025-01-06 23:38:00
8619,19,svm,0.847,240.2,2025-01-06 23:39:00
8620,20,xgb,0.934,259.3,2025-01-06 23:40:00
8621,21,logreg,0.71,175.4,2025-01-06 23:41:00
8622,22,rf,0.897,202.0,2025-01-06 23:42:00
8623,23,xgb,0.89,50.7,2025-01-06 23:43:00
8624,24,svm,0.807,50.8,2025-01-06 23:44:00
8625,25,xgb,0.895,25.7,2025-01-06 23:45:00
8626,26,rf,0.787,237.1,2025-01-06 23:46:00
8627,27,xgb,0.913,243.2,2025-01-06 23:47:00
8628,28,svm,0.693,227.7,2025-01-06 23:48:00
8629,29,svm,0.721,80.0,2025-01-06 23:49:00
8630,30,svm,0.685,112.3,2025-01-06 23:50:00
8631,31,xgb,0.589,206.2,2025-01-06 23:51:00
8632,32,svm,0.637,277.4,2025-01-06 23:52:00
8633,33,rf,0.755,239.4,2025-01-06 23:53:00
8634,34,svm,0.542,115.2,2025-01-06 23:54:00
8635,35,logreg,0.592,289.9,2025-01-06 23:55:00
8636,36,svm,0.571,62.6,2025-01-06 23:56:00
8637,37,rf,0.838,65.7,2025-01-06 23:57:00
8638,38,logreg,0.751,234.3,2025-01-06 23:58:00
8639,39,svm,0.922,281.8,2025-01-06 23:59:00
8640,40,svm,0.687,41.2,2025-01-07 00:00:00
8641,41,rf,0.964,79.0,2025-01-07 00:01:00
8642,42,xgb,0.597,97.8,2025-01-07 00:02:00
8643,43,rf,0.941,34.3,2025-01-07 00:03:00
8644,44,logreg,0.583,62.9,2025-01-07 00:04:00
8645,45,logreg,0.506,1.5,2025-01-07 00:05:00
8646,46,logreg,0.93,119.1,2025-01-07 00:06:00
8647,47,svm,0.73,145.4,2025-01-07 00:07:00
8648,48,rf,0.986,198.8,2025-01-07 00:08:00
8649,49,logreg,0.713,291.4,2025-01-07 00:09:00
8650,50,xgb,0.88,113.8,2025-01-07 00:10:00
8651,51,svm,0.501,126.9,2025-01-07 00:11:00
8652,52,logreg,0.838,20.6,2025-01-07 00:12:00
8653,53,logreg,0.591,29.0,2025-01-07 00:13:00
8654,54,xgb,0.52,164.1,2025-01-07 00:14:00
8655,55,logreg,0.775,197.4,2025-01-07 00:15:00
8656,56,rf,0.745,244.4,2025-01-07 00:16:00
8657,57,xgb,0.522,265.9,2025-01-07 00:17:00
8658,58,xgb,0.69,89.9,2025-01-07 00:18:00
8659,59,svm,0.89,77.8,2025-01-07 00:19:00
8660,60,logreg,0.729,33.6,2025-01-07 00:20:00
8661,61,rf,0.697,97.5,2025-01-07 00:21:00
8662,62,xgb,0.799,7.1,2025-01-07 00:22:00
8663,63,svm,0.89,171.2,2025-01-07 00:23:00
8664,64,logreg,0.816,69.6,2025-01-07 00:24:00
8665,65,xgb,0.665,198.9,2025-01-07 00:25:00
8666,66,rf,0.846,179.3,2025-01-07 00:26:00
8667,67,rf,0.56,21.7,2025-01-07 00:27:00
8668,68,svm,0.774,30.9,2025-01-07 00:28:00
8669,69,logreg,0.987,43.5,2025-01-07 00:29:00
8670,70,logreg,0.728,4.2,2025-01-07 00:30:00
8671,71,svm,0.586,288.3,2025-01-07 00:31:00
8672,72,xgb,0.533,75.4,2025-01-07 00:32:00
8673,73,logreg,0.857,234.5,2025-01-07 00:33:00
8674,74,svm,0.967,121.1,2025-01-07 00:34:00
8675,75,rf,0.569,34.8,2025-01-07 00:35:00
8676,76,rf,0.77,153.5,2025-01-07 00:36:00
8677,77,svm,0.888,154.8,2025-01-07 00:37:00
8678,78,xgb,0.924,278.5,2025-01-07 00:38:00
8679,79,xgb,0.598,298.1,2025-01-07 00:39:00
8680,80,xgb,0.87,248.4,2025-01-07 00:40:00
8681,81,xgb,0.834,186.8,2025-01-07 00:41:00
8682,82,rf,0.502,109.3,2025-01-07 00:42:00
8683,83,xgb,0.934,98.6,2025-01-07 00:43:00
8684,84,rf,0.735,102.1,2025-01-07 00:44:00
8685,85,svm,0.685,66.1,2025-01-07 00:45:00
8686,86,svm,0.56,262.9,2025-01-07 00:46:00
8687,87,rf,0.649,272.3,2025-01-07 00:47:00
8688,88,rf,0.574,163.4,2025-01-07 00:48:00
8689,89,xgb,0.543,99.8,2025-01-07 00:49:00
8690,90,logreg,0.777,4.6,2025-01-07 00:50:00
8691,91,xgb,0.666,227.8,2025-01-07 00:51:00
8692,92,logreg,0.549,278.8,2025-01-07 00:52:00
8693,93,rf,0.92,210.1,2025-01-07 00:53:00
8694,94,xgb,0.516,123.8,2025-01-07 00:54:00
8695,95,logreg,0.945,268.1,2025-01-07 00:55:00
8696,96,svm,0.536,76.8,2025-01-07 00:56:00
8697,97,logreg,0.502,28.9,2025-01-07 00:57:00
8698,98,logreg,0.624,242.9,2025-01-07 00:58:00
8699,99,svm,0.602,135.0,2025-01-07 00:59:00
8700,100,svm,0.556,167.6,2025-01-07 01:00:00
8701,101,logreg,0.724,259.8,2025-01-07 01:01:00
8702,102,logreg,0.92,3.8,2025-01-07 01:02:00
8703,103,svm,0.61,98.1,2025-01-07 01:03:00
8704,104,logreg,0.831,200.8,2025-01-07 01:04:00
8705,105,xgb,0.913,192.1,2025-01-07 01:05:00
8706,106,logreg,0.873,14.3,2025-01-07 01:06:00
8707,107,xgb,0.587,174.5,2025-01-07 01:07:00
8708,108,logreg,0.867,217.0,2025-01-07 01:08:00
8709,109,logreg,0.663,226.7,2025-01-07 01:09:00
8710,110,logreg,0.939,79.9,2025-01-07 01:10:00
8711,111,svm,0.557,1.1,2025-01-07 01:11:00
8712,112,svm,0.939,257.8,2025-01-07 01:12:00
8713,113,svm,0.843,295.0,2025-01-07 01:13:00
8714,114,xgb,0.913,162.9,2025-01-07 01:14:00
8715,115,svm,0.69,257.1,2025-01-07 01:15:00
8716,116,svm,0.579,16.4,2025-01-07 01:16:00
8717,117,svm,0.901,215.7,2025-01-07 01:17:00
8718,118,svm,0.893,124.7,2025-01-07 01:18:00
8719,119,rf,0.552,16.3,2025-01-07 01:19:00
8720,120,logreg,0.692,264.5,2025-01-07 01:20:00
8721,121,svm,0.642,223.2,2025-01-07 01:21:00
8722,122,logreg,0.667,45.8,2025-01-07 01:22:00
8723,123,logreg,0.574,116.8,2025-01-07 01:23:00
8724,124,xgb,0.645,102.0,2025-01-07 01:24:00
8725,125,rf,0.872,174.4,2025-01-07 01:25:00
8726,126,svm,0.969,114.7,2025-01-07 01:26:00
8727,127,svm,0.863,4.4,2025-01-07 01:27:00
8728,128,logreg,0.686,177.4,2025-01-07 01:28:00
8729,129,xgb,0.952,286.2,2025-01-07 01:29:00
8730,130,logreg,0.533,156.3,2025-01-07 01:30:00
8731,131,logreg,0.883,143.4,2025-01-07 01:31:00
8732,132,logreg,0.933,267.2,2025-01-07 01:32:00
8733,133,logreg,0.792,141.0,2025-01-07 01:33:00
8734,134,xgb,0.779,268.0,2025-01-07 01:34:00
8735,135,logreg,0.571,67.6,2025-01-07 01:35:00
8736,136,logreg,0.789,263.9,2025-01-07 01:36:00
8737,137,logreg,0.534,235.8,2025-01-07 01:37:00
8738,138,rf,0.964,228.0,2025-01-07 01:38:00
8739,139,svm,0.56,166.6,2025-01-07 01:39:00
8740,140,logreg,0.584,198.5,2025-01-07 01:40:00
8741,141,rf,0.699,290.1,2025-01-07 01:41:00
8742,142,xgb,0.641,50.0,2025-01-07 01:42:00
8743,143,xgb,0.835,233.1,2025-01-07 01:43:00
8744,144,rf,0.886,65.5,2025-01-07 01:44:00
8745,145,xgb,0.624,114.3,2025-01-07 01:45:00
8746,146,logreg,0.899,267.0,2025-01-07 01:46:00
8747,147,logreg,0.777,292.3,2025-01-07 01:47:00
8748,148,xgb,0.833,1.7,2025-01-07 01:48:00
8749,149,svm,0.821,58.0,2025-01-07 01:49:00
8750,150,logreg,0.763,118.1,2025-01-07 01:50:00
8751,151,xgb,0.793,28.0,2025-01-07 01:51:00
8752,152,svm,0.619,214.9,2025-01-07 01:52:00
8753,153,rf,0.516,115.4,2025-01-07 01:53:00
8754,154,svm,0.624,265.8,2025-01-07 01:54:00
8755,155,svm,0.641,144.2,2025-01-07 01:55:00
8756,156,svm,0.62,35.8,2025-01-07 01:56:00
8757,157,rf,0.625,109.3,2025-01-07 01:57:00
8758,158,svm,0.943,159.3,2025-01-07 01:58:00
8759,159,rf,0.659,292.4,2025-01-07 01:59:00
8760,160,logreg,0.872,91.5,2025-01-07 02:00:00
8761,161,xgb,0.679,240.4,2025-01-07 02:01:00
8762,162,logreg,0.773,291.3,2025-01-07 02:02:00
8763,163,logreg,0.77,191.6,2025-01-07 02:03:00
8764,164,logreg,0.767,9.2,2025-01-07 02:04:00
8765,165,xgb,0.521,216.9,2025-01-07 02:05:00
8766,166,xgb,0.583,75.5,2025-01-07 02:06:00
8767,167,rf,0.949,11.2,2025-01-07 02:07:00
8768,168,rf,0.805,215.4,2025-01-07 02:08:00
8769,169,svm,0.774,289.4,2025-01-07 02:09:00
8770,170,xgb,0.966,232.9,2025-01-07 02:10:00
8771,171,xgb,0.765,142.1,2025-01-07 02:11:00
8772,172,logreg,0.578,265.8,2025-01-07 02:12:00
8773,173,logreg,0.599,239.5,2025-01-07 02:13:00
8774,174,rf,0.623,48.1,2025-01-07 02:14:00
8775,175,svm,0.778,239.4,2025-01-07 02:15:00
8776,176,xgb,0.782,34.8,2025-01-07 02:16:00
8777,177,logreg,0.652,35.3,2025-01-07 02:17:00
8778,178,rf,0.615,228.3,2025-01-07 02:18:00
8779,179,rf,0.731,6.8,2025-01-07 02:19:00
8780,180,rf,0.844,54.5,2025-01-07 02:20:00
8781,181,logreg,0.653,205.7,2025-01-07 02:21:00
8782,182,xgb,0.96,45.0,2025-01-07 02:22:00
8783,183,xgb,0.858,197.2,2025-01-07 02:23:00
8784,184,rf,0.54,266.3,2025-01-07 02:24:00
8785,185,svm,0.646,284.2,2025-01-07 02:25:00
8786,186,rf,0.695,159.4,2025-01-07 02:26:00
8787,187,xgb,0.823,209.2,2025-01-07 02:27:00
8788,188,rf,0.926,81.4,2025-01-07 02:28:00
8789,189,logreg,0.564,140.5,2025-01-07 02:29:00
8790,190,rf,0.882,107.3,2025-01-07 02:30:00
8791,191,logreg,0.834,171.8,2025-01-07 02:31:00
8792,192,svm,0.635,247.7,2025-01-07 02:32:00
8793,193,xgb,0.925,120.1,2025-01-07 02:33:00
8794,194,logreg,0.762,230.3,2025-01-07 02:34:00
8795,195,svm,0.86,279.7,2025-01-07 02:35:00
8796,196,xgb,0.599,172.3,2025-01-07 02:36:00
8797,197,svm,0.749,148.5,2025-01-07 02:37:00
8798,198,xgb,0.838,65.6,2025-01-07 02:38:00
8799,199,rf,0.709,238.9,2025-01-07 02:39:00
8800,0,svm,0.664,293.4,2025-01-07 02:40:00
8801,1,xgb,0.612,121.0,2025-01-07 02:41:00
8802,2,rf,0.631,199.4,2025-01-07 02:42:00
8803,3,svm,0.745,30.8,2025-01-07 02:43:00
8804,4,logreg,0.503,110.1,2025-01-07 02:44:00
8805,5,rf,0.777,149.4,2025-01-07 02:45:00
8806,6,logreg,0.828,9.3,2025-01-07 02:46:00
8807,7,xgb,0.672,171.9,2025-01-07 02:47:00
8808,8,rf,0.558,169.1,2025-01-07 02:48:00
8809,9,svm,0.562,68.8,2025-01-07 02:49:00
8810,10,xgb,0.975,135.5,2025-01-07 02:50:00
8811,11,rf,0.907,173.0,2025-01-07 02:51:00
8812,12,xgb,0.869,176.1,2025-01-07 02:52:00
8813,13,xgb,0.791,31.8,2025-01-07 02:53:00
8814,14,svm,0.948,243.4,2025-01-07 02:54:00
8815,15,rf,0.71,64.1,2025-01-07 02:55:00
8816,16,logreg,0.541,180.9,2025-01-07 02:56:00
8817,17,rf,0.943,140.5,2025-01-07 02:57:00
8818,18,logreg,0.648,257.9,2025-01-07 02:58:00
8819,19,svm,0.948,90.4,2025-01-07 02:59:00
8820,20,logreg,0.905,175.3,2025-01-07 03:00:00
8821,21,xgb,0.689,104.4,2025-01-07 03:01:00
8822,22,rf,0.753,164.1,2025-01-07 03:02:00
8823,23,rf,0.587,196.3,2025-01-07 03:03:00
8824,24,logreg,0.857,71.5,2025-01-07 03:04:00
8825,25,logreg,0.847,138.9,2025-01-07 03:05:00
8826,26,xgb,0.932,78.1,2025-01-07 03:06:00
8827,27,xgb,0.811,60.1,2025-01-07 03:07:00
8828,28,svm,0.921,187.2,2025-01-07 03:08:00
8829,29,logreg,0.754,50.3,2025-01-07 03:09:00
8830,30,logreg,0.677,34.0,2025-01-07 03:10:00
8831,31,logreg,0.869,255.6,2025-01-07 03:11:00
8832,32,xgb,0.938,260.1,2025-01-07 03:12:00
8833,33,rf,0.909,184.4,2025-01-07 03:13:00
8834,34,rf,0.874,68.7,2025-01-07 03:14:00
8835,35,rf,0.814,38.5,2025-01-07 03:15:00
8836,36,logreg,0.785,126.2,2025-01-07 03:16:00
8837,37,rf,0.807,216.6,2025-01-07 03:17:00
8838,38,svm,0.505,20.7,2025-01-07 03:18:00
8839,39,svm,0.737,143.9,2025-01-07 03:19:00
8840,40,xgb,0.641,51.2,2025-01-07 03:20:00
8841,41,logreg,0.84,290.7,2025-01-07 03:21:00
8842,42,xgb,0.562,79.2,2025-01-07 03:22:00
8843,43,xgb,0.952,67.0,2025-01-07 03:23:00
8844,44,xgb,0.526,228.4,2025-01-07 03:24:00
8845,45,svm,0.952,189.2,2025-01-07 03:25:00
8846,46,rf,0.947,204.0,2025-01-07 03:26:00
8847,47,xgb,0.729,33.5,2025-01-07 03:27:00
8848,48,rf,0.869,56.1,2025-01-07 03:28:00
8849,49,xgb,0.694,273.5,2025-01-07 03:29:00
8850,50,svm,0.741,260.0,2025-01-07 03:30:00
8851,51,logreg,0.78,236.6,2025-01-07 03:31:00
8852,52,rf,0.811,157.0,2025-01-07 03:32:00
8853,53,xgb,0.95,239.4,2025-01-07 03:33:00
8854,54,xgb,0.98,183.6,2025-01-07 03:34:00
8855,55,svm,0.72,92.5,2025-01-07 03:35:00
8856,56,xgb,0.782,191.6,2025-01-07 03:36:00
8857,57,svm,0.802,205.6,2025-01-07 03:37:00
8858,58,logreg,0.886,239.4,2025-01-07 03:38:00
8859,59,rf,0.982,75.5,2025-01-07 03:39:00
8860,60,rf,0.887,50.7,2025-01-07 03:40:00
8861,61,xgb,0.863,140.0,2025-01-07 03:41:00
8862,62,xgb,0.697,4.2,2025-01-07 03:42:00
8863,63,xgb,0.57,169.3,2025-01-07 03:43:00
8864,64,rf,0.845,191.2,2025-01-07 03:44:00
8865,65,logreg,0.647,136.5,2025-01-07 03:45:00
8866,66,rf,0.924,193.8,2025-01-07 03:46:00
8867,67,svm,0.571,151.5,2025-01-07 03:47:00
8868,68,xgb,0.913,212.0,2025-01-07 03:48:00
8869,69,svm,0.627,281.6,2025-01-07 03:49:00
8870,70,svm,0.586,75.3,2025-01-07 03:50:00
8871,71,logreg,0.803,180.0,2025-01-07 03:51:00
8872,72,rf,0.86,133.4,2025-01-07 03:52:00
8873,73,svm,0.898,81.0,2025-01-07 03:53:00
8874,74,xgb,0.805,92.4,2025-01-07 03:54:00
8875,75,xgb,0.835,120.7,2025-01-07 03:55:00
8876,76,rf,0.636,256.2,2025-01-07 03:56:00
8877,77,xgb,0.888,207.0,2025-01-07 03:57:00
8878,78,xgb,0.752,167.8,2025-01-07 03:58:00
8879,79,xgb,0.664,60.2,2025-01-07 03:59:00
8880,80,rf,0.937,74.6,2025-01-07 04:00:00
8881,81,logreg,0.614,102.8,2025-01-07 04:01:00
8882,82,xgb,0.525,295.7,2025-01-07 04:02:00
8883,83,logreg,0.652,253.7,2025-01-07 04:03:00
8884,84,xgb,0.644,143.2,2025-01-07 04:04:00
8885,85,svm,0.511,171.4,2025-01-07 04:05:00
8886,86,svm,0.594,245.9,2025-01-07 04:06:00
8887,87,xgb,0.527,69.8,2025-01-07 04:07:00
8888,88,rf,0.659,22.7,2025-01-07 04:08:00
8889,89,rf,0.562,246.6,2025-01-07 04:09:00
8890,90,svm,0.547,9.5,2025-01-07 04:10:00
8891,91,rf,0.679,107.6,2025-01-07 04:11:00
8892,92,logreg,0.527,176.7,2025-01-07 04:12:00
8893,93,svm,0.811,209.8,2025-01-07 04:13:00
8894,94,svm,0.574,268.7,2025-01-07 04:14:00
8895,95,svm,0.964,118.6,2025-01-07 04:15:00
8896,96,rf,0.539,186.6,2025-01-07 04:16:00
8897,97,svm,0.898,256.9,2025-01-07 04:17:00
8898,98,xgb,0.657,153.7,2025-01-07 04:18:00
8899,99,rf,0.961,231.4,2025-01-07 04:19:00
8900,100,rf,0.787,253.5,2025-01-07 04:20:00
8901,101,svm,0.943,105.4,2025-01-07 04:21:00
8902,102,xgb,0.857,93.7,2025-01-07 04:22:00
8903,103,svm,0.956,292.3,2025-01-07 04:23:00
8904,104,logreg,0.554,207.9,2025-01-07 04:24:00
8905,105,svm,0.675,284.9,2025-01-07 04:25:00
8906,106,logreg,0.712,70.0,2025-01-07 04:26:00
8907,107,xgb,0.981,123.5,2025-01-07 04:27:00
8908,108,rf,0.912,129.7,2025-01-07 04:28:00
8909,109,logreg,0.566,255.8,2025-01-07 04:29:00
8910,110,svm,0.937,215.1,2025-01-07 04:30:00
8911,111,xgb,0.655,3.8,2025-01-07 04:31:00
8912,112,rf,0.725,281.9,2025-01-07 04:32:00
8913,113,svm,0.52,47.0,2025-01-07 04:33:00
8914,114,svm,0.797,198.2,2025-01-07 04:34:00
8915,115,svm,0.827,126.6,2025-01-07 04:35:00
8916,116,logreg,0.726,24.1,2025-01-07 04:36:00
8917,117,xgb,0.836,208.1,2025-01-07 04:37:00
8918,118,logreg,0.512,280.0,2025-01-07 04:38:00
8919,119,rf,0.865,178.3,2025-01-07 04:39:00
8920,120,rf,0.522,275.0,2025-01-07 04:40:00
8921,121,logreg,0.859,255.0,2025-01-07 04:41:00
8922,122,xgb,0.794,146.2,2025-01-07 04:42:00
8923,123,rf,0.764,62.9,2025-01-07 04:43:00
8924,124,svm,0.892,268.9,2025-01-07 04:44:00
8925,125,rf,0.689,73.7,2025-01-07 04:45:00
8926,126,rf,0.7,153.0,2025-01-07 04:46:00
8927,127,svm,0.543,245.4,2025-01-07 04:47:00
8928,128,svm,0.957,279.4,2025-01-07 04:48:00
8929,129,rf,0.987,188.7,2025-01-07 04:49:00
8930,130,logreg,0.664,120.7,2025-01-07 04:50:00
8931,131,xgb,0.686,53.7,2025-01-07 04:51:00
8932,132,rf,0.506,284.8,2025-01-07 04:52:00
8933,133,logreg,0.577,1.5,2025-01-07 04:53:00
8934,134,rf,0.83,283.1,2025-01-07 04:54:00
8935,135,svm,0.719,190.0,2025-01-07 04:55:00
8936,136,logreg,0.603,126.6,2025-01-07 04:56:00
8937,137,rf,0.728,67.8,2025-01-07 04:57:00
8938,138,rf,0.97,67.4,2025-01-07 04:58:00
8939,139,logreg,0.796,285.7,2025-01-07 04:59:00
8940,140,svm,0.551,77.3,2025-01-07 05:00:00
8941,141,svm,0.798,62.1,2025-01-07 05:01:00
8942,142,logreg,0.937,78.8,2025-01-07 05:02:00
8943,143,logreg,0.629,11.6,2025-01-07 05:03:00
8944,144,logreg,0.686,155.0,2025-01-07 05:04:00
8945,145,logreg,0.72,21.4,2025-01-07 05:05:00
8946,146,svm,0.874,268.1,2025-01-07 05:06:00
8947,147,rf,0.708,106.9,2025-01-07 05:07:00
8948,148,rf,0.672,182.7,2025-01-07 05:08:00
8949,149,svm,0.902,63.0,2025-01-07 05:09:00
8950,150,svm,0.622,225.4,2025-01-07 05:10:00
8951,151,rf,0.949,197.1,2025-01-07 05:11:00
8952,152,xgb,0.788,44.8,2025-01-07 05:12:00
8953,153,rf,0.566,159.2,2025-01-07 05:13:00
8954,154,svm,0.71,227.8,2025-01-07 05:14:00
8955,155,xgb,0.618,141.4,2025-01-07 05:15:00
8956,156,logreg,0.736,73.3,2025-01-07 05:16:00
8957,157,xgb,0.549,149.0,2025-01-07 05:17:00
8958,158,logreg,0.553,235.0,2025-01-07 05:18:00
8959,159,logreg,0.553,85.7,2025-01-07 05:19:00
8960,160,logreg,0.83,4.8,2025-01-07 05:20:00
8961,161,rf,0.57,199.8,2025-01-07 05:21:00
8962,162,xgb,0.967,286.6,2025-01-07 05:22:00
8963,163,svm,0.665,8.1,2025-01-07 05:23:00
8964,164,rf,0.988,89.4,2025-01-07 05:24:00
8965,165,rf,0.749,223.6,2025-01-07 05:25:00
8966,166,rf,0.826,176.3,2025-01-07 05:26:00
8967,167,xgb,0.778,149.3,2025-01-07 05:27:00
8968,168,logreg,0.616,153.5,2025-01-07 05:28:00
8969,169,xgb,0.652,30.1,2025-01-07 05:29:00
8970,170,xgb,0.506,239.7,2025-01-07 05:30:00
8971,171,svm,0.622,66.7,2025-01-07 05:31:00
8972,172,rf,0.513,174.5,2025-01-07 05:32:00
8973,173,svm,0.609,48.1,2025-01-07 05:33:00
8974,174,svm,0.803,68.6,2025-01-07 05:34:00
8975,175,rf,0.741,292.1,2025-01-07 05:35:00
8976,176,svm,0.552,297.5,2025-01-07 05:36:00
8977,177,logreg,0.654,82.2,2025-01-07 05:37:00
8978,178,logreg,0.575,186.1,2025-01-07 05:38:00
8979,179,xgb,0.676,157.0,2025-01-07 05:39:00
8980,180,logreg,0.577,101.7,2025-01-07 05:40:00
8981,181,logreg,0.881,189.9,2025-01-07 05:41:00
8982,182,rf,0.502,39.1,2025-01-07 05:42:00
8983,183,rf,0.564,269.1,2025-01-07 05:43:00
8984,184,svm,0.519,115.3,2025-01-07 05:44:00
8985,185,logreg,0.721,254.6,2025-01-07 05:45:00
8986,186,rf,0.59,24.6,2025-01-07 05:46:00
8987,187,svm,0.754,221.2,2025-01-07 05:47:00
8988,188,svm,0.55,155.5,2025-01-07 05:48:00
8989,189,xgb,0.878,152.5,2025-01-07 05:49:00
8990,190,rf,0.665,124.4,2025-01-07 05:50:00
8991,191,logreg,0.521,163.1,2025-01-07 05:51:00
8992,192,rf,0.916,66.0,2025-01-07 05:52:00
8993,193,xgb,0.739,166.4,2025-01-07 05:53:00
8994,194,svm,0.738,184.6,2025-01-07 05:54:00
8995,195,logreg,0.892,125.5,2025-01-07 05:55:00
8996,196,svm,0.569,117.9,2025-01-07 05:56:00
8997,197,svm,0.906,243.3,2025-01-07 05:57:00
8998,198,svm,0.648,47.4,2025-01-07 05:58:00
8999,199,xgb,0.578,293.1,2025-01-07 05:59:00
9000,0,xgb,0.623,163.7,2025-01-01 01:40:00
9001,1,logreg,0.594,22.1,2025-01-07 06:01:00
9002,2,logreg,0.615,24.0,2025-01-07 06:02:00
9003,3,svm,0.52,283.0,2025-01-07 06:03:00
9004,4,rf,0.948,10.4,2025-01-07 06:04:00
9005,5,xgb,0.686,114.8,2025-01-07 06:05:00
9006,6,rf,0.951,236.6,2025-01-07 06:06:00
9007,7,xgb,0.828,123.2,2025-01-07 06:07:00
9008,8,logreg,0.542,79.8,2025-01-07 06:08:00
9009,9,rf,0.928,170.8,2025-01-07 06:09:00
9010,10,rf,0.907,244.6,2025-01-07 06:10:00
9011,11,xgb,0.859,254.3,2025-01-07 06:11:00
9012,12,logreg,0.969,203.3,2025-01-07 06:12:00
9013,13,xgb,0.935,218.2,2025-01-07 06:13:00
9014,14,logreg,0.774,201.1,2025-01-07 06:14:00
9015,15,xgb,0.642,290.7,2025-01-07 06:15:00
9016,16,xgb,0.628,85.0,2025-01-07 06:16:00
9017,17,xgb,0.87,155.2,2025-01-07 06:17:00
9018,18,rf,0.962,299.8,2025-01-07 06:18:00
9019,19,rf,0.653,284.7,2025-01-07 06:19:00
9020,20,svm,0.952,209.5,2025-01-07 06:20:00
9021,21,xgb,0.577,191.2,2025-01-07 06:21:00
9022,22,logreg,0.928,200.9,2025-01-07 06:22:00
9023,23,svm,0.653,12.5,2025-01-07 06:23:00
9024,24,svm,0.703,172.2,2025-01-07 06:24:00
9025,25,svm,0.888,242.2,2025-01-07 06:25:00
9026,26,logreg,0.722,89.5,2025-01-07 06:26:00
9027,27,logreg,0.758,21.7,2025-01-07 06:27:00
9028,28,xgb,0.551,243.0,2025-01-07 06:28:00
9029,29,svm,0.874,117.5,2025-01-07 06:29:00
9030,30,svm,0.732,284.0,2025-01-07 06:30:00
9031,31,xgb,0.724,198.8,2025-01-07 06:31:00
9032,32,logreg,0.794,237.4,2025-01-07 06:32:00
9033,33,logreg,0.856,9.2,2025-01-07 06:33:00
9034,34,xgb,0.92,281.3,2025-01-07 06:34:00
9035,35,svm,0.627,188.6,2025-01-07 06:35:00
9036,36,logreg,0.502,282.8,2025-01-07 06:36:00
9037,37,xgb,0.798,212.7,2025-01-07 06:37:00
9038,38,logreg,0.866,299.7,2025-01-07 06:38:00
9039,39,svm,0.544,244.9,2025-01-07 06:39:00
9040,40,logreg,0.972,22.2,2025-01-07 06:40:00
9041,41,logreg,0.508,51.2,2025-01-07 06:41:00
9042,42,logreg,0.672,282.2,2025-01-07 06:42:00
9043,43,rf,0.67,277.7,2025-01-07 06:43:00
9044,44,logreg,0.618,205.9,2025-01-07 06:44:00
9045,45,rf,0.54,298.9,2025-01-07 06:45:00
9046,46,logreg,0.816,89.3,2025-01-07 06:46:00
9047,47,rf,0.581,68.5,2025-01-07 06:47:00
9048,48,rf,0.69,87.3,2025-01-07 06:48:00
9049,49,rf,0.638,87.9,2025-01-07 06:49:00
9050,50,logreg,0.727,90.8,2025-01-07 06:50:00
9051,51,logreg,0.88,191.2,2025-01-07 06:51:00
9052,52,svm,0.749,155.5,2025-01-07 06:52:00
9053,53,logreg,0.506,195.2,2025-01-07 06:53:00
9054,54,logreg,0.896,8.6,2025-01-07 06:54:00
9055,55,rf,0.951,137.3,2025-01-07 06:55:00
9056,56,logreg,0.502,22.5,2025-01-07 06:56:00
9057,57,logreg,0.965,229.8,2025-01-07 06:57:00
9058,58,xgb,0.82,94.6,2025-01-07 06:58:00
9059,59,svm,0.792,242.9,2025-01-07 06:59:00
9060,60,rf,0.718,31.9,2025-01-07 07:00:00
9061,61,rf,0.717,172.5,2025-01-07 07:01:00
9062,62,logreg,0.908,297.8,2025-01-07 07:02:00
9063,63,svm,0.802,51.9,2025-01-07 07:03:00
9064,64,rf,0.631,88.8,2025-01-07 07:04:00
9065,65,svm,0.664,178.0,2025-01-07 07:05:00
9066,66,logreg,0.637,70.5,2025-01-07 07:06:00
9067,67,svm,0.825,219.4,2025-01-07 07:07:00
9068,68,svm,0.683,49.4,2025-01-07 07:08:00
9069,69,rf,0.735,204.2,2025-01-07 07:09:00
9070,70,xgb,0.856,108.7,2025-01-07 07:10:00
9071,71,rf,0.929,227.4,2025-01-07 07:11:00
9072,72,svm,0.802,239.3,2025-01-07 07:12:00
9073,73,xgb,0.689,121.9,2025-01-07 07:13:00
9074,74,svm,0.605,116.4,2025-01-07 07:14:00
9075,75,rf,0.969,184.4,2025-01-07 07:15:00
9076,76,logreg,0.615,298.3,2025-01-07 07:16:00
9077,77,xgb,0.971,260.8,2025-01-07 07:17:00
9078,78,logreg,0.84,47.3,2025-01-07 07:18:00
9079,79,logreg,0.852,46.5,2025-01-07 07:19:00
9080,80,xgb,0.888,243.7,2025-01-07 07:20:00
9081,81,svm,0.914,113.5,2025-01-07 07:21:00
9082,82,svm,0.975,73.8,2025-01-07 07:22:00
9083,83,xgb,0.924,198.0,2025-01-07 07:23:00
9084,84,logreg,0.771,199.5,2025-01-07 07:24:00
9085,85,svm,0.844,297.3,2025-01-07 07:25:00
9086,86,xgb,0.634,61.0,2025-01-07 07:26:00
9087,87,rf,0.938,145.0,2025-01-07 07:27:00
9088,88,logreg,0.716,11.0,2025-01-07 07:28:00
9089,89,rf,0.679,168.2,2025-01-07 07:29:00
9090,90,rf,0.734,69.5,2025-01-07 07:30:00
9091,91,svm,0.727,38.5,2025-01-07 07:31:00
9092,92,rf,0.69,102.4,2025-01-07 07:32:00
9093,93,logreg,0.842,176.6,2025-01-07 07:33:00
9094,94,xgb,0.958,111.9,2025-01-07 07:34:00
9095,95,svm,0.693,120.8,2025-01-07 07:35:00
9096,96,logreg,0.508,281.7,2025-01-07 07:36:00
9097,97,svm,0.677,2.5,2025-01-07 07:37:00
9098,98,xgb,0.794,72.0,2025-01-07 07:38:00
9099,99,xgb,0.733,252.1,2025-01-07 07:39:00
9100,100,rf,0.855,295.7,2025-01-07 07:40:00
9101,101,logreg,0.967,175.4,2025-01-07 07:41:00
9102,102,xgb,0.677,38.7,2025-01-07 07:42:00
9103,103,rf,0.661,186.7,2025-01-07 07:43:00
9104,104,xgb,0.691,17.0,2025-01-07 07:44:00
9105,105,rf,0.827,235.3,2025-01-07 07:45:00
9106,106,rf,0.827,225.2,2025-01-07 07:46:00
9107,107,rf,0.901,127.8,2025-01-07 07:47:00
9108,108,logreg,0.535,176.0,2025-01-07 07:48:00
9109,109,xgb,0.775,236.5,2025-01-07 07:49:00
9110,110,rf,0.568,27.2,2025-01-07 07:50:00
9111,111,xgb,0.501,202.1,2025-01-07 07:51:00
9112,112,xgb,0.821,58.8,2025-01-07 07:52:00
9113,113,svm,0.826,113.3,2025-01-07 07:53:00
9114,114,rf,0.874,206.3,2025-01-07 07:54:00
9115,115,logreg,0.734,59.8,2025-01-07 07:55:00
9116,116,xgb,0.536,79.8,2025-01-07 07:56:00
9117,117,svm,0.759,148.6,2025-01-07 07:57:00
9118,118,logreg,0.965,74.3,2025-01-07 07:58:00
9119,119,logreg,0.919,281.7,2025-01-07 07:59:00
9120,120,svm,0.855,22.0,2025-01-07 08:00:00
9121,121,xgb,0.562,22.5,2025-01-07 08:01:00
9122,122,xgb,0.931,7.3,2025-01-07 08:02:00
9123,123,xgb,0.868,158.4,2025-01-07 08:03:00
9124,124,logreg,0.903,37.3,2025-01-07 08:04:00
9125,125,logreg,0.531,189.3,2025-01-07 08:05:00
9126,126,xgb,0.906,47.5,2025-01-07 08:06:00
9127,127,logreg,0.628,35.8,2025-01-07 08:07:00
9128,128,logreg,0.798,127.6,2025-01-07 08:08:00
9129,129,xgb,0.655,188.1,2025-01-07 08:09:00
9130,130,rf,0.703,139.3,2025-01-07 08:10:00
9131,131,svm,0.507,73.9,2025-01-07 08:11:00
9132,132,xgb,0.883,200.3,2025-01-07 08:12:00
9133,133,xgb,0.823,293.3,2025-01-07 08:13:00
9134,134,xgb,0.886,160.6,2025-01-07 08:14:00
9135,135,logreg,0.894,273.5,2025-01-07 08:15:00
9136,136,xgb,0.686,181.1,2025-01-07 08:16:00
9137,137,logreg,0.786,181.9,2025-01-07 08:17:00
9138,138,svm,0.914,50.5,2025-01-07 08:18:00
9139,139,xgb,0.653,272.2,2025-01-07 08:19:00
9140,140,logreg,0.873,78.2,2025-01-07 08:20:00
9141,141,svm,0.872,75.2,2025-01-07 08:21:00
9142,142,logreg,0.876,219.2,2025-01-07 08:22:00
9143,143,logreg,0.749,261.8,2025-01-07 08:23:00
9144,144,rf,0.536,235.2,2025-01-07 08:24:00
9145,145,xgb,0.608,128.4,2025-01-07 08:25:00
9146,146,rf,0.796,156.4,2025-01-07 08:26:00
9147,147,svm,0.775,144.2,2025-01-07 08:27:00
9148,148,svm,0.655,105.0,2025-01-07 08:28:00
9149,149,rf,0.878,273.0,2025-01-07 08:29:00
9150,150,xgb,0.882,159.7,2025-01-07 08:30:00
9151,151,rf,0.584,107.5,2025-01-07 08:31:00
9152,152,rf,0.837,5.7,2025-01-07 08:32:00
9153,153,svm,0.968,286.2,2025-01-07 08:33:00
9154,154,logreg,0.582,124.3,2025-01-07 08:34:00
9155,155,logreg,0.694,7.7,2025-01-07 08:35:00
9156,156,xgb,0.593,153.1,2025-01-07 08:36:00
9157,157,rf,0.762,3.0,2025-01-07 08:37:00
9158,158,svm,0.669,186.1,2025-01-07 08:38:00
9159,159,logreg,0.73,69.0,2025-01-07 08:39:00
9160,160,logreg,0.975,239.2,2025-01-07 08:40:00
9161,161,xgb,0.795,108.3,2025-01-07 08:41:00
9162,162,logreg,0.918,95.4,2025-01-07 08:42:00
9163,163,svm,0.533,288.5,2025-01-07 08:43:00
9164,164,xgb,0.625,136.0,2025-01-07 08:44:00
9165,165,rf,0.536,144.4,2025-01-07 08:45:00
9166,166,xgb,0.984,289.0,2025-01-07 08:46:00
9167,167,logreg,0.506,213.4,2025-01-07 08:47:00
9168,168,logreg,0.573,107.2,2025-01-07 08:48:00
9169,169,logreg,0.923,32.1,2025-01-07 08:49:00
9170,170,xgb,0.679,167.1,2025-01-07 08:50:00
9171,171,xgb,0.601,10.2,2025-01-07 08:51:00
9172,172,rf,0.766,109.1,2025-01-07 08:52:00
9173,173,xgb,0.516,284.4,2025-01-07 08:53:00
9174,174,xgb,0.783,50.7,2025-01-07 08:54:00
9175,175,svm,0.987,168.0,2025-01-07 08:55:00
9176,176,logreg,0.609,272.8,2025-01-07 08:56:00
9177,177,xgb,0.892,12.8,2025-01-07 08:57:00
9178,178,logreg,0.835,157.0,2025-01-07 08:58:00
9179,179,xgb,0.541,191.4,2025-01-07 08:59:00
9180,180,xgb,0.851,294.5,2025-01-07 09:00:00
9181,181,svm,0.767,45.7,2025-01-07 09:01:00
9182,182,rf,0.731,3.0,2025-01-07 09:02:00
9183,183,logreg,0.914,165.6,2025-01-07 09:03:00
9184,184,xgb,0.767,76.8,2025-01-07 09:04:00
9185,185,rf,0.714,215.2,2025-01-07 09:05:00
9186,186,logreg,0.8,129.5,2025-01-07 09:06:00
9187,187,xgb,0.808,98.5,2025-01-07 09:07:00
9188,188,xgb,0.806,219.5,2025-01-07 09:08:00
9189,189,svm,0.663,205.6,2025-01-07 09:09:00
9190,190,rf,0.509,109.7,2025-01-07 09:10:00
9191,191,rf,0.516,35.3,2025-01-07 09:11:00
9192,192,svm,0.837,230.8,2025-01-07 09:12:00
9193,193,xgb,0.563,263.3,2025-01-07 09:13:00
9194,194,xgb,0.838,4.8,2025-01-07 09:14:00
9195,195,logreg,0.505,136.1,2025-01-07 09:15:00
9196,196,xgb,0.618,12.4,2025-01-07 09:16:00
9197,197,xgb,0.501,271.4,2025-01-07 09:17:00
9198,198,svm,0.835,263.3,2025-01-07 09:18:00
9199,199,svm,0.597,137.6,2025-01-07 09:19:00
9200,0,xgb,0.781,294.2,2025-01-07 09:20:00
9201,1,xgb,0.916,168.5,2025-01-07 09:21:00
9202,2,rf,0.927,213.1,2025-01-07 09:22:00
9203,3,xgb,0.561,252.2,2025-01-07 09:23:00
9204,4,logreg,0.8,251.0,2025-01-07 09:24:00
9205,5,logreg,0.856,92.4,2025-01-07 09:25:00
9206,6,xgb,0.601,1.4,2025-01-07 09:26:00
9207,7,svm,0.636,76.6,2025-01-07 09:27:00
9208,8,rf,0.691,131.3,2025-01-07 09:28:00
9209,9,svm,0.784,2.3,2025-01-07 09:29:00
9210,10,svm,0.642,220.6,2025-01-07 09:30:00
9211,11,rf,0.549,218.9,2025-01-07 09:31:00
9212,12,rf,0.74,90.5,2025-01-07 09:32:00
9213,13,logreg,0.907,51.8,2025-01-07 09:33:00
9214,14,rf,0.787,89.4,2025-01-07 09:34:00
9215,15,rf,0.676,96.0,2025-01-07 09:35:00
9216,16,rf,0.821,289.3,2025-01-07 09:36:00
9217,17,logreg,0.801,293.5,2025-01-07 09:37:00
9218,18,logreg,0.548,215.9,2025-01-07 09:38:00
9219,19,xgb,0.56,251.1,2025-01-07 09:39:00
9220,20,svm,0.683,209.7,2025-01-07 09:40:00
9221,21,xgb,0.565,238.2,2025-01-07 09:41:00
9222,22,rf,0.659,251.4,2025-01-07 09:42:00
9223,23,xgb,0.982,194.7,2025-01-07 09:43:00
9224,24,svm,0.615,276.4,2025-01-07 09:44:00
9225,25,rf,0.968,255.4,2025-01-07 09:45:00
9226,26,svm,0.744,122.0,2025-01-07 09:46:00
9227,27,svm,0.866,203.2,2025-01-07 09:47:00
9228,28,svm,0.523,32.8,2025-01-07 09:48:00
9229,29,rf,0.948,233.1,2025-01-07 09:49:00
9230,30,svm,0.656,206.1,2025-01-07 09:50:00
9231,31,xgb,0.727,211.5,2025-01-07 09:51:00
9232,32,xgb,0.697,67.1,2025-01-07 09:52:00
9233,33,logreg,0.635,176.7,2025-01-07 09:53:00
9234,34,xgb,0.51,272.6,2025-01-07 09:54:00
9235,35,svm,0.893,160.6,2025-01-07 09:55:00
9236,36,rf,0.846,178.3,2025-01-07 09:56:00
9237,37,rf,0.91,130.1,2025-01-07 09:57:00
9238,38,svm,0.905,40.2,2025-01-07 09:58:00
9239,39,xgb,0.68,211.1,2025-01-07 09:59:00
9240,40,svm,0.824,110.0,2025-01-07 10:00:00
9241,41,xgb,0.522,221.2,2025-01-07 10:01:00
9242,42,svm,0.776,133.4,2025-01-07 10:02:00
9243,43,logreg,0.743,182.6,2025-01-07 10:03:00
9244,44,rf,0.552,57.3,2025-01-07 10:04:00
9245,45,logreg,0.985,239.4,2025-01-07 10:05:00
9246,46,xgb,0.509,92.3,2025-01-07 10:06:00
9247,47,svm,0.729,291.5,2025-01-07 10:07:00
9248,48,logreg,0.928,98.2,2025-01-07 10:08:00
9249,49,rf,0.543,117.3,2025-01-07 10:09:00
9250,50,svm,0.974,171.6,2025-01-07 10:10:00
9251,51,rf,0.891,33.6,2025-01-07 10:11:00
9252,52,svm,0.823,289.3,2025-01-07 10:12:00
9253,53,xgb,0.557,62.3,2025-01-07 10:13:00
9254,54,logreg,0.848,178.9,2025-01-07 10:14:00
9255,55,logreg,0.53,274.7,2025-01-07 10:15:00
9256,56,xgb,0.633,130.4,2025-01-07 10:16:00
9257,57,rf,0.564,152.8,2025-01-07 10:17:00
9258,58,xgb,0.503,296.5,2025-01-07 10:18:00
9259,59,logreg,0.638,270.8,2025-01-07 10:19:00
9260,60,rf,0.866,219.4,2025-01-07 10:20:00
9261,61,logreg,0.783,258.2,2025-01-07 10:21:00
9262,62,xgb,0.729,190.4,2025-01-07 10:22:00
9263,63,svm,0.841,280.6,2025-01-07 10:23:00
9264,64,xgb,0.604,203.4,2025-01-07 10:24:00
9265,65,svm,0.932,44.5,2025-01-07 10:25:00
9266,66,svm,0.86,289.0,2025-01-07 10:26:00
9267,67,logreg,0.751,32.4,2025-01-07 10:27:00
9268,68,svm,0.88,290.8,2025-01-07 10:28:00
9269,69,logreg,0.694,73.6,2025-01-07 10:29:00
9270,70,rf,0.816,141.6,2025-01-07 10:30:00
9271,71,logreg,0.788,185.0,2025-01-07 10:31:00
9272,72,svm,0.883,94.5,2025-01-07 10:32:00
9273,73,svm,0.926,93.6,2025-01-07 10:33:00
9274,74,rf,0.916,13.9,2025-01-07 10:34:00
9275,75,logreg,0.785,248.7,2025-01-07 10:35:00
9276,76,logreg,0.566,192.4,2025-01-07 10:36:00
9277,77,svm,0.64,70.4,2025-01-07 10:37:00
9278,78,logreg,0.907,298.1,2025-01-07 10:38:00
9279,79,rf,0.838,10.3,2025-01-07 10:39:00
9280,80,svm,0.622,174.3,2025-01-07 10:40:00
9281,81,xgb,0.951,155.2,2025-01-07 10:41:00
9282,82,rf,0.726,182.2,2025-01-07 10:42:00
9283,83,logreg,0.678,256.7,2025-01-07 10:43:00
9284,84,logreg,0.749,67.7,2025-01-07 10:44:00
9285,85,logreg,0.662,200.1,2025-01-07 10:45:00
9286,86,rf,0.685,158.3,2025-01-07 10:46:00
9287,87,xgb,0.986,203.5,2025-01-07 10:47:00
9288,88,logreg,0.912,208.3,2025-01-07 10:48:00
9289,89,rf,0.988,196.0,2025-01-07 10:49:00
9290,90,rf,0.895,252.2,2025-01-07 10:50:00
9291,91,logreg,0.969,29.1,2025-01-07 10:51:00
9292,92,xgb,0.655,8.6,2025-01-07 10:52:00
9293,93,rf,0.741,160.8,2025-01-07 10:53:00
9294,94,logreg,0.786,45.4,2025-01-07 10:54:00
9295,95,xgb,0.851,150.8,2025-01-07 10:55:00
9296,96,svm,0.507,271.4,2025-01-07 10:56:00
9297,97,logreg,0.785,181.6,2025-01-07 10:57:00
9298,98,xgb,0.967,100.6,2025-01-07 10:58:00
9299,99,rf,0.857,68.0,2025-01-07 10:59:00
9300,100,xgb,0.956,205.3,2025-01-07 11:00:00
9301,101,logreg,0.654,48.4,2025-01-07 11:01:00
9302,102,xgb,0.654,201.6,2025-01-07 11:02:00
9303,103,svm,0.896,86.1,2025-01-07 11:03:00
9304,104,logreg,0.576,178.7,2025-01-07 11:04:00
9305,105,rf,0.592,290.6,2025-01-07 11:05:00
9306,106,xgb,0.631,146.7,2025-01-07 11:06:00
9307,107,svm,0.708,184.1,2025-01-07 11:07:00
9308,108,rf,0.787,213.4,2025-01-07 11:08:00
9309,109,svm,0.68,208.8,2025-01-07 11:09:00
9310,110,rf,0.947,45.5,2025-01-07 11:10:00
9311,111,rf,0.701,141.6,2025-01-07 11:11:00
9312,112,rf,0.595,292.3,2025-01-07 11:12:00
9313,113,svm,0.959,238.1,2025-01-07 11:13:00
9314,114,svm,0.892,240.0,2025-01-07 11:14:00
9315,115,rf,0.875,33.2,2025-01-07 11:15:00
9316,116,xgb,0.954,179.5,2025-01-07 11:16:00
9317,117,xgb,0.734,220.0,2025-01-07 11:17:00
9318,118,rf,0.913,98.2,2025-01-07 11:18:00
9319,119,logreg,0.86,31.9,2025-01-07 11:19:00
9320,120,xgb,0.583,45.7,2025-01-07 11:20:00
9321,121,xgb,0.822,190.1,2025-01-07 11:21:00
9322,122,svm,0.689,85.7,2025-01-07 11:22:00
9323,123,svm,0.622,2.3,2025-01-07 11:23:00
9324,124,svm,0.682,97.8,2025-01-07 11:24:00
9325,125,svm,0.785,16.3,2025-01-07 11:25:00
9326,126,logreg,0.604,100.5,2025-01-07 11:26:00
9327,127,rf,0.745,146.7,2025-01-07 11:27:00
9328,128,svm,0.952,65.7,2025-01-07 11:28:00
9329,129,xgb,0.739,257.5,2025-01-07 11:29:00
9330,130,xgb,0.783,180.6,2025-01-07 11:30:00
9331,131,svm,0.832,123.9,2025-01-07 11:31:00
9332,132,rf,0.755,208.6,2025-01-07 11:32:00
9333,133,xgb,0.696,113.7,2025-01-07 11:33:00
9334,134,xgb,0.965,127.8,2025-01-07 11:34:00
9335,135,rf,0.59,206.0,2025-01-07 11:35:00
9336,136,xgb,0.53,133.8,2025-01-07 11:36:00
9337,137,svm,0.832,120.7,2025-01-07 11:37:00
9338,138,logreg,0.879,12.1,2025-01-07 11:38:00
9339,139,logreg,0.512,216.7,2025-01-07 11:39:00
9340,140,svm,0.832,52.6,2025-01-07 11:40:00
9341,141,rf,0.602,254.7,2025-01-07 11:41:00
9342,142,svm,0.652,10.9,2025-01-07 11:42:00
9343,143,logreg,0.794,268.3,2025-01-07 11:43:00
9344,144,rf,0.687,218.7,2025-01-07 11:44:00
9345,145,xgb,0.836,226.7,2025-01-07 11:45:00
9346,146,xgb,0.788,190.9,2025-01-07 11:46:00
9347,147,rf,0.863,48.1,2025-01-07 11:47:00
9348,148,logreg,0.884,183.2,2025-01-07 11:48:00
9349,149,rf,0.501,101.8,2025-01-07 11:49:00
9350,150,rf,0.735,48.7,2025-01-07 11:50:00
9351,151,logreg,0.521,17.6,2025-01-07 11:51:00
9352,152,xgb,0.933,153.8,2025-01-07 11:52:00
9353,153,logreg,0.718,84.6,2025-01-07 11:53:00
9354,154,logreg,0.882,95.4,2025-01-07 11:54:00
9355,155,svm,0.741,162.9,2025-01-07 11:55:00
9356,156,logreg,0.887,267.3,2025-01-07 11:56:00
9357,157,xgb,0.53,58.9,2025-01-07 11:57:00
9358,158,xgb,0.84,156.0,2025-01-07 11:58:00
9359,159,rf,0.97,294.3,2025-01-07 11:59:00
9360,160,xgb,0.706,173.5,2025-01-07 12:00:00
9361,161,rf,0.942,78.3,2025-01-07 12:01:00
9362,162,logreg,0.679,174.3,2025-01-07 12:02:00
9363,163,xgb,0.863,82.0,2025-01-07 12:03:00
9364,164,logreg,0.506,170.8,2025-01-07 12:04:00
9365,165,rf,0.817,265.9,2025-01-07 12:05:00
9366,166,svm,0.716,208.7,2025-01-07 12:06:00
9367,167,svm,0.949,299.8,2025-01-07 12:07:00
9368,168,xgb,0.677,66.0,2025-01-07 12:08:00
9369,169,logreg,0.84,141.3,2025-01-07 12:09:00
9370,170,svm,0.507,2.1,2025-01-07 12:10:00
9371,171,svm,0.704,144.1,2025-01-07 12:11:00
9372,172,logreg,0.88,16.8,2025-01-07 12:12:00
9373,173,logreg,0.542,271.6,2025-01-07 12:13:00
9374,174,logreg,0.967,46.8,2025-01-07 12:14:00
9375,175,svm,0.576,157.2,2025-01-07 12:15:00
9376,176,xgb,0.751,296.7,2025-01-07 12:16:00
9377,177,logreg,0.837,22.3,2025-01-07 12:17:00
9378,178,logreg,0.626,131.8,2025-01-07 12:18:00
9379,179,rf,0.667,259.8,2025-01-07 12:19:00
9380,180,rf,0.816,282.5,2025-01-07 12:20:00
9381,181,rf,0.664,218.9,2025-01-07 12:21:00
9382,182,logreg,0.766,4.2,2025-01-07 12:22:00
9383,183,xgb,0.536,252.0,2025-01-07 12:23:00
9384,184,logreg,0.685,299.8,2025-01-07 12:24:00
9385,185,svm,0.812,44.2,2025-01-07 12:25:00
9386,186,xgb,0.94,264.2,2025-01-07 12:26:00
9387,187,svm,0.565,205.7,2025-01-07 12:27:00
9388,188,xgb,0.982,202.0,2025-01-07 12:28:00
9389,189,svm,0.541,120.3,2025-01-07 12:29:00
9390,190,rf,0.542,181.6,2025-01-07 12:30:00
9391,191,svm,0.773,157.2,2025-01-07 12:31:00
9392,192,rf,0.956,36.4,2025-01-07 12:32:00
9393,193,rf,0.839,234.1,2025-01-07 12:33:00
9394,194,logreg,0.738,269.6,2025-01-07 12:34:00
9395,195,svm,0.584,144.4,2025-01-07 12:35:00
9396,196,rf,0.855,17.4,2025-01-07 12:36:00
9397,197,svm,0.529,68.6,2025-01-07 12:37:00
9398,198,logreg,0.978,174.1,2025-01-07 12:38:00
9399,199,logreg,0.793,136.5,2025-01-07 12:39:00
9400,0,xgb,0.818,88.8,2025-01-07 12:40:00
9401,1,rf,0.828,98.9,2025-01-07 12:41:00
9402,2,rf,0.545,278.0,2025-01-07 12:42:00
9403,3,rf,0.525,141.2,2025-01-07 12:43:00
9404,4,rf,0.743,221.3,2025-01-07 12:44:00
9405,5,rf,0.856,4.5,2025-01-07 12:45:00
9406,6,rf,0.573,199.9,2025-01-07 12:46:00
9407,7,logreg,0.58,229.0,2025-01-07 12:47:00
9408,8,xgb,0.845,185.7,2025-01-07 12:48:00
9409,9,rf,0.54,296.9,2025-01-07 12:49:00
9410,10,xgb,0.804,265.8,2025-01-07 12:50:00
9411,11,svm,0.943,237.4,2025-01-07 12:51:00
9412,12,logreg,0.632,138.8,2025-01-07 12:52:00
9413,13,svm,0.814,260.6,2025-01-07 12:53:00
9414,14,logreg,0.657,260.3,2025-01-07 12:54:00
9415,15,logreg,0.867,77.1,2025-01-07 12:55:00
9416,16,xgb,0.67,115.7,2025-01-07 12:56:00
9417,17,svm,0.828,50.6,2025-01-07 12:57:00
9418,18,svm,0.541,86.0,2025-01-07 12:58:00
9419,19,svm,0.881,64.1,2025-01-07 12:59:00
9420,20,svm,0.519,238.2,2025-01-07 13:00:00
9421,21,svm,0.546,269.5,2025-01-07 13:01:00
9422,22,xgb,0.617,281.3,2025-01-07 13:02:00
9423,23,xgb,0.926,237.0,2025-01-07 13:03:00
9424,24,logreg,0.863,231.7,2025-01-07 13:04:00
9425,25,logreg,0.686,35.4,2025-01-07 13:05:00
9426,26,logreg,0.876,2.4,2025-01-07 13:06:00
9427,27,svm,0.668,230.3,2025-01-07 13:07:00
9428,28,logreg,0.648,197.5,2025-01-07 13:08:00
9429,29,svm,0.755,185.0,2025-01-07 13:09:00
9430,30,logreg,0.753,24.6,2025-01-07 13:10:00
9431,31,svm,0.788,11.4,2025-01-07 13:11:00
9432,32,rf,0.604,246.0,2025-01-07 13:12:00
9433,33,svm,0.747,52.1,2025-01-07 13:13:00
9434,34,rf,0.83,133.8,2025-01-07 13:14:00
9435,35,svm,0.662,169.9,2025-01-07 13:15:00
9436,36,logreg,0.602,78.3,2025-01-07 13:16:00
9437,37,xgb,0.655,292.2,2025-01-07 13:17:00
9438,38,rf,0.548,35.9,2025-01-07 13:18:00
9439,39,rf,0.946,155.9,2025-01-07 13:19:00
9440,40,rf,0.971,75.8,2025-01-07 13:20:00
9441,41,logreg,0.94,183.3,2025-01-07 13:21:00
9442,42,svm,0.792,245.7,2025-01-07 13:22:00
9443,43,rf,0.619,248.2,2025-01-07 13:23:00
9444,44,logreg,0.558,200.1,2025-01-07 13:24:00
9445,45,rf,0.901,136.7,2025-01-07 13:25:00
9446,46,xgb,0.819,208.3,2025-01-07 13:26:00
9447,47,rf,0.93,12.9,2025-01-07 13:27:00
9448,48,xgb,0.572,257.7,2025-01-07 13:28:00
9449,49,svm,0.576,185.2,2025-01-07 13:29:00
9450,50,logreg,0.825,41.1,2025-01-07 13:30:00
9451,51,svm,0.917,89.7,2025-01-07 13:31:00
9452,52,xgb,0.903,155.6,2025-01-07 13:32:00
9453,53,logreg,0.951,164.9,2025-01-07 13:33:00
9454,54,rf,0.852,43.1,2025-01-07 13:34:00
9455,55,rf,0.918,241.5,2025-01-07 13:35:00
9456,56,logreg,0.976,77.4,2025-01-07 13:36:00
9457,57,svm,0.719,116.6,2025-01-07 13:37:00
9458,58,svm,0.586,75.1,2025-01-07 13:38:00
9459,59,logreg,0.97,145.1,2025-01-07 13:39:00
9460,60,svm,0.834,296.0,2025-01-07 13:40:00
9461,61,xgb,0.539,129.5,2025-01-07 13:41:00
9462,62,logreg,0.59,101.4,2025-01-07 13:42:00
9463,63,rf,0.896,103.9,2025-01-07 13:43:00
9464,64,xgb,0.805,269.2,2025-01-07 13:44:00
9465,65,logreg,0.719,282.9,2025-01-07 13:45:00
9466,66,logreg,0.804,151.5,2025-01-07 13:46:00
9467,67,logreg,0.789,163.0,2025-01-07 13:47:00
9468,68,logreg,0.961,99.9,2025-01-07 13:48:00
9469,69,svm,0.661,78.1,2025-01-07 13:49:00
9470,70,logreg,0.872,290.0,2025-01-07 13:50:00
9471,71,xgb,0.636,35.5,2025-01-07 13:51:00
9472,72,xgb,0.854,174.8,2025-01-07 13:52:00
9473,73,xgb,0.704,267.3,2025-01-07 13:53:00
9474,74,rf,0.839,288.8,2025-01-07 13:54:00
9475,75,logreg,0.589,136.6,2025-01-07 13:55:00
9476,76,rf,0.984,174.8,2025-01-07 13:56:00
9477,77,svm,0.685,75.5,2025-01-07 13:57:00
9478,78,rf,0.554,252.2,2025-01-07 13:58:00
9479,79,svm,0.886,144.1,2025-01-07 13:59:00
9480,80,xgb,0.707,236.7,2025-01-07 14:00:00
9481,81,svm,0.699,276.4,2025-01-07 14:01:00
9482,82,rf,0.981,123.5,2025-01-07 14:02:00
9483,83,logreg,0.567,40.6,2025-01-07 14:03:00
9484,84,xgb,0.925,19.6,2025-01-07 14:04:00
9485,85,logreg,0.514,126.2,2025-01-07 14:05:00
9486,86,svm,0.754,260.1,2025-01-07 14:06:00
9487,87,xgb,0.55,11.5,2025-01-07 14:07:00
9488,88,xgb,0.72,277.2,2025-01-07 14:08:00
9489,89,xgb,0.622,64.7,2025-01-07 14:09:00
9490,90,logreg,0.971,53.7,2025-01-07 14:10:00
9491,91,logreg,0.533,124.7,2025-01-07 14:11:00
9492,92,xgb,0.639,137.5,2025-01-07 14:12:00
9493,93,svm,0.705,258.6,2025-01-07 14:13:00
9494,94,rf,0.564,23.9,2025-01-07 14:14:00
9495,95,rf,0.741,254.4,2025-01-07 14:15:00
9496,96,logreg,0.764,239.6,2025-01-07 14:16:00
9497,97,logreg,0.704,96.4,2025-01-07 14:17:00
9498,98,svm,0.67,258.7,2025-01-07 14:18:00
9499,99,svm,0.752,113.6,2025-01-07 14:19:00
9500,100,svm,0.712,212.9,2025-01-07 14:20:00
9501,101,svm,0.539,279.1,2025-01-07 14:21:00
9502,102,xgb,0.808,165.7,2025-01-07 14:22:00
9503,103,xgb,0.666,23.7,2025-01-07 14:23:00
9504,104,xgb,0.948,157.5,2025-01-07 14:24:00
9505,105,logreg,0.712,13.4,2025-01-07 14:25:00
9506,106,svm,0.909,184.4,2025-01-07 14:26:00
9507,107,logreg,0.789,214.7,2025-01-07 14:27:00
9508,108,svm,0.586,150.9,2025-01-07 14:28:00
9509,109,xgb,0.987,252.4,2025-01-07 14:29:00
9510,110,svm,0.72,11.8,2025-01-07 14:30:00
9511,111,xgb,0.522,24.7,2025-01-07 14:31:00
9512,112,xgb,0.911,51.1,2025-01-07 14:32:00
9513,113,logreg,0.545,220.3,2025-01-07 14:33:00
9514,114,xgb,0.603,48.6,2025-01-07 14:34:00
9515,115,rf,0.602,130.3,2025-01-07 14:35:00
9516,116,logreg,0.756,294.1,2025-01-07 14:36:00
9517,117,xgb,0.886,278.9,2025-01-07 14:37:00
9518,118,logreg,0.767,41.7,2025-01-07 14:38:00
9519,119,svm,0.591,44.1,2025-01-07 14:39:00
9520,120,logreg,0.862,294.5,2025-01-07 14:40:00
9521,121,xgb,0.573,152.2,2025-01-07 14:41:00
9522,122,logreg,0.72,68.7,2025-01-07 14:42:00
9523,123,svm,0.714,24.9,2025-01-07 14:43:00
9524,124,rf,0.699,200.1,2025-01-07 14:44:00
9525,125,xgb,0.904,80.5,2025-01-07 14:45:00
9526,126,svm,0.899,226.6,2025-01-07 14:46:00
9527,127,svm,0.735,103.3,2025-01-07 14:47:00
9528,128,logreg,0.585,286.3,2025-01-07 14:48:00
9529,129,xgb,0.921,255.6,2025-01-07 14:49:00
9530,130,logreg,0.745,214.4,2025-01-07 14:50:00
9531,131,rf,0.527,99.8,2025-01-07 14:51:00
9532,132,svm,0.76,212.0,2025-01-07 14:52:00
9533,133,logreg,0.607,282.5,2025-01-07 14:53:00
9534,134,logreg,0.608,191.2,2025-01-07 14:54:00
9535,135,xgb,0.583,104.0,2025-01-07 14:55:00
9536,136,logreg,0.952,7.8,2025-01-07 14:56:00
9537,137,xgb,0.886,13.5,2025-01-07 14:57:00
9538,138,xgb,0.662,102.0,2025-01-07 14:58:00
9539,139,logreg,0.755,218.2,2025-01-07 14:59:00
9540,140,xgb,0.981,238.9,2025-01-07 15:00:00
9541,141,logreg,0.818,88.7,2025-01-07 15:01:00
9542,142,rf,0.704,291.3,2025-01-07 15:02:00
9543,143,rf,0.676,175.6,2025-01-07 15:03:00
9544,144,svm,0.696,193.8,2025-01-07 15:04:00
9545,145,xgb,0.759,252.6,2025-01-07 15:05:00
9546,146,svm,0.686,4.0,2025-01-07 15:06:00
9547,147,svm,0.752,278.3,2025-01-07 15:07:00
9548,148,svm,0.866,129.9,2025-01-07 15:08:00
9549,149,xgb,0.602,213.8,2025-01-07 15:09:00
9550,150,rf,0.973,49.7,2025-01-07 15:10:00
9551,151,svm,0.673,140.1,2025-01-07 15:11:00
9552,152,logreg,0.514,198.1,2025-01-07 15:12:00
9553,153,logreg,0.937,72.5,2025-01-07 15:13:00
9554,154,svm,0.961,175.2,2025-01-07 15:14:00
9555,155,svm,0.97,127.1,2025-01-07 15:15:00
9556,156,rf,0.739,8.2,2025-01-07 15:16:00
9557,157,svm,0.601,26.5,2025-01-07 15:17:00
9558,158,rf,0.61,286.6,2025-01-07 15:18:00
9559,159,rf,0.84,73.2,2025-01-07 15:19:00
9560,160,logreg,0.545,228.0,2025-01-07 15:20:00
9561,161,xgb,0.767,75.1,2025-01-07 15:21:00
9562,162,logreg,0.769,16.9,2025-01-07 15:22:00
9563,163,rf,0.519,202.4,2025-01-07 15:23:00
9564,164,rf,0.679,66.3,2025-01-07 15:24:00
9565,165,logreg,0.637,242.6,2025-01-07 15:25:00
9566,166,svm,0.698,7.3,2025-01-07 15:26:00
9567,167,logreg,0.741,153.9,2025-01-07 15:27:00
9568,168,logreg,0.535,96.3,2025-01-07 15:28:00
9569,169,logreg,0.679,130.0,2025-01-07 15:29:00
9570,170,svm,0.727,275.0,2025-01-07 15:30:00
9571,171,svm,0.673,148.9,2025-01-07 15:31:00
9572,172,svm,0.8,111.9,2025-01-07 15:32:00
9573,173,svm,0.512,103.4,2025-01-07 15:33:00
9574,174,xgb,0.837,116.6,2025-01-07 15:34:00
9575,175,rf,0.717,90.8,2025-01-07 15:35:00
9576,176,svm,0.929,287.2,2025-01-07 15:36:00
9577,177,svm,0.94,168.2,2025-01-07 15:37:00
9578,178,svm,0.962,207.2,2025-01-07 15:38:00
9579,179,xgb,0.862,199.2,2025-01-07 15:39:00
9580,180,svm,0.57,280.0,2025-01-07 15:40:00
9581,181,logreg,0.938,232.3,2025-01-07 15:41:00
9582,182,xgb,0.88,23.2,2025-01-07 15:42:00
9583,183,svm,0.547,21.1,2025-01-07 15:43:00
9584,184,xgb,0.545,249.8,2025-01-07 15:44:00
9585,185,svm,0.741,213.4,2025-01-07 15:45:00
9586,186,svm,0.573,241.3,2025-01-07 15:46:00
9587,187,rf,0.887,199.8,2025-01-07 15:47:00
9588,188,logreg,0.809,229.7,2025-01-07 15:48:00
9589,189,svm,0.727,8.7,2025-01-07 15:49:00
9590,190,xgb,0.647,17.9,2025-01-07 15:50:00
9591,191,svm,0.835,73.3,2025-01-07 15:51:00
9592,192,rf,0.885,221.6,2025-01-07 15:52:00
9593,193,svm,0.93,86.4,2025-01-07 15:53:00
9594,194,xgb,0.786,299.6,2025-01-07 15:54:00
9595,195,logreg,0.614,193.6,2025-01-07 15:55:00
9596,196,rf,0.782,28.0,2025-01-07 15:56:00
9597,197,rf,0.903,270.5,2025-01-07 15:57:00
9598,198,svm,0.852,198.4,2025-01-07 15:58:00
9599,199,svm,0.734,95.8,2025-01-07 15:59:00
9600,0,rf,0.847,85.4,2025-01-07 16:00:00
9601,1,logreg,0.798,76.6,2025-01-07 16:01:00
9602,2,xgb,0.892,197.0,2025-01-07 16:02:00
9603,3,xgb,0.659,122.6,2025-01-07 16:03:00
9604,4,rf,0.771,178.7,2025-01-07 16:04:00
9605,5,rf,0.6,91.5,2025-01-07 16:05:00
9606,6,xgb,0.628,151.2,2025-01-07 16:06:00
9607,7,svm,0.732,61.4,2025-01-07 16:07:00
9608,8,logreg,0.839,267.9,2025-01-07 16:08:00
9609,9,logreg,0.768,27.1,2025-01-07 16:09:00
9610,10,logreg,0.617,246.0,2025-01-07 16:10:00
9611,11,rf,0.876,46.1,2025-01-07 16:11:00
9612,12,xgb,0.803,265.0,2025-01-07 16:12:00
9613,13,xgb,0.746,298.2,2025-01-07 16:13:00
9614,14,rf,0.545,178.0,2025-01-07 16:14:00
9615,15,svm,0.775,49.7,2025-01-07 16:15:00
9616,16,rf,0.772,193.8,2025-01-07 16:16:00
9617,17,rf,0.783,203.6,2025-01-07 16:17:00
9618,18,svm,0.897,48.2,2025-01-07 16:18:00
9619,19,rf,0.904,33.2,2025-01-07 16:19:00
9620,20,rf,0.751,22.0,2025-01-07 16:20:00
9621,21,xgb,0.594,118.4,2025-01-07 16:21:00
9622,22,xgb,0.546,287.8,2025-01-07 16:22:00
9623,23,xgb,0.873,264.4,2025-01-07 16:23:00
9624,24,logreg,0.74,297.5,2025-01-07 16:24:00
9625,25,rf,0.947,26.4,2025-01-07 16:25:00
9626,26,xgb,0.838,270.7,2025-01-07 16:26:00
9627,27,rf,0.803,266.5,2025-01-07 16:27:00
9628,28,logreg,0.642,97.0,2025-01-07 16:28:00
9629,29,rf,0.555,216.9,2025-01-07 16:29:00
9630,30,xgb,0.511,266.3,2025-01-07 16:30:00
9631,31,xgb,0.633,239.9,2025-01-07 16:31:00
9632,32,svm,0.711,287.5,2025-01-07 16:32:00
9633,33,rf,0.625,156.3,2025-01-07 16:33:00
9634,34,logreg,0.669,248.1,2025-01-07 16:34:00
9635,35,logreg,0.722,225.6,2025-01-07 16:35:00
9636,36,xgb,0.675,258.0,2025-01-07 16:36:00
9637,37,logreg,0.574,23.5,2025-01-07 16:37:00
9638,38,logreg,0.87,63.5,2025-01-07 16:38:00
9639,39,logreg,0.513,59.6,2025-01-07 16:39:00
9640,40,logreg,0.97,151.6,2025-01-07 16:40:00
9641,41,rf,0.545,291.8,2025-01-07 16:41:00
9642,42,rf,0.655,266.8,2025-01-07 16:42:00
9643,43,logreg,0.979,291.3,2025-01-07 16:43:00
9644,44,xgb,0.872,172.4,2025-01-07 16:44:00
9645,45,logreg,0.921,62.5,2025-01-07 16:45:00
9646,46,logreg,0.695,139.0,2025-01-07 16:46:00
9647,47,rf,0.669,182.7,2025-01-07 16:47:00
9648,48,logreg,0.948,258.9,2025-01-07 16:48:00
9649,49,logreg,0.695,181.8,2025-01-07 16:49:00
9650,50,xgb,0.984,75.1,2025-01-07 16:50:00
9651,51,logreg,0.529,148.5,2025-01-07 16:51:00
9652,52,svm,0.756,3.7,2025-01-07 16:52:00
9653,53,rf,0.784,260.1,2025-01-07 16:53:00
9654,54,rf,0.634,15.5,2025-01-07 16:54:00
9655,55,logreg,0.597,55.6,2025-01-07 16:55:00
9656,56,svm,0.606,10.2,2025-01-07 16:56:00
9657,57,logreg,0.665,160.8,2025-01-07 16:57:00
9658,58,logreg,0.644,264.6,2025-01-07 16:58:00
9659,59,xgb,0.805,195.7,2025-01-07 16:59:00
9660,60,xgb,0.729,180.3,2025-01-07 17:00:00
9661,61,rf,0.912,148.4,2025-01-07 17:01:00
9662,62,xgb,0.757,266.9,2025-01-07 17:02:00
9663,63,xgb,0.836,165.6,2025-01-07 17:03:00
9664,64,svm,0.864,107.5,2025-01-07 17:04:00
9665,65,rf,0.604,231.0,2025-01-07 17:05:00
9666,66,logreg,0.883,289.2,2025-01-07 17:06:00
9667,67,svm,0.754,50.4,2025-01-07 17:07:00
9668,68,xgb,0.71,163.3,2025-01-07 17:08:00
9669,69,xgb,0.768,147.2,2025-01-07 17:09:00
9670,70,logreg,0.93,252.5,2025-01-07 17:10:00
9671,71,xgb,0.571,72.9,2025-01-07 17:11:00
9672,72,rf,0.516,208.8,2025-01-07 17:12:00
9673,73,logreg,0.625,109.9,2025-01-07 17:13:00
9674,74,svm,0.703,269.7,2025-01-07 17:14:00
9675,75,svm,0.753,221.7,2025-01-07 17:15:00
9676,76,svm,0.548,70.0,2025-01-07 17:16:00
9677,77,rf,0.564,120.7,2025-01-07 17:17:00
9678,78,rf,0.724,104.2,2025-01-07 17:18:00
9679,79,xgb,0.782,144.8,2025-01-07 17:19:00
9680,80,rf,0.56,108.1,2025-01-07 17:20:00
9681,81,svm,0.502,31.9,2025-01-07 17:21:00
9682,82,svm,0.624,24.8,2025-01-07 17:22:00
9683,83,logreg,0.587,34.7,2025-01-07 17:23:00
9684,84,svm,0.849,211.2,2025-01-07 17:24:00
9685,85,rf,0.536,162.2,2025-01-07 17:25:00
9686,86,rf,0.55,116.6,2025-01-07 17:26:00
9687,87,rf,0.921,263.4,2025-01-07 17:27:00
9688,88,rf,0.544,182.7,2025-01-07 17:28:00
9689,89,logreg,0.867,7.6,2025-01-07 17:29:00
9690,90,svm,0.667,213.1,2025-01-07 17:30:00
9691,91,svm,0.686,105.8,2025-01-07 17:31:00
9692,92,svm,0.586,120.1,2025-01-07 17:32:00
9693,93,xgb,0.686,226.2,2025-01-07 17:33:00
9694,94,xgb,0.745,27.8,2025-01-07 17:34:00
9695,95,svm,0.895,60.3,2025-01-07 17:35:00
9696,96,svm,0.81,95.1,2025-01-07 17:36:00
9697,97,svm,0.915,106.9,2025-01-07 17:37:00
9698,98,logreg,0.886,9.6,2025-01-07 17:38:00
9699,99,xgb,0.986,255.5,2025-01-07 17:39:00
9700,100,rf,0.794,124.7,2025-01-07 17:40:00
9701,101,xgb,0.575,232.9,2025-01-07 17:41:00
9702,102,xgb,0.975,113.5,2025-01-07 17:42:00
9703,103,logreg,0.944,206.4,2025-01-07 17:43:00
9704,104,rf,0.819,218.3,2025-01-07 17:44:00
9705,105,logreg,0.864,241.1,2025-01-07 17:45:00
9706,106,logreg,0.891,70.3,2025-01-07 17:46:00
9707,107,svm,0.822,262.6,2025-01-07 17:47:00
9708,108,svm,0.91,189.7,2025-01-07 17:48:00
9709,109,rf,0.98,176.1,2025-01-07 17:49:00
9710,110,svm,0.514,215.1,2025-01-07 17:50:00
9711,111,rf,0.699,275.7,2025-01-07 17:51:00
9712,112,svm,0.516,34.9,2025-01-07 17:52:00
9713,113,xgb,0.702,208.3,2025-01-07 17:53:00
9714,114,svm,0.92,226.3,2025-01-07 17:54:00
9715,115,rf,0.618,245.1,2025-01-07 17:55:00
9716,116,svm,0.775,57.5,2025-01-07 17:56:00
9717,117,logreg,0.898,11.1,2025-01-07 17:57:00
9718,118,logreg,0.585,146.6,2025-01-07 17:58:00
9719,119,svm,0.849,173.3,2025-01-07 17:59:00
9720,120,rf,0.649,55.2,2025-01-07 18:00:00
9721,121,svm,0.625,184.3,2025-01-07 18:01:00
9722,122,logreg,0.71,99.5,2025-01-07 18:02:00
9723,123,xgb,0.909,294.3,2025-01-07 18:03:00
9724,124,logreg,0.913,209.8,2025-01-07 18:04:00
9725,125,svm,0.914,40.0,2025-01-07 18:05:00
9726,126,svm,0.583,3.3,2025-01-07 18:06:00
9727,127,rf,0.555,290.1,2025-01-07 18:07:00
9728,128,rf,0.818,134.6,2025-01-07 18:08:00
9729,129,svm,0.65,174.4,2025-01-07 18:09:00
9730,130,svm,0.842,96.4,2025-01-07 18:10:00
9731,131,xgb,0.615,202.6,2025-01-07 18:11:00
9732,132,logreg,0.849,165.7,2025-01-07 18:12:00
9733,133,xgb,0.707,272.9,2025-01-07 18:13:00
9734,134,logreg,0.852,206.4,2025-01-07 18:14:00
9735,135,rf,0.526,134.0,2025-01-07 18:15:00
9736,136,logreg,0.773,283.8,2025-01-07 18:16:00
9737,137,xgb,0.835,187.3,2025-01-07 18:17:00
9738,138,svm,0.72,285.7,2025-01-07 18:18:00
9739,139,xgb,0.52,81.9,2025-01-07 18:19:00
9740,140,svm,0.774,27.9,2025-01-07 18:20:00
9741,141,svm,0.585,212.0,2025-01-07 18:21:00
9742,142,xgb,0.654,105.8,2025-01-07 18:22:00
9743,143,xgb,0.886,266.2,2025-01-07 18:23:00
9744,144,xgb,0.814,145.5,2025-01-07 18:24:00
9745,145,logreg,0.849,258.0,2025-01-07 18:25:00
9746,146,logreg,0.781,166.9,2025-01-07 18:26:00
9747,147,xgb,0.524,42.4,2025-01-07 18:27:00
9748,148,svm,0.685,191.5,2025-01-07 18:28:00
9749,149,logreg,0.547,25.8,2025-01-07 18:29:00
9750,150,xgb,0.933,219.0,2025-01-07 18:30:00
9751,151,rf,0.91,259.7,2025-01-07 18:31:00
9752,152,logreg,0.97,202.9,2025-01-07 18:32:00
9753,153,svm,0.536,216.7,2025-01-07 18:33:00
9754,154,rf,0.739,173.5,2025-01-07 18:34:00
9755,155,rf,0.985,36.7,2025-01-07 18:35:00
9756,156,svm,0.957,78.1,2025-01-07 18:36:00
9757,157,logreg,0.849,25.4,2025-01-07 18:37:00
9758,158,rf,0.99,257.0,2025-01-07 18:38:00
9759,159,xgb,0.53,173.4,2025-01-07 18:39:00
9760,160,svm,0.892,52.6,2025-01-07 18:40:00
9761,161,svm,0.928,147.4,2025-01-07 18:41:00
9762,162,svm,0.975,56.2,2025-01-07 18:42:00
9763,163,logreg,0.99,201.1,2025-01-07 18:43:00
9764,164,svm,0.774,251.8,2025-01-07 18:44:00
9765,165,logreg,0.725,17.9,2025-01-07 18:45:00
9766,166,rf,0.81,102.9,2025-01-07 18:46:00
9767,167,xgb,0.664,29.3,2025-01-07 18:47:00
9768,168,rf,0.868,218.4,2025-01-07 18:48:00
9769,169,rf,0.77,49.9,2025-01-07 18:49:00
9770,170,xgb,0.699,172.0,2025-01-07 18:50:00
9771,171,rf,0.801,200.1,2025-01-07 18:51:00
9772,172,logreg,0.857,45.4,2025-01-07 18:52:00
9773,173,logreg,0.677,216.0,2025-01-07 18:53:00
9774,174,xgb,0.769,65.3,2025-01-07 18:54:00
9775,175,svm,0.725,123.6,2025-01-07 18:55:00
9776,176,logreg,0.871,200.9,2025-01-07 18:56:00
9777,177,xgb,0.978,230.8,2025-01-07 18:57:00
9778,178,rf,0.906,57.5,2025-01-07 18:58:00
9779,179,logreg,0.505,227.3,2025-01-07 18:59:00
9780,180,rf,0.719,243.4,2025-01-07 19:00:00
9781,181,logreg,0.755,19.2,2025-01-07 19:01:00
9782,182,logreg,0.95,211.8,2025-01-07 19:02:00
9783,183,logreg,0.868,281.8,2025-01-07 19:03:00
9784,184,xgb,0.58,150.1,2025-01-07 19:04:00
9785,185,rf,0.78,266.9,2025-01-07 19:05:00
9786,186,xgb,0.634,82.1,2025-01-07 19:06:00
9787,187,xgb,0.829,207.8,2025-01-07 19:07:00
9788,188,logreg,0.854,162.7,2025-01-07 19:08:00
9789,189,logreg,0.958,53.6,2025-01-07 19:09:00
9790,190,logreg,0.67,255.9,2025-01-07 19:10:00
9791,191,svm,0.83,81.4,2025-01-07 19:11:00
9792,192,svm,0.694,133.1,2025-01-07 19:12:00
9793,193,logreg,0.731,108.8,2025-01-07 19:13:00
9794,194,svm,0.544,179.8,2025-01-07 19:14:00
9795,195,xgb,0.746,134.6,2025-01-07 19:15:00
9796,196,svm,0.744,173.6,2025-01-07 19:16:00
9797,197,rf,0.921,242.1,2025-01-07 19:17:00
9798,198,xgb,0.651,229.6,2025-01-07 19:18:00
9799,199,xgb,0.53,131.8,2025-01-07 19:19:00
9800,0,xgb,0.695,297.5,2025-01-07 19:20:00
9801,1,xgb,0.529,38.4,2025-01-07 19:21:00
9802,2,logreg,0.825,271.3,2025-01-07 19:22:00
9803,3,svm,0.584,278.0,2025-01-07 19:23:00
9804,4,logreg,0.609,4.0,2025-01-07 19:24:00
9805,5,rf,0.99,139.0,2025-01-07 19:25:00
9806,6,svm,0.88,12.7,2025-01-07 19:26:00
9807,7,logreg,0.611,26.9,2025-01-07 19:27:00
9808,8,svm,0.572,45.4,2025-01-07 19:28:00
9809,9,logreg,0.696,144.1,2025-01-07 19:29:00
9810,10,rf,0.561,212.7,2025-01-07 19:30:00
9811,11,xgb,0.736,190.2,2025-01-07 19:31:00
9812,12,rf,0.53,239.8,2025-01-07 19:32:00
9813,13,xgb,0.696,277.3,2025-01-07 19:33:00
9814,14,logreg,0.794,63.5,2025-01-07 19:34:00
9815,15,xgb,0.741,69.9,2025-01-07 19:35:00
9816,16,svm,0.563,160.3,2025-01-07 19:36:00
9817,17,svm,0.842,48.6,2025-01-07 19:37:00
9818,18,xgb,0.728,268.7,2025-01-07 19:38:00
9819,19,xgb,0.744,53.8,2025-01-07 19:39:00
9820,20,svm,0.868,63.2,2025-01-07 19:40:00
9821,21,rf,0.614,69.6,2025-01-07 19:41:00
9822,22,logreg,0.904,220.3,2025-01-07 19:42:00
9823,23,rf,0.503,208.2,2025-01-07 19:43:00
9824,24,svm,0.57,63.1,2025-01-07 19:44:00
9825,25,rf,0.6,134.3,2025-01-07 19:45:00
9826,26,svm,0.597,70.7,2025-01-07 19:46:00
9827,27,xgb,0.835,190.0,2025-01-07 19:47:00
9828,28,xgb,0.761,110.8,2025-01-07 19:48:00
9829,29,rf,0.563,194.1,2025-01-07 19:49:00
9830,30,rf,0.632,66.5,2025-01-07 19:50:00
9831,31,rf,0.79,240.5,2025-01-07 19:51:00
9832,32,svm,0.869,206.4,2025-01-07 19:52:00
9833,33,rf,0.734,126.9,2025-01-07 19:53:00
9834,34,logreg,0.765,268.2,2025-01-07 19:54:00
9835,35,logreg,0.645,253.4,2025-01-07 19:55:00
9836,36,svm,0.651,218.6,2025-01-07 19:56:00
9837,37,xgb,0.547,147.4,2025-01-07 19:57:00
9838,38,xgb,0.727,200.9,2025-01-07 19:58:00
9839,39,logreg,0.642,97.6,2025-01-07 19:59:00
9840,40,xgb,0.808,135.6,2025-01-07 20:00:00
9841,41,logreg,0.756,109.4,2025-01-07 20:01:00
9842,42,xgb,0.629,288.5,2025-01-07 20:02:00
9843,43,xgb,0.811,172.1,2025-01-07 20:03:00
9844,44,xgb,0.796,184.5,2025-01-07 20:04:00
9845,45,logreg,0.948,203.4,2025-01-07 20:05:00
9846,46,xgb,0.832,25.0,2025-01-07 20:06:00
9847,47,svm,0.511,50.3,2025-01-07 20:07:00
9848,48,svm,0.871,247.5,2025-01-07 20:08:00
9849,49,logreg,0.972,239.6,2025-01-07 20:09:00
9850,50,rf,0.834,218.5,2025-01-07 20:10:00
9851,51,xgb,0.662,119.4,2025-01-07 20:11:00
9852,52,logreg,0.93,221.2,2025-01-07 20:12:00
9853,53,logreg,0.813,230.5,2025-01-07 20:13:00
9854,54,logreg,0.817,67.7,2025-01-07 20:14:00
9855,55,svm,0.742,141.8,2025-01-07 20:15:00
9856,56,svm,0.906,173.5,2025-01-07 20:16:00
9857,57,logreg,0.621,168.3,2025-01-07 20:17:00
9858,58,svm,0.855,27.6,2025-01-07 20:18:00
9859,59,rf,0.613,101.1,2025-01-07 20:19:00
9860,60,svm,0.572,141.4,2025-01-07 20:20:00
9861,61,xgb,0.575,98.3,2025-01-07 20:21:00
9862,62,logreg,0.619,203.4,2025-01-07 20:22:00
9863,63,svm,0.601,203.3,2025-01-07 20:23:00
9864,64,logreg,0.612,181.5,2025-01-07 20:24:00
9865,65,svm,0.949,87.4,2025-01-07 20:25:00
9866,66,xgb,0.773,105.0,2025-01-07 20:26:00
9867,67,svm,0.703,131.2,2025-01-07 20:27:00
9868,68,svm,0.597,141.5,2025-01-07 20:28:00
9869,69,logreg,0.606,17.0,2025-01-07 20:29:00
9870,70,rf,0.508,44.8,2025-01-07 20:30:00
9871,71,logreg,0.961,114.7,2025-01-07 20:31:00
9872,72,logreg,0.609,223.1,2025-01-07 20:32:00
9873,73,xgb,0.672,117.8,2025-01-07 20:33:00
9874,74,logreg,0.6,211.6,2025-01-07 20:34:00
9875,75,xgb,0.583,219.2,2025-01-07 20:35:00
9876,76,svm,0.95,136.2,2025-01-07 20:36:00
9877,77,xgb,0.793,20.5,2025-01-07 20:37:00
9878,78,logreg,0.502,29.7,2025-01-07 20:38:00
9879,79,rf,0.516,4.1,2025-01-07 20:39:00
9880,80,logreg,0.694,291.1,2025-01-07 20:40:00
9881,81,rf,0.866,63.2,2025-01-07 20:41:00
9882,82,xgb,0.703,92.0,2025-01-07 20:42:00
9883,83,logreg,0.879,167.7,2025-01-07 20:43:00
9884,84,xgb,0.826,154.7,2025-01-07 20:44:00
9885,85,svm,0.809,84.5,2025-01-07 20:45:00
9886,86,logreg,0.986,238.7,2025-01-07 20:46:00
9887,87,rf,0.794,149.2,2025-01-07 20:47:00
9888,88,logreg,0.643,281.4,2025-01-07 20:48:00
9889,89,svm,0.813,168.2,2025-01-07 20:49:00
9890,90,rf,0.64,225.6,2025-01-07 20:50:00
9891,91,xgb,0.851,126.1,2025-01-07 20:51:00
9892,92,svm,0.625,148.6,2025-01-07 20:52:00
9893,93,xgb,0.837,290.6,2025-01-07 20:53:00
9894,94,logreg,0.876,264.8,2025-01-07 20:54:00
9895,95,svm,0.564,283.1,2025-01-07 20:55:00
9896,96,rf,0.823,117.3,2025-01-07 20:56:00
9897,97,svm,0.95,27.3,2025-01-07 20:57:00
9898,98,xgb,0.717,239.9,2025-01-07 20:58:00
9899,99,svm,0.863,133.3,2025-01-07 20:59:00
9900,100,xgb,0.979,82.8,2025-01-07 21:00:00
9901,101,svm,0.674,182.3,2025-01-07 21:01:00
9902,102,logreg,0.749,186.1,2025-01-07 21:02:00
9903,103,rf,0.694,224.3,2025-01-07 21:03:00
9904,104,rf,0.573,14.5,2025-01-07 21:04:00
9905,105,logreg,0.637,240.9,2025-01-07 21:05:00
9906,106,xgb,0.63,67.5,2025-01-07 21:06:00
9907,107,xgb,0.676,159.0,2025-01-07 21:07:00
9908,108,svm,0.587,34.5,2025-01-07 21:08:00
9909,109,rf,0.836,117.3,2025-01-07 21:09:00
9910,110,xgb,0.747,20.0,2025-01-07 21:10:00
9911,111,rf,0.603,260.5,2025-01-07 21:11:00
9912,112,logreg,0.805,115.1,2025-01-07 21:12:00
9913,113,rf,0.943,176.6,2025-01-07 21:13:00
9914,114,rf,0.604,121.3,2025-01-07 21:14:00
9915,115,logreg,0.635,129.7,2025-01-07 21:15:00
9916,116,rf,0.822,264.5,2025-01-07 21:16:00
9917,117,logreg,0.54,54.0,2025-01-07 21:17:00
9918,118,svm,0.522,226.6,2025-01-07 21:18:00
9919,119,logreg,0.842,293.7,2025-01-07 21:19:00
9920,120,logreg,0.848,213.6,2025-01-07 21:20:00
9921,121,rf,0.813,271.0,2025-01-07 21:21:00
9922,122,rf,0.521,248.7,2025-01-07 21:22:00
9923,123,rf,0.654,181.1,2025-01-07 21:23:00
9924,124,xgb,0.606,40.2,2025-01-07 21:24:00
9925,125,logreg,0.85,198.8,2025-01-07 21:25:00
9926,126,rf,0.549,67.8,2025-01-07 21:26:00
9927,127,svm,0.655,1.1,2025-01-07 21:27:00
9928,128,rf,0.582,102.3,2025-01-07 21:28:00
9929,129,logreg,0.595,156.1,2025-01-07 21:29:00
9930,130,rf,0.986,265.4,2025-01-07 21:30:00
9931,131,rf,0.59,89.0,2025-01-07 21:31:00
9932,132,svm,0.92,29.3,2025-01-07 21:32:00
9933,133,rf,0.946,168.1,2025-01-07 21:33:00
9934,134,logreg,0.866,196.6,2025-01-07 21:34:00
9935,135,rf,0.793,182.7,2025-01-07 21:35:00
9936,136,rf,0.593,121.0,2025-01-07 21:36:00
9937,137,svm,0.518,107.5,2025-01-07 21:37:00
9938,138,rf,0.782,201.9,2025-01-07 21:38:00
9939,139,xgb,0.908,173.3,2025-01-07 21:39:00
9940,140,logreg,0.54,130.5,2025-01-07 21:40:00
9941,141,logreg,0.538,3.3,2025-01-07 21:41:00
9942,142,rf,0.815,183.5,2025-01-07 21:42:00
9943,143,xgb,0.793,62.0,2025-01-07 21:43:00
9944,144,xgb,0.868,284.4,2025-01-07 21:44:00
9945,145,svm,0.508,275.6,2025-01-07 21:45:00
9946,146,rf,0.794,26.0,2025-01-07 21:46:00
9947,147,xgb,0.602,43.0,2025-01-07 21:47:00
9948,148,xgb,0.637,106.6,2025-01-07 21:48:00
9949,149,xgb,0.521,261.6,2025-01-07 21:49:00
9950,150,svm,0.52,16.6,2025-01-07 21:50:00
9951,151,xgb,0.734,203.2,2025-01-07 21:51:00
9952,152,logreg,0.743,157.1,2025-01-07 21:52:00
9953,153,svm,0.689,215.2,2025-01-07 21:53:00
9954,154,svm,0.765,117.2,2025-01-07 21:54:00
9955,155,rf,0.533,275.5,2025-01-07 21:55:00
9956,156,xgb,0.944,236.9,2025-01-07 21:56:00
9957,157,xgb,0.853,195.3,2025-01-07 21:57:00
9958,158,rf,0.987,178.0,2025-01-07 21:58:00
9959,159,svm,0.962,129.4,2025-01-07 21:59:00
9960,160,logreg,0.83,51.2,2025-01-07 22:00:00
9961,161,rf,0.772,15.4,2025-01-07 22:01:00
9962,162,rf,0.766,269.9,2025-01-07 22:02:00
9963,163,xgb,0.923,213.4,2025-01-07 22:03:00
9964,164,xgb,0.929,184.8,2025-01-07 22:04:00
9965,165,xgb,0.596,55.5,2025-01-07 22:05:00
9966,166,svm,0.786,223.9,2025-01-07 22:06:00
9967,167,logreg,0.785,274.7,2025-01-07 22:07:00
9968,168,rf,0.71,46.0,2025-01-07 22:08:00
9969,169,rf,0.887,245.0,2025-01-07 22:09:00
9970,170,svm,0.794,166.9,2025-01-07 22:10:00
9971,171,rf,0.914,264.6,2025-01-07 22:11:00
9972,172,logreg,0.81,171.6,2025-01-07 22:12:00
9973,173,logreg,0.921,15.5,2025-01-07 22:13:00
9974,174,svm,0.676,103.8,2025-01-07 22:14:00
9975,175,rf,0.532,226.6,2025-01-07 22:15:00
9976,176,xgb,0.888,2.8,2025-01-07 22:16:00
9977,177,rf,0.698,83.0,2025-01-07 22:17:00
9978,178,rf,0.961,267.1,2025-01-07 22:18:00
9979,179,rf,0.624,224.4,2025-01-07 22:19:00
9980,180,logreg,0.912,263.1,2025-01-07 22:20:00
9981,181,rf,0.839,150.4,2025-01-07 22:21:00
9982,182,rf,0.626,241.5,2025-01-07 22:22:00
9983,183,xgb,0.634,169.6,2025-01-07 22:23:00
9984,184,svm,0.637,262.7,2025-01-07 22:24:00
9985,185,rf,0.902,4.5,2025-01-07 22:25:00
9986,186,svm,0.906,273.6,2025-01-07 22:26:00
9987,187,rf,0.703,40.4,2025-01-07 22:27:00
9988,188,logreg,0.629,120.1,2025-01-07 22:28:00
9989,189,xgb,0.835,191.7,2025-01-07 22:29:00
9990,190,svm,0.78,13.1,2025-01-07 22:30:00
9991,191,svm,0.569,294.9,2025-01-07 22:31:00
9992,192,rf,0.649,199.9,2025-01-07 22:32:00
9993,193,rf,0.642,108.4,2025-01-07 22:33:00
9994,194,logreg,0.945,54.6,2025-01-07 22:34:00
9995,195,xgb,0.83,188.5,2025-01-07 22:35:00
9996,196,svm,0.723,226.1,2025-01-07 22:36:00
9997,197,rf,0.93,242.1,2025-01-07 22:37:00
9998,198,xgb,0.522,117.8,2025-01-07 22:38:00
9999,199,svm,0.743,157.8,2025-01-07 22:39:00
5,5,logreg,0.608,177.2,2025-01-01 00:05:00
250,50,xgb,0.631,40.2,2025-01-01 04:10:00
4000,0,logreg,0.781,157.3,2025-01-03 18:40:00
